depmap_id,RTR_score_combined_rank_0_1,combined_RTR_quadrant,secondary_repair_preservation,secondary_repair_preservation_rank,secondary_removal_vulnerability,secondary_removal_vulnerability_rank,primary_repair_preservation,primary_repair_preservation_rank,primary_removal_vulnerability,primary_removal_vulnerability_rank,combined_repair_preservation_rank,combined_removal_vulnerability_rank,RTR_high_removal_high_quadrant_combined,RTR_high_top20pct,RTR_low_bottom20pct
ACH-000389,0.9946330738177624,repair-high / removal-high,1.32080579824196,0.99375,0.2128961913773605,0.69375,-0.010800198912945,0.5432525951557093,0.998326806166,0.9878892733564014,0.7685012975778547,0.8408196366782007,True,True,False
ACH-001205,0.9930795847750864,repair-low / removal-high,,,,,-0.1166002070835,0.1228373702422145,1.14657022822,0.9948096885813148,0.1228373702422145,0.9948096885813148,False,True,False
ACH-000446,0.9775086505190312,repair-low / removal-high,,,,,-0.2147665102625,0.0121107266435986,1.068963385865,0.991349480968858,0.0121107266435986,0.991349480968858,False,True,False
ACH-000013,0.9767661476355248,repair-high / removal-high,1.15020730861595,0.9041666666666668,0.248596348407996,0.8875,0.184684494973,0.9878892733564014,0.69614757413,0.903114186851211,0.946027970011534,0.8953070934256055,True,True,False
ACH-001078_FAILED_STR,0.9757785467128028,repair-low / removal-high,,,,,-0.0661687587243499,0.301038062283737,0.9191908761775,0.9826989619377162,0.301038062283737,0.9826989619377162,False,True,False
ACH-000499,0.9705882352941176,repair-high / removal-high,,,,,-0.00257671244252,0.5761245674740484,0.836175946057,0.9619377162629758,0.5761245674740484,0.9619377162629758,True,True,False
ACH-000925_FAILED_STR,0.967128027681661,repair-low / removal-high,,,,,-0.0822657118144,0.2301038062283737,0.904732643956,0.9757785467128028,0.2301038062283737,0.9757785467128028,False,True,False
ACH-000163,0.9601535467128028,repair-high / removal-high,1.08792181296277,0.8145833333333333,0.3106366786744245,0.9979166666666668,0.2994923967339999,0.9982698961937716,0.4851131250935,0.643598615916955,0.9064266147635524,0.8207576412918108,True,True,False
ACH-000200,0.9567474048442908,repair-high / removal-high,,,,,0.0845323414902,0.8650519031141869,0.7149510860035,0.916955017301038,0.8650519031141869,0.916955017301038,True,True,False
ACH-000879,0.9555795847750864,repair-high / removal-high,1.095333616492,0.8270833333333333,0.253683669984699,0.9104166666666668,-0.0509143562672499,0.3512110726643598,0.97413371086,0.9844290657439446,0.5891472029988466,0.9474228662053056,True,True,False
ACH-000400,0.9480968858131488,repair-high / removal-high,,,,,0.1602185799845,0.9705882352941176,0.6162336663205,0.8339100346020761,0.9705882352941176,0.8339100346020761,True,True,False
ACH-000913,0.9468425605536333,repair-high / removal-high,1.15280475662799,0.9104166666666668,0.2479205947404495,0.8833333333333333,0.00394378708894,0.6176470588235294,0.686853722707,0.8979238754325259,0.764031862745098,0.8906286043829297,True,True,False
ACH-000430,0.9463667820069204,repair-low / removal-high,,,,,-0.0569919028536,0.3252595155709342,0.8242457217135,0.9550173010380624,0.3252595155709342,0.9550173010380624,False,True,False
ACH-001022,0.944636678200692,repair-low / removal-high,,,,,-0.115534684066,0.129757785467128,0.881234102945,0.9705882352941176,0.129757785467128,0.9705882352941176,False,True,False
ACH-000866,0.9405384948096888,repair-high / removal-high,1.070959260799095,0.7854166666666667,0.2829345782004218,0.975,-0.04729864571295,0.3667820069204152,0.83084536565,0.9584775086505192,0.576099336793541,0.9667387543252596,True,True,False
ACH-000269,0.9394463667820068,repair-low / removal-high,,,,,-0.246934561705,0.0051903114186851,0.9966993542575,0.986159169550173,0.0051903114186851,0.986159169550173,False,True,False
ACH-000905,0.9360726643598616,repair-high / removal-high,1.12251158804041,0.86875,0.248153219268861,0.8854166666666666,0.1395507713825,0.9567474048442908,0.566722117029,0.7768166089965398,0.9127487024221452,0.8311166378316033,True,True,False
ACH-000897,0.9345912629757784,repair-high / removal-high,1.25227818950819,0.98125,0.232590155028691,0.8354166666666667,0.173089699917,0.9775086505190312,0.446721948765,0.5743944636678201,0.9793793252595157,0.7049055651672433,True,True,False
ACH-000391,0.9339172433679356,repair-low / removal-high,1.066060886422845,0.78125,0.266362326712138,0.9458333333333332,-0.09648645376905,0.1782006920415225,0.914225921748,0.9775086505190312,0.4797253460207612,0.9616709919261822,False,True,False
ACH-000834,0.928993656286044,repair-high / removal-high,1.13442674873958,0.8895833333333333,0.256588146055394,0.9229166666666668,0.037923240246,0.7370242214532872,0.612408439778,0.8252595155709342,0.8133037773933103,0.8740880911188005,True,True,False
ACH-000475,0.9238754325259516,repair-high / removal-high,,,,,0.1805938251395,0.9826989619377162,0.527148733993,0.7231833910034602,0.9826989619377162,0.7231833910034602,True,True,False
ACH-000418,0.9215614186851212,repair-high / removal-high,1.18293569099781,0.9375,0.209882486610886,0.66875,0.04417376453605,0.7664359861591695,0.577551732277,0.7975778546712803,0.8519679930795847,0.7331639273356401,True,True,False
ACH-000460_FAILED_STR,0.9204152249134948,repair-high / removal-high,,,,,0.03734703970455,0.7335640138408305,0.66742854071,0.8858131487889274,0.7335640138408305,0.8858131487889274,True,True,False
ACH-000364,0.9203791810841984,repair-high / removal-high,1.2048291123774,0.9604166666666668,0.214190211578156,0.70625,-0.0424169870441,0.3961937716262976,0.653631154753,0.8719723183391004,0.6783052191464821,0.7891111591695502,True,True,False
ACH-000496,0.918468858131488,repair-high / removal-high,1.03136519368486,0.7083333333333334,0.2780468417739294,0.9666666666666668,0.1780950666025,0.980968858131488,0.632831861458,0.856401384083045,0.8446510957324107,0.9115340253748558,True,True,False
ACH-001099,0.916955017301038,repair-low / removal-high,,,,,-0.0916803478959,0.1955017301038062,0.7756625289029999,0.9429065743944636,0.1955017301038062,0.9429065743944636,False,True,False
ACH-000669,0.9156826701268744,repair-high / removal-high,1.23047977349896,0.9666666666666668,0.1641100423360779,0.23125,0.0386215427243,0.740484429065744,0.575947644756,0.7941176470588235,0.8535755478662053,0.5126838235294118,True,True,False
ACH-000052,0.9118656286043828,repair-high / removal-high,1.05885584079091,0.76875,0.240322643658071,0.8625,0.0100328088280049,0.6366782006920415,0.808764904803,0.9515570934256056,0.7027141003460208,0.9070285467128028,True,True,False
ACH-000054,0.9109645328719724,repair-high / removal-high,1.05381828377032,0.75625,0.2276355658410179,0.8104166666666667,0.09666365703175,0.8927335640138409,0.793340772886,0.9480968858131488,0.8244917820069204,0.8792567762399077,True,True,False
ACH-000213,0.9048442906574394,repair-low / removal-high,,,,,-0.0901462721401,0.2041522491349481,0.748474673396,0.9290657439446368,0.2041522491349481,0.9290657439446368,False,True,False
ACH-000010_FAILED_STR,0.903114186851211,repair-low / removal-high,,,,,-0.161625421134,0.0415224913494809,0.815927918221,0.953287197231834,0.0415224913494809,0.953287197231834,False,True,False
ACH-000078,0.8979238754325259,repair-high / removal-high,,,,,0.1185825050355,0.9377162629757786,0.5297206764619999,0.726643598615917,0.9377162629757786,0.726643598615917,True,True,False
ACH-001210,0.8961937716262975,repair-high / removal-high,,,,,0.0658834158932,0.8304498269896193,0.578981717161,0.801038062283737,0.8304498269896193,0.801038062283737,True,True,False
ACH-000147,0.8953251153402537,repair-high / removal-high,1.12332705230241,0.8729166666666667,0.202676532297087,0.5979166666666667,0.0432512250266,0.7612456747404844,0.5917488327685001,0.8079584775086506,0.8170811707035756,0.7029375720876586,True,True,False
ACH-000848,0.8935085063437139,repair-high / removal-high,1.13164926526836,0.88125,0.2381968731793998,0.85625,-0.0702580559285,0.2889273356401384,0.668524603762,0.8875432525951558,0.5850886678200692,0.8718966262975778,True,True,False
ACH-000139,0.8910863610149942,repair-high / removal-high,1.035029448643,0.7145833333333333,0.2574245476313017,0.925,0.0589226800066,0.8027681660899654,0.681202932072,0.8961937716262975,0.7586757497116494,0.9105968858131488,True,True,False
ACH-000794,0.889273356401384,repair-low / removal-high,,,,,-0.101949557389,0.1591695501730103,0.731594701719,0.9238754325259516,0.1591695501730103,0.9238754325259516,False,True,False
ACH-000573,0.8882641291810842,repair-high / removal-high,1.13310031982033,0.8833333333333333,0.207132683001636,0.6458333333333334,0.029379307862,0.7041522491349481,0.5815904522995,0.8044982698961938,0.7937427912341407,0.7251658016147635,True,True,False
ACH-000518,0.8875432525951558,repair-high / removal-high,,,,,0.01753357713795,0.6678200692041523,0.610763591876,0.8183391003460208,0.6678200692041523,0.8183391003460208,True,True,False
ACH-000133,0.8836541234140716,repair-high / removal-high,1.087279415545615,0.8125,0.2096298680677729,0.6666666666666666,0.0184381806883,0.6730103806228374,0.662284022638,0.8788927335640139,0.7427551903114187,0.7727797001153403,True,True,False
ACH-000378,0.8823529411764706,repair-high / removal-high,,,,,0.007803608375425,0.6280276816608996,0.616736443482,0.8391003460207612,0.6280276816608996,0.8391003460207612,True,True,False
ACH-000356,0.8792387543252596,repair-high / removal-high,0.984539649965299,0.55625,0.274703872545047,0.9625,0.03358872821225,0.7214532871972318,0.772616832173,0.9394463667820068,0.6388516435986159,0.9509731833910036,True,True,False
ACH-001212,0.8771626297577855,repair-high / removal-high,,,,,-0.003275738800825,0.5726643598615917,0.6239127254129999,0.8442906574394463,0.5726643598615917,0.8442906574394463,True,True,False
ACH-000849,0.8756379757785466,repair-high / removal-high,1.0458323968817,0.7354166666666667,0.2257222797283055,0.79375,0.0232787614012,0.6851211072664359,0.7139768589815001,0.9152249134948096,0.7102688869665513,0.8544874567474048,True,True,False
ACH-000803,0.8749891868512111,repair-high / removal-high,1.13836497954008,0.8979166666666667,0.2275568279662849,0.8083333333333333,0.0540196587042,0.7889273356401384,0.512971928057,0.6972318339100346,0.8434220011534026,0.7527825836216839,True,True,False
ACH-000685,0.8723039215686275,repair-high / removal-high,1.079365808568315,0.8020833333333334,0.241243469590868,0.8645833333333334,0.0300608776082,0.7093425605536332,0.573302717786,0.7889273356401384,0.7557129469434833,0.8267553344867359,True,True,False
ACH-000833,0.8688292964244522,repair-high / removal-high,1.23653250091846,0.9729166666666668,0.1901665084634629,0.4979166666666667,-0.012290992228,0.532871972318339,0.547646847913,0.7525951557093425,0.7528943194925029,0.6252559111880046,True,True,False
ACH-000505,0.8634803921568628,repair-high / removal-high,1.28040746184988,0.9854166666666668,0.1985044363000125,0.5583333333333333,-0.0001628906701175,0.5847750865051903,0.525165792855,0.7162629757785467,0.7850958765859285,0.63729815455594,True,True,False
ACH-000255,0.8625180219146482,repair-high / removal-high,0.982098786292542,0.5395833333333333,0.251662221801322,0.8958333333333334,0.0845484547097,0.8667820069204152,0.902320011913,0.9740484429065744,0.7031826701268742,0.934940888119954,True,True,False
ACH-000407,0.8622549019607844,repair-high / removal-high,1.016003538090585,0.65625,0.237018482848886,0.85,-0.037185119772,0.416955017301038,0.793754882406,0.9498269896193772,0.5366025086505191,0.8999134948096885,True,True,False
ACH-000242,0.8609140715109573,repair-low / removal-high,1.04943560717064,0.7416666666666667,0.2179670713295665,0.7458333333333333,-0.105262183089,0.1522491349480969,0.778175363552,0.944636678200692,0.4469579008073818,0.8452350057670127,False,True,False
ACH-000982,0.8597282295271049,repair-low / removal-high,0.926417150868921,0.1708333333333333,0.301886972842471,0.9916666666666668,-0.0780791216319,0.2525951557093425,1.17284363911,0.9965397923875432,0.2117142445213379,0.994103229527105,False,True,False
ACH-000946,0.8552443771626297,repair-high / removal-high,0.9612063615527064,0.425,0.2693479766457339,0.95625,0.121039440842,0.9411764705882352,0.74512255261,0.9273356401384084,0.6830882352941177,0.9417928200692042,True,True,False
ACH-000909,0.8550677623990772,repair-low / removal-high,0.920680782997833,0.1270833333333333,0.3085842059688767,0.9958333333333332,0.0247940375344,0.6903114186851211,0.851989419104,0.9653979238754326,0.4086973760092272,0.980615628604383,False,True,False
ACH-000756,0.8545919838523645,repair-low / removal-high,0.959116420498583,0.40625,0.2797044570958225,0.9708333333333332,-0.0364106724140999,0.4186851211072664,0.833871648442,0.9602076124567474,0.4124675605536332,0.9655204728950404,False,True,False
ACH-000169,0.8521085640138408,repair-high / removal-high,1.05697593858528,0.7666666666666667,0.284565814231272,0.9770833333333332,0.1043247225555999,0.9065743944636678,0.453448181699,0.583044982698962,0.8366205305651673,0.7800641580161476,True,True,False
ACH-000632,0.8492106401384083,repair-high / removal-high,1.11594812902597,0.8604166666666667,0.1708298079369079,0.2833333333333333,0.0316247754602,0.7162629757785467,0.572790366951,0.7854671280276817,0.7883398212226067,0.5344002306805076,True,True,False
ACH-000469,0.8487204440599769,repair-high / removal-high,1.20311155304324,0.95625,0.188626292091558,0.4833333333333333,0.04677111658045,0.7681660899653979,0.479182573924,0.6280276816608996,0.862208044982699,0.5556805074971165,True,True,False
ACH-001193,0.8442906574394463,repair-low / removal-high,,,,,-0.04514979714255,0.3823529411764705,0.64464944093,0.8633217993079585,0.3823529411764705,0.8633217993079585,False,True,False
ACH-000041,0.8408304498269896,repair-low / removal-high,,,,,-0.0640050695983,0.3114186851211072,0.662644312403,0.8806228373702422,0.3114186851211072,0.8806228373702422,False,True,False
ACH-000973,0.839637399077278,repair-high / removal-high,0.978278966159033,0.5145833333333333,0.2464122533675519,0.875,0.0669802415737499,0.8321799307958477,0.759287940405,0.9307958477508652,0.6733816320645905,0.9028979238754326,True,True,False
ACH-000273,0.8333189158016148,repair-low / removal-high,1.02706493103682,0.7020833333333333,0.2140331869304728,0.7041666666666667,-0.118436630426,0.115916955017301,0.782336610801,0.9463667820069204,0.4090001441753171,0.8252667243367935,False,True,False
ACH-000847,0.8317798442906574,repair-high / removal-high,0.993754459035013,0.5833333333333334,0.221509549565544,0.7666666666666667,0.4209704164815,1.0,0.616315005115,0.8356401384083045,0.7916666666666667,0.8011534025374856,True,True,False
ACH-000415,0.8314482410611304,repair-low / removal-high,0.990506694299726,0.575,0.2604027366652419,0.93125,-0.0761187118102,0.259515570934256,0.702497612921,0.9083044982698962,0.417257785467128,0.919777249134948,False,True,False
ACH-000276,0.8310301326412919,repair-high / removal-high,1.14672663924944,0.9,0.2081457187832119,0.6520833333333333,0.0927569615343,0.8788927335640139,0.423104135709,0.5069204152249135,0.889446366782007,0.5795018742791234,True,True,False
ACH-000040,0.8309400230680508,repair-high / removal-low,1.12031541500129,0.8666666666666667,0.1938874946396085,0.525,0.151838331947,0.9653979238754326,0.400458947222,0.4550173010380622,0.9160322952710496,0.4900086505190311,False,True,False
ACH-000950,0.8256451845444059,repair-high / removal-high,1.09063862381231,0.8208333333333333,0.2530613496744345,0.9020833333333332,-0.04055295091805,0.4031141868512111,0.556645410937,0.7612456747404844,0.6119737600922722,0.8316645040369088,True,True,False
ACH-000986,0.8217993079584776,repair-low / removal-high,,,,,-0.0943952171728,0.1868512110726643,0.678880714135,0.8927335640138409,0.1868512110726643,0.8927335640138409,False,True,False
ACH-001029,0.8200692041522492,repair-low / removal-high,,,,,-0.0633113255274,0.3131487889273356,0.64759354044,0.8667820069204152,0.3131487889273356,0.8667820069204152,False,True,False
ACH-000511_FAILED_STR,0.8183391003460208,repair-high / removal-high,,,,,0.09376221979825,0.8823529411764706,0.490468679437,0.6539792387543253,0.8823529411764706,0.6539792387543253,True,True,False
ACH-000296,0.8171316320645905,repair-high / removal-high,1.0742327393584,0.79375,0.1878278857731909,0.4791666666666667,0.0636749965087,0.8217993079584776,0.5303741917555,0.7318339100346021,0.8077746539792388,0.6055002883506344,True,True,False
ACH-000736,0.8158016147635525,repair-low / removal-high,0.90607520867978,0.075,0.3009181926849742,0.9895833333333334,-0.09054685893675,0.2006920415224913,1.21414851413,0.9982698961937716,0.1378460207612456,0.9939266147635524,False,True,False
ACH-000186,0.813447952710496,repair-high / removal-high,1.18290505657229,0.9354166666666668,0.2159446123902415,0.7270833333333333,0.1158599691225,0.9307958477508652,0.361344899413,0.3892733564013841,0.9331062572087658,0.5581783448673587,True,True,False
ACH-000366,0.8131487889273357,repair-high / removal-high,,,,,0.134850055947,0.953287197231834,0.4377074535874999,0.5449826989619377,0.953287197231834,0.5449826989619377,True,True,False
ACH-000096,0.811652970011534,repair-low / removal-high,0.92579164621634,0.1645833333333333,0.2818220289799296,0.9729166666666668,-0.1252359797684999,0.1003460207612456,1.08888951071,0.9930795847750864,0.1324646770472895,0.9829981257208766,False,True,False
ACH-001318,0.8095227797001154,repair-high / removal-high,1.082020961754605,0.8041666666666667,0.1840875973188934,0.43125,0.1205416685945,0.9394463667820068,0.457921747354,0.5916955017301038,0.8718065167243367,0.5114727508650518,True,True,False
ACH-000885,0.804909169550173,repair-low / removal-high,0.933191630496808,0.2020833333333333,0.2745483478712139,0.9604166666666668,-0.0785947688062499,0.2474048442906574,0.914248065314,0.9792387543252596,0.2247440888119953,0.9698277104959632,False,True,False
ACH-000666,0.8042856113033449,repair-high / removal-low,1.24374984305852,0.9791666666666666,0.1706703708732679,0.2791666666666667,0.1171371459255,0.9325259515570934,0.346736043357,0.3598615916955017,0.95584630911188,0.3195141291810842,False,True,False
ACH-000249,0.8027681660899654,repair-high / removal-high,,,,,0.01258320555615,0.6522491349480969,0.553346095015,0.7577854671280276,0.6522491349480969,0.7577854671280276,True,True,False
ACH-000264,0.8012759515570935,repair-low / removal-high,0.9646197377278728,0.4458333333333333,0.2692050899311989,0.9541666666666668,-0.0913758592738,0.1989619377162629,0.705618405624,0.9117647058823528,0.3223976355247981,0.9329656862745098,False,True,False
ACH-000481,0.7947628316032296,repair-high / removal-high,1.026590766903945,0.7,0.2206684584044982,0.75625,0.1047248286975,0.9083044982698962,0.477909729297,0.6245674740484429,0.8041522491349481,0.6904087370242215,True,False,False
ACH-000713,0.7943807670126874,repair-high / removal-low,1.16357610391397,0.9229166666666668,0.2105305262521497,0.6791666666666667,0.27394157509,0.9965397923875432,0.193968528567,0.1055363321799307,0.959728229527105,0.3923514994232987,False,False,False
ACH-000444,0.791774798154556,repair-low / removal-high,0.98288696192936,0.5458333333333333,0.2273561866632555,0.80625,-0.0781784844337,0.2508650519031142,0.824633204984,0.9567474048442908,0.3983491926182237,0.8814987024221453,False,False,False
ACH-000014,0.7914395905420992,repair-high / removal-high,0.982695480092231,0.5416666666666666,0.2300173124761719,0.83125,0.02439121513265,0.6868512110726643,0.705845226654,0.9134948096885812,0.6142589388696655,0.8723724048442907,True,False,False
ACH-000493,0.7909998558246828,repair-high / removal-high,1.01413815481022,0.65,0.207250469327768,0.6479166666666667,0.0542922982428,0.7906574394463668,0.571030993387,0.7802768166089965,0.7203287197231834,0.7140967416378317,True,False,False
ACH-000123,0.7886678200692041,repair-low / removal-high,0.91960360215552,0.1208333333333333,0.292133640729829,0.9833333333333332,-0.135324867772,0.0830449826989619,0.857421877699,0.967128027681661,0.1019391580161476,0.9752306805074972,False,False,False
ACH-000503,0.7876658016147635,repair-low / removal-high,1.04589829146763,0.7375,0.2012293004996019,0.5791666666666667,-0.0789264357463,0.2439446366782006,0.645532318859,0.8650519031141869,0.4907223183391003,0.7221092848904268,False,False,False
ACH-000062,0.7875072087658592,repair-high / removal-high,0.947512962879982,0.2916666666666667,0.3034491442460549,0.99375,0.0623827388566,0.8148788927335641,0.5013496846925,0.671280276816609,0.5532727797001153,0.8325151384083045,True,False,False
ACH-000701,0.7856076989619377,repair-high / removal-low,1.28597707281302,0.9895833333333334,0.139590596035997,0.1125,0.0862324143768999,0.8685121107266436,0.35147158992,0.370242214532872,0.9290477220299884,0.2413711072664359,False,False,False
ACH-000320,0.7851427335640138,repair-high / removal-high,1.01674227448815,0.6645833333333333,0.2536551167596819,0.9083333333333332,0.0123665416447,0.6505190311418685,0.525316541926,0.7179930795847751,0.6575511822376009,0.8131632064590542,True,False,False
ACH-000686,0.7837370242214533,repair-high / removal-high,,,,,0.0537661505802,0.7854671280276817,0.5014479625285,0.6747404844290658,0.7854671280276817,0.6747404844290658,True,False,False
ACH-000958,0.7769643886966551,repair-high / removal-high,1.009326134387545,0.6333333333333333,0.208479486085239,0.6604166666666667,0.00464360869837,0.6193771626297578,0.6110145542525001,0.8200692041522492,0.6263552479815455,0.740242935409458,True,False,False
ACH-000348,0.7768166089965398,repair-high / removal-high,,,,,0.07258897281705,0.8494809688581315,0.478151855636,0.6262975778546713,0.8494809688581315,0.6262975778546713,True,False,False
ACH-000376,0.7757208765859285,repair-high / removal-low,1.25593218299401,0.9833333333333332,0.140564695275859,0.11875,0.1844649765354999,0.986159169550173,0.25039092162,0.1678200692041522,0.9847462514417532,0.1432850346020761,False,False,False
ACH-000694,0.7752378892733565,repair-high / removal-high,1.0000068529578,0.6166666666666667,0.253605529534583,0.90625,0.031235275275,0.7145328719723183,0.512279540417,0.6955017301038062,0.6655997693194925,0.8008758650519031,True,False,False
ACH-000116,0.7750865051903114,repair-high / removal-high,,,,,0.0687398259055,0.8356401384083045,0.481917201275,0.6366782006920415,0.8356401384083045,0.6366782006920415,True,False,False
ACH-000613,0.7700980392156862,repair-low / removal-high,0.966752482205296,0.4645833333333333,0.2585548496344609,0.9270833333333334,-0.07595017667765,0.2647058823529412,0.6626505827665,0.8823529411764706,0.3646446078431372,0.904718137254902,False,False,False
ACH-000873,0.7696402825836217,repair-high / removal-high,0.990443732555408,0.5729166666666666,0.247703134040625,0.8791666666666667,0.0432303444739,0.759515570934256,0.5152986552250001,0.7024221453287197,0.6662161188004614,0.7907944059976932,True,False,False
ACH-000558,0.7695429642445213,repair-high / removal-low,1.33835051155439,0.9958333333333332,0.161185959886531,0.2145833333333333,0.1244816294,0.944636678200692,0.29122186885,0.2577854671280277,0.9702350057670128,0.2361844002306805,False,False,False
ACH-000974,0.7693987889273357,repair-low / removal-high,1.05188251757779,0.7520833333333333,0.2859561419933625,0.9791666666666666,-0.1069016267785,0.1470588235294117,0.5659590799555,0.773356401384083,0.4495710784313725,0.8762615340253748,False,False,False
ACH-000237,0.7672685986159169,repair-high / removal-high,0.972980230825319,0.4979166666666667,0.2233672110511715,0.7791666666666667,0.131584800476,0.9515570934256056,0.660450476932,0.8754325259515571,0.7247368800461361,0.8272995963091119,True,False,False
ACH-000900,0.7657403402537486,repair-low / removal-high,0.978514780941104,0.51875,0.278632302668337,0.96875,-0.09227378365615,0.1937716262975778,0.612628829523,0.8269896193771626,0.3562608131487889,0.8978698096885813,False,False,False
ACH-000720,0.7629757785467128,repair-high / removal-low,1.36022059663653,0.9979166666666668,0.185267521244267,0.4375,0.214811513766,0.9930795847750864,0.1932424016295,0.1038062283737024,0.9954981257208766,0.2706531141868512,False,False,False
ACH-000614,0.7622404844290658,repair-high / removal-high,0.9900824204483024,0.5708333333333333,0.2264408860306679,0.8,0.1307611262719999,0.9498269896193772,0.4699765741889999,0.6124567474048442,0.7603301614763552,0.7062283737024222,True,False,False
ACH-000917,0.761260092272203,repair-high / removal-high,1.075498343797855,0.7958333333333333,0.258983034031102,0.9291666666666668,-0.0351072327745499,0.4238754325259515,0.485009163739,0.6418685121107266,0.6098543829296424,0.7855175893886966,True,False,False
ACH-000792,0.7606257208765859,repair-high / removal-low,1.21148817875817,0.9625,0.1489979386762935,0.1520833333333333,0.0979519435404,0.8944636678200693,0.334641481651,0.3321799307958477,0.9284818339100348,0.2421316320645905,False,False,False
ACH-000404,0.7547433679354094,repair-high / removal-low,1.10599941903031,0.8416666666666667,0.17927848200518,0.3770833333333333,0.110551860069,0.9204152249134948,0.3733114342185,0.4065743944636678,0.8810409457900807,0.3918288638985006,False,False,False
ACH-000832,0.7519535755478662,repair-high / removal-low,1.099976767488515,0.8333333333333334,0.178433577565143,0.3645833333333333,0.0508845450377,0.7768166089965398,0.4362023541535,0.5397923875432526,0.8050749711649365,0.4521878604382929,False,False,False
ACH-001128,0.7512471164936563,repair-high / removal-high,0.9763160304687994,0.50625,0.2962144811918108,0.9854166666666668,-0.001359798948423,0.5795847750865052,0.490301952959,0.6522491349480969,0.5429173875432526,0.8188329008073818,True,False,False
ACH-000625,0.7502198673587082,repair-high / removal-low,1.05185921217556,0.75,0.1772458743170385,0.34375,0.1061680306274999,0.9117647058823528,0.4432177813605,0.5674740484429066,0.8308823529411764,0.4556120242214533,False,False,False
ACH-000343,0.7480211937716263,repair-high / removal-low,1.20254378483648,0.9541666666666668,0.17530224706661,0.3229166666666667,0.0550394602903999,0.7941176470588235,0.360091189578,0.3840830449826989,0.8741421568627451,0.3534998558246828,False,False,False
ACH-001306,0.7475778546712804,repair-high / removal-high,1.11571052949129,0.8583333333333333,0.213818136667986,0.7020833333333333,0.01429141375997,0.6626297577854672,0.428377842494,0.513840830449827,0.7604815455594003,0.6079620818915801,True,False,False
ACH-000750,0.745242214532872,repair-low / removal-high,0.9850759608054817,0.5583333333333333,0.251981036357536,0.8979166666666667,-0.208699709341,0.0155709342560553,0.736567220204,0.92560553633218,0.2869521337946943,0.9117611014994234,False,False,False
ACH-000516,0.745018742791234,repair-high / removal-low,1.16459637378585,0.925,0.178567004909516,0.3666666666666666,0.0905449338782,0.8754325259515571,0.334615029846,0.3304498269896194,0.9002162629757786,0.348558246828143,False,False,False
ACH-000279,0.7444240196078431,repair-low / removal-high,0.9275146497772724,0.1729166666666666,0.267710246292546,0.95,-0.104095835804,0.1539792387543252,0.772354110896,0.9377162629757786,0.1634479527104959,0.9438581314878892,False,False,False
ACH-000060,0.7421712802768166,repair-high / removal-low,1.045988979615795,0.7395833333333334,0.2034439279186246,0.6041666666666666,0.183008319035,0.9844290657439446,0.32190024731,0.3079584775086505,0.862006199538639,0.4560625720876585,False,False,False
ACH-000893,0.7402970011534025,repair-high / removal-high,1.020436715711095,0.675,0.19970456350719,0.5708333333333333,0.0671831469810499,0.8339100346020761,0.491656986404,0.6608996539792388,0.754455017301038,0.6158664936562861,True,False,False
ACH-000464,0.7387543252595156,repair-high / removal-high,,,,,0.10137479827105,0.9013840830449829,0.424714963255,0.5086505190311419,0.9013840830449829,0.5086505190311419,True,False,False
ACH-000747,0.7361880046136102,repair-high / removal-high,1.02270147909109,0.6916666666666667,0.2487564892523119,0.8895833333333333,-0.0564101103951,0.3269896193771626,0.533886664746,0.7352941176470589,0.5093281430219146,0.8124387254901961,True,False,False
ACH-000901,0.7349733275663206,repair-high / removal-low,1.160208124239555,0.9166666666666666,0.178154366072075,0.3583333333333333,0.14007885297,0.9584775086505192,0.280173371118,0.2352941176470588,0.9375720876585928,0.2968137254901961,False,False,False
ACH-000672,0.7344362745098039,repair-high / removal-high,1.04315952021109,0.73125,0.179227980780729,0.3729166666666667,-0.0337489650655,0.4273356401384083,0.577668649391,0.7993079584775087,0.5792928200692041,0.5861123125720877,True,False,False
ACH-000841,0.734324538638985,repair-low / removal-high,0.9608112458690544,0.4208333333333333,0.2266183342435019,0.8020833333333334,-0.03730465338755,0.4152249134948096,0.764951889841,0.9359861591695502,0.4180291234140715,0.8690347462514418,False,False,False
ACH-000730,0.7329873125720876,repair-low / removal-high,0.9497363358172786,0.3145833333333333,0.2647473650519956,0.9416666666666668,-0.04682598774365,0.370242214532872,0.611857030161,0.8217993079584776,0.3424127739331026,0.8817329873125721,False,False,False
ACH-000899,0.732551182237601,repair-high / removal-low,1.10159601123523,0.8354166666666667,0.169174121144612,0.26875,0.108235269184,0.9186851211072664,0.366587470826,0.3979238754325259,0.8770508938869666,0.3333369377162629,False,False,False
ACH-000007,0.7318158881199539,repair-low / removal-high,0.964778022183098,0.4479166666666667,0.2122907104808862,0.6875,-0.0286004713957,0.4550173010380622,0.875253997869,0.9688581314878892,0.4514669838523645,0.8281790657439446,False,False,False
ACH-000996,0.7317185697808535,repair-high / removal-high,1.02163648144842,0.6833333333333333,0.210729957456762,0.68125,0.0182170751442,0.671280276816609,0.498055197356,0.6643598615916955,0.6773068050749711,0.6728049307958477,True,False,False
ACH-000788,0.7287305363321799,repair-low / removal-high,0.945802393011219,0.2708333333333333,0.2556883068118987,0.9208333333333332,-0.02877811572885,0.4532871972318339,0.630096296654,0.8494809688581315,0.3620602652825836,0.8851571510957323,False,False,False
ACH-000471,0.728175461361015,repair-high / removal-low,1.13144093001424,0.8791666666666667,0.1867798831971605,0.4583333333333333,0.1243653874965,0.9429065743944636,0.301922625202,0.273356401384083,0.9110366205305652,0.3658448673587082,False,False,False
ACH-000895,0.7232807093425606,repair-low / removal-high,1.00003055860561,0.61875,0.239866069333969,0.8604166666666667,-0.1103574303225,0.1418685121107266,0.605443119239,0.8148788927335641,0.3803092560553633,0.8376477797001154,False,False,False
ACH-000425,0.721190167243368,repair-low / removal-high,0.966551656624767,0.4625,0.2224552954134079,0.775,-0.0876133254988,0.2145328719723183,0.730498821333,0.9221453287197232,0.3385164359861592,0.8485726643598617,False,False,False
ACH-000929,0.7168504901960784,repair-high / removal-high,1.02133288208825,0.68125,0.1870038186218094,0.4645833333333333,0.0728950544454,0.8512110726643599,0.489512156011,0.6505190311418685,0.76623053633218,0.5575511822376009,True,False,False
ACH-000435,0.7162629757785467,repair-high / removal-high,,,,,1.281345729999971e-06,0.5865051903114187,0.510464107865,0.6920415224913494,0.5865051903114187,0.6920415224913494,True,False,False
ACH-000948,0.7160719434832756,repair-low / removal-high,0.932498240883134,0.19375,0.2660992519375295,0.94375,-0.0761006860025,0.2612456747404844,0.675042805053,0.8910034602076125,0.2274978373702422,0.9173767301038064,False,False,False
ACH-001192,0.7145328719723183,repair-high / removal-high,,,,,0.04090560665825,0.754325259515571,0.468931229956,0.6072664359861591,0.754325259515571,0.6072664359861591,True,False,False
ACH-000592,0.7135741061130334,repair-high / removal-low,1.12745691077136,0.875,0.1594661930575129,0.2083333333333333,0.0169072077616,0.6660899653979239,0.416357838737,0.4878892733564013,0.7705449826989619,0.3481113033448673,False,False,False
ACH-000662,0.7129108996539792,repair-low / removal-high,0.977856575844367,0.5125,0.2146733792034603,0.7125,-0.02816762430695,0.458477508650519,0.640469572143,0.8598615916955017,0.4854887543252595,0.7861807958477509,False,False,False
ACH-000868,0.708589244521338,repair-high / removal-low,1.03417870127952,0.7125,0.180251861160863,0.3875,0.09437851069635,0.884083044982699,0.4404377609935,0.5536332179930796,0.7982915224913495,0.4705666089965398,False,False,False
ACH-000051,0.7076124567474048,repair-low / removal-high,,,,,-0.414388579433,0.0017301038062283,0.9186485722735,0.980968858131488,0.0017301038062283,0.980968858131488,False,False,False
ACH-000616,0.7024221453287197,repair-low / removal-high,,,,,-0.0828086468129,0.2283737024221453,0.5866199790605,0.8062283737024222,0.2283737024221453,0.8062283737024222,False,False,False
ACH-000048,0.7011534025374856,repair-low / removal-high,0.924779827694719,0.1541666666666666,0.268532714258238,0.9520833333333332,-0.06914711361615,0.2941176470588235,0.664787668511,0.884083044982699,0.2241421568627451,0.918083189158016,False,False,False
ACH-000813,0.6996503748558247,repair-low / removal-high,0.850780686328913,0.00625,0.327298128998188,1.0,-0.0515888763445,0.3425605536332179,0.702779760366,0.9100346020761244,0.1744052768166089,0.9550173010380624,False,False,False
ACH-000456,0.6963055074971165,repair-high / removal-high,0.980515125204382,0.5270833333333333,0.2639029181195931,0.9395833333333332,0.0266754577011,0.6972318339100346,0.432919612417,0.5242214532871973,0.6121575836216839,0.7319023933102653,True,False,False
ACH-000114,0.6955017301038062,repair-high / removal-low,,,,,0.173211246228,0.9792387543252596,0.324050561984,0.3131487889273356,0.9792387543252596,0.3131487889273356,False,False,False
ACH-000624,0.6953395328719723,repair-high / removal-low,1.15501918161058,0.9125,0.177793600633399,0.35,0.02999101946695,0.7076124567474048,0.36144902418,0.3910034602076124,0.8100562283737024,0.3705017301038062,False,False,False
ACH-000967,0.6946294694348327,repair-high / removal-low,1.09131431597219,0.8229166666666666,0.165291079717095,0.2416666666666666,0.0012124713466149,0.5951557093425606,0.440448108934,0.5553633217993079,0.7090361880046137,0.3985149942329873,False,False,False
ACH-000886,0.6924956747404845,repair-high / removal-high,1.09789329224995,0.83125,0.201950773648839,0.5916666666666667,0.01285212625155,0.6539792387543253,0.395035130414,0.4480968858131487,0.7426146193771627,0.5198817762399077,True,False,False
ACH-000524,0.6912269319492503,repair-high / removal-low,1.189464952311405,0.94375,0.164237210789527,0.2333333333333333,-0.0646647949724,0.3062283737024221,0.445891717589,0.5726643598615917,0.6249891868512111,0.4029988465974625,False,False,False
ACH-000191,0.6907871972318339,repair-high / removal-high,0.9972396328428346,0.6,0.1771022479173709,0.3416666666666667,-0.02845248968895,0.4567474048442906,0.691501372412,0.8996539792387543,0.5283737024221453,0.6206603229527106,True,False,False
ACH-000397,0.6868980680507497,repair-high / removal-low,1.10674495075825,0.84375,0.170721107519426,0.28125,0.146353048666,0.9602076124567474,0.271674367874,0.2162629757785467,0.9019788062283736,0.2487564878892733,False,False,False
ACH-000597,0.6868512110726643,repair-high / removal-high,,,,,0.0534334921313,0.7837370242214533,0.438700173034,0.5501730103806228,0.7837370242214533,0.5501730103806228,True,False,False
ACH-000211,0.6854815455594003,repair-low / removal-high,0.947310693681714,0.2895833333333333,0.2772761318372715,0.9645833333333332,-0.0759553582787,0.2629757785467128,0.556635816312,0.759515570934256,0.276279555940023,0.8620494521337947,False,False,False
ACH-000766,0.6853193483275664,repair-high / removal-high,0.995901968249652,0.5895833333333333,0.2072979829222991,0.65,0.0485960165511,0.7716262975778547,0.486895127022,0.6487889273356401,0.680604815455594,0.64939446366782,True,False,False
ACH-000329,0.6848868223760092,repair-high / removal-low,1.152117742025255,0.9083333333333332,0.1499678155746664,0.1541666666666666,0.127081548289,0.9463667820069204,0.275040652519,0.2266435986159169,0.9273500576701268,0.1904051326412918,False,False,False
ACH-000840,0.6805291234140715,repair-high / removal-low,1.18173395950149,0.9333333333333332,0.1868812432539639,0.4625,0.02724348471545,0.7006920415224913,0.335710280636,0.3356401384083045,0.8170126874279123,0.3990700692041522,False,False,False
ACH-000035,0.6804390138408305,repair-high / removal-low,1.134440388058585,0.8916666666666667,0.187516399530748,0.475,0.008376773798035,0.6349480968858131,0.376580462626,0.4134948096885813,0.7633073817762399,0.4442474048442906,False,False,False
ACH-000482,0.6779880334486736,repair-high / removal-low,0.9882996432353024,0.5645833333333333,0.1860872384094579,0.4520833333333333,0.1884635957505,0.9896193771626296,0.432448606014,0.5224913494809689,0.7771013552479815,0.4872873414071511,False,False,False
ACH-000804,0.6770833333333334,repair-low / removal-high,0.861146161813289,0.0104166666666666,0.289296773157535,0.98125,0.0212814127653,0.6799307958477508,1.238818733575,1.0,0.3451737312572087,0.990625,False,False,False
ACH-000137,0.6742430795847751,repair-low / removal-high,0.9549531258526424,0.3645833333333333,0.2037890737552025,0.6104166666666667,-0.09812379831965,0.1747404844290657,0.842669631366,0.9636678200692042,0.2696619088811995,0.7870422433679354,False,False,False
ACH-000375,0.6700944348327567,repair-low / removal-high,0.8925608214037515,0.0520833333333333,0.266370997461808,0.9479166666666666,-0.05400762500335,0.3391003460207612,0.775361962469,0.9411764705882352,0.1955918396770472,0.944546568627451,False,False,False
ACH-000449,0.6688437139561707,repair-low / removal-high,0.922693247576488,0.14375,0.2547634905786985,0.9145833333333332,-0.0585734566163,0.3217993079584775,0.6583294656425001,0.8737024221453287,0.2327746539792387,0.894142877739331,False,False,False
ACH-000824,0.6687031430219146,repair-low / removal-high,0.9431732506993936,0.25,0.2379743857628889,0.8541666666666666,-0.024131581451,0.4740484429065744,0.614625116228,0.8321799307958477,0.3620242214532871,0.8431732987312572,False,False,False
ACH-000734,0.6667964244521338,repair-high / removal-high,0.9509699928770684,0.3270833333333333,0.2291504188958,0.8208333333333333,0.04353785032965,0.7647058823529411,0.543566070212,0.745674740484429,0.5458946078431373,0.7832540369088812,True,False,False
ACH-000858,0.6643382352941176,repair-high / removal-high,1.113495851733985,0.8520833333333333,0.205289153630215,0.625,-0.04156880916585,0.3996539792387543,0.417251530985,0.4896193771626297,0.6258686562860438,0.5573096885813149,True,False,False
ACH-000827,0.6633578431372549,repair-high / removal-low,1.02085363779393,0.6791666666666667,0.183012544753263,0.4229166666666666,0.159808334734,0.9688581314878892,0.344414067339,0.3512110726643598,0.824012399077278,0.3870638696655132,False,False,False
ACH-000802,0.6576701268742791,repair-high / removal-high,0.9836341065631276,0.5520833333333334,0.201576307513994,0.5854166666666667,0.00322223617746,0.6124567474048442,0.551305738202,0.7560553633217993,0.5822700403690888,0.670736014994233,True,False,False
ACH-000589,0.6557093425605536,repair-low / removal-high,0.952895263393529,0.3479166666666666,0.225301029463928,0.7875,-0.003944818112235,0.5674740484429066,0.5729499641255,0.78719723183391,0.4576953575547866,0.7873486159169549,False,False,False
ACH-000704,0.6543540945790081,repair-high / removal-high,0.9870486917632706,0.5625,0.216173291332671,0.73125,0.07293363449055,0.8529411764705882,0.422234895218,0.5051903114186851,0.7077205882352942,0.6182201557093425,True,False,False
ACH-000414,0.6509767877739331,repair-low / removal-high,0.936716168619615,0.2104166666666666,0.2358682979258726,0.8458333333333333,-0.01588819290015,0.5155709342560554,0.613767937676,0.828719723183391,0.362993800461361,0.8372765282583622,False,False,False
ACH-000260,0.6504000865051903,repair-high / removal-high,1.00436311811871,0.625,0.201878820914286,0.5895833333333333,0.0026210000022099,0.610726643598616,0.481782593763,0.6349480968858131,0.6178633217993079,0.6122657151095732,True,False,False
ACH-000939,0.649808967704729,repair-low / removal-high,0.951320976488557,0.3291666666666666,0.2041165475507804,0.6125,-0.0958425668902,0.1799307958477508,0.7639732269,0.9325259515570934,0.2545487312572088,0.7725129757785467,False,False,False
ACH-000504,0.6480392156862745,repair-high / removal-low,1.06869769070439,0.7833333333333333,0.1757472208584555,0.3270833333333333,-0.03276686992975,0.4342560553633218,0.441095277313,0.5588235294117647,0.6087946943483276,0.442953431372549,False,False,False
ACH-000997,0.646622693194925,repair-high / removal-high,1.02790117763227,0.7041666666666667,0.1825083165965789,0.4083333333333333,-0.01882489946305,0.5034602076124568,0.490587902904,0.6557093425605537,0.6038134371395618,0.5320213379469435,True,False,False
ACH-000210,0.6453503460207612,repair-high / removal-high,1.00863926302538,0.63125,0.194212319418038,0.5291666666666667,-0.0194940726006999,0.4948096885813148,0.507194244536,0.6885813148788927,0.5630298442906574,0.6088739907727797,True,False,False
ACH-000684,0.6436382641291811,repair-low / removal-high,0.9701550093859326,0.4854166666666666,0.2341358569935392,0.8416666666666667,-0.124841142981,0.1038062283737024,0.605569611742,0.8166089965397924,0.2946114475201845,0.8291378316032295,False,False,False
ACH-000176,0.6432994521337947,repair-high / removal-low,1.02249621548302,0.6895833333333333,0.16133531502536,0.21875,0.07076337972465,0.842560553633218,0.469878803389,0.610726643598616,0.7660719434832757,0.414738321799308,False,False,False
ACH-000393,0.6411944925028835,repair-high / removal-low,1.134034715841305,0.8875,0.200871277292056,0.5770833333333333,0.0135694111584,0.657439446366782,0.331026787077,0.3269896193771626,0.772469723183391,0.4520364763552479,False,False,False
ACH-000021,0.641079152249135,repair-high / removal-low,1.01016430775115,0.6354166666666666,0.1988675426842225,0.5604166666666667,0.0982879451116,0.8961937716262975,0.371006919031,0.4031141868512111,0.7658052191464821,0.4817654267589388,False,False,False
ACH-000118,0.637791955017301,repair-high / removal-high,1.01298941600831,0.6458333333333334,0.1751630508288491,0.3208333333333333,-0.0189630530572,0.5017301038062284,0.536139383364,0.7387543252595156,0.5737817185697809,0.5297938292964245,True,False,False
ACH-000463,0.6370278258362169,repair-low / removal-high,0.9421369619736064,0.2416666666666666,0.2155962208042905,0.7229166666666667,-0.1020465867665,0.157439446366782,0.719912943343,0.9186851211072664,0.1995530565167243,0.8208008938869665,False,False,False
ACH-000977,0.636854815455594,repair-low / removal-high,0.95955184859191,0.4125,0.218717577055177,0.7479166666666667,-0.0729002914803,0.2750865051903114,0.62045339182,0.842560553633218,0.3437932525951557,0.7952386101499423,False,False,False
ACH-000724,0.6365051903114187,repair-high / removal-low,1.02236596834589,0.6875,0.17839929175614,0.3625,0.0575697912693499,0.7975778546712803,0.428068300097,0.5103806228373703,0.7425389273356402,0.4364403114186851,False,False,False
ACH-000037,0.6354202710495963,repair-high / removal-high,1.05892073922559,0.7708333333333334,0.2503947897748555,0.89375,0.04023726587775,0.7525951557093425,0.312420732193,0.2906574394463668,0.761714244521338,0.5922037197231834,True,False,False
ACH-000182,0.6347102076124567,repair-high / removal-low,1.07904809042061,0.8,0.1625144491257943,0.2291666666666666,0.0824218167832,0.8633217993079585,0.320896453294,0.3062283737024221,0.8316608996539793,0.2676975201845444,False,False,False
ACH-000553,0.6338559688581316,repair-high / removal-high,0.999999974940165,0.6145833333333334,0.1936414845629391,0.5166666666666667,0.037975379857,0.7387543252595156,0.463545614938,0.5934256055363322,0.6766688292964245,0.5550461361014994,True,False,False
ACH-000649,0.6335820357554787,repair-high / removal-low,1.114154499450435,0.8541666666666666,0.155610644654275,0.1875,-0.08711790152195,0.2162629757785467,0.469740653056,0.6089965397923875,0.5352148212226067,0.3982482698961938,False,False,False
ACH-000188,0.6319852941176471,repair-low / removal-high,0.9691125831196804,0.4770833333333333,0.2289431608258509,0.81875,-0.1054834607315,0.1505190311418685,0.592919467597,0.8096885813148789,0.3138011822376009,0.8142192906574395,False,False,False
ACH-000421,0.6308787485582468,repair-high / removal-low,1.071003542364305,0.7875,0.1658786340523229,0.2479166666666666,-0.03016961057055,0.4480968858131487,0.435040383032,0.5346020761245674,0.6177984429065744,0.391259371395617,False,False,False
ACH-000507,0.629757785467128,repair-low / removal-high,,,,,-0.09676791943915,0.1764705882352941,0.559285333797,0.7647058823529411,0.1764705882352941,0.7647058823529411,False,False,False
ACH-000565,0.629263985005767,repair-low / removal-high,0.958677076656371,0.4,0.223768944036965,0.78125,-0.0350259451802,0.4256055363321799,0.566200424235,0.7750865051903114,0.4128027681660899,0.7781682525951557,False,False,False
ACH-000940,0.6259407439446367,repair-low / removal-high,0.956999488893877,0.3833333333333333,0.1991528331751915,0.5625,-0.11057741413,0.1401384083044982,0.721303726991,0.9204152249134948,0.2617358708189158,0.7414576124567474,False,False,False
ACH-000532,0.6251009227220299,repair-high / removal-high,0.980748020063961,0.53125,0.2215355598544269,0.76875,0.0962622314902,0.8910034602076125,0.374577686712,0.4100346020761246,0.7111267301038062,0.5893923010380623,True,False,False
ACH-000681,0.6223003171856978,repair-high / removal-low,1.08904518322669,0.8166666666666667,0.1646366453121139,0.2354166666666666,0.0005953277394349,0.5882352941176471,0.380818851303,0.4256055363321799,0.7024509803921568,0.3305111014994233,False,False,False
ACH-000527,0.6218461649365629,repair-high / removal-high,1.15762871509694,0.9145833333333332,0.1953997523486271,0.5333333333333333,-0.1153427795535,0.1314878892733564,0.436055615344,0.5380622837370242,0.5230356113033449,0.5356978085351788,True,False,False
ACH-000142,0.6215109573241061,repair-low / removal-high,0.9562658678545356,0.3770833333333333,0.208177757809296,0.6541666666666667,-0.06439367120215,0.3079584775086505,0.63150929618,0.8512110726643599,0.3425209054209919,0.7526888696655133,False,False,False
ACH-000292,0.6179498269896193,repair-low / removal-high,0.9448728827672016,0.2625,0.2502691083804635,0.8916666666666667,-0.0885400309741999,0.2093425605536332,0.568582420083,0.7785467128027682,0.2359212802768166,0.8351066897347175,False,False,False
ACH-000171,0.6178597174163784,repair-low / removal-high,0.98962752870538,0.56875,0.193991173818991,0.5270833333333333,-0.128012738325,0.0916955017301038,0.6368654529975,0.8581314878892734,0.3302227508650519,0.6926074106113034,False,False,False
ACH-000959,0.6155420991926183,repair-low / removal-high,0.968014431090902,0.4729166666666666,0.18679387877964,0.4604166666666666,-0.06983316744045,0.2923875432525951,0.6700234697815,0.889273356401384,0.3826521049596308,0.6748450115340253,False,False,False
ACH-000259,0.615343858131488,repair-high / removal-high,1.037965531869185,0.725,0.2082533075706579,0.65625,-0.0544251692806,0.3339100346020761,0.438449020399,0.5484429065743944,0.5294550173010381,0.6023464532871972,True,False,False
ACH-000570,0.613256920415225,repair-high / removal-high,1.01032657013061,0.6375,0.203733107242837,0.6083333333333333,0.0165865861155,0.6643598615916955,0.406987538164,0.4636678200692041,0.6509299307958477,0.5360005767012688,True,False,False
ACH-000015,0.6115412341407152,repair-low / removal-high,0.939883866690436,0.2291666666666666,0.254850674976814,0.9166666666666666,-0.1490345705915,0.060553633217993,0.624182896282,0.8460207612456747,0.1448601499423298,0.8813437139561706,False,False,False
ACH-000252,0.6114799596309112,repair-high / removal-low,1.133133652924155,0.8854166666666666,0.1478145598616494,0.1458333333333333,0.0695140954831,0.8391003460207612,0.280235699218,0.2370242214532872,0.8622585063437139,0.1914287773933102,False,False,False
ACH-000528,0.6114367070357555,repair-high / removal-high,0.996911922224596,0.5958333333333333,0.2053782681428729,0.63125,-0.00580074319376,0.5536332179930796,0.4542385973105,0.5847750865051903,0.5747332756632064,0.6080125432525951,True,False,False
ACH-000883,0.610726643598616,repair-low / removal-high,,,,,-0.0943737083072999,0.1885813148788927,0.541777575279,0.7439446366782007,0.1885813148788927,0.7439446366782007,False,False,False
ACH-000605,0.6092957035755479,repair-low / removal-high,0.9199202924754256,0.1229166666666666,0.254139766603805,0.9125,-0.0441961015617499,0.3892733564013841,0.575630624881,0.7923875432525952,0.2560950115340253,0.8524437716262976,False,False,False
ACH-000968,0.6091803633217994,repair-high / removal-low,1.0302247961801,0.70625,0.1926423132359689,0.5104166666666666,0.03991198853465,0.7474048442906575,0.364895044094,0.3961937716262976,0.7268274221453288,0.4533052191464821,False,False,False
ACH-000807_FAILED_STR,0.6089965397923875,repair-high / removal-low,,,,,0.1050155704125,0.9100346020761244,0.34236183448,0.3408304498269896,0.9100346020761244,0.3408304498269896,False,False,False
ACH-000688,0.6086144752018454,repair-high / removal-low,1.05662714880444,0.7645833333333333,0.1604097393528489,0.2104166666666666,0.117756259509,0.9342560553633218,0.294653792426,0.2629757785467128,0.8494196943483275,0.2366962226066897,False,False,False
ACH-000692,0.6072664359861591,repair-low / removal-high,,,,,-0.0450390811142,0.3840830449826989,0.491560749756,0.6591695501730104,0.3840830449826989,0.6591695501730104,False,False,False
ACH-000561,0.6071763264129181,repair-low / removal-high,0.925392602373525,0.1583333333333333,0.2415439626327183,0.8666666666666667,-0.03158170875515,0.4411764705882353,0.5755135079310001,0.7906574394463668,0.2997549019607843,0.8286620530565167,False,False,False
ACH-000467,0.6052263552479815,repair-high / removal-low,1.0964470135224,0.8291666666666667,0.1300201237445379,0.09375,-0.0240034434923,0.4757785467128028,0.4173780081685,0.4913494809688581,0.6524726066897347,0.292549740484429,False,False,False
ACH-000741,0.6049524221453287,repair-low / removal-high,0.95177581374073,0.33125,0.2205539457416865,0.7520833333333333,-0.026916643416,0.4636678200692041,0.559486568752,0.7664359861591695,0.3974589100346021,0.7592596597462514,False,False,False
ACH-000201,0.603517877739331,repair-low / removal-high,0.888172106072615,0.0395833333333333,0.2605764398246711,0.9333333333333332,-0.007518361567705,0.5501730103806228,0.626709622367,0.8477508650519031,0.294878171856978,0.8905420991926183,False,False,False
ACH-000347,0.6016147635524798,repair-high / removal-low,1.24201175615057,0.975,0.111911542153143,0.0604166666666666,0.1720446939885,0.9757785467128028,0.126220638553,0.0519031141868512,0.9753892733564014,0.0561598904267589,False,False,False
ACH-000617,0.6003460207612457,repair-high / removal-low,,,,,0.02859123247915,0.7024221453287197,0.4159461940735,0.486159169550173,0.7024221453287197,0.486159169550173,False,False,False
ACH-000835,0.6002883506343715,repair-high / removal-low,1.1520080171161,0.90625,0.152836922903557,0.175,0.001406665494055,0.5986159169550173,0.325900863253,0.314878892733564,0.7524329584775087,0.244939446366782,False,False,False
ACH-000892,0.5959811130334487,repair-high / removal-low,1.14765535288499,0.9020833333333332,0.161999867743797,0.225,0.0545488161499,0.7923875432525952,0.264984569283,0.2006920415224913,0.8472354382929643,0.2128460207612456,False,False,False
ACH-000943,0.5947844579008074,repair-high / removal-high,1.21580299304528,0.9645833333333332,0.2131751845945608,0.6979166666666666,-0.07325308055405,0.273356401384083,0.340276412386,0.3391003460207612,0.6189698673587082,0.5185085063437139,True,False,False
ACH-000822,0.5945321510957324,repair-high / removal-low,1.13445321182628,0.89375,0.1472479782523454,0.14375,0.0874181330888,0.870242214532872,0.246285652968,0.1643598615916955,0.881996107266436,0.1540549307958477,False,False,False
ACH-001145,0.5921027970011534,repair-low / removal-high,0.9583978437336852,0.3979166666666666,0.2276850428951989,0.8125,-0.07120066249935,0.2854671280276816,0.5455765690909999,0.7508650519031141,0.3416918973471741,0.7816825259515571,False,False,False
ACH-000159,0.5911548442906575,repair-high / removal-high,1.03589456216467,0.71875,0.1826318431195199,0.4145833333333333,-0.0718264660002,0.2820069204152249,0.466623418353,0.5986159169550173,0.5003784602076125,0.5065996251441753,True,False,False
ACH-000619,0.5878099769319493,repair-low / removal-high,0.9455976933110356,0.2666666666666666,0.2216682509333045,0.7708333333333334,-0.016597965263,0.5121107266435986,0.530061290828,0.7283737024221453,0.3893886966551326,0.7496035178777394,False,False,False
ACH-001024,0.5861627739331027,repair-low / removal-high,0.938285378015255,0.21875,0.2045282468538349,0.6145833333333334,-0.06421794381325,0.3096885813148789,0.680625831059,0.8944636678200693,0.2642192906574394,0.7545235005767013,False,False,False
ACH-000808,0.5855320069204152,repair-high / removal-low,1.20337463339217,0.9583333333333334,0.1525584130364972,0.1708333333333333,-0.0133678071168,0.5294117647058824,0.294947139021,0.2647058823529412,0.7438725490196079,0.2177696078431372,False,False,False
ACH-000019,0.5843317474048443,repair-low / removal-high,0.950444273665239,0.3208333333333333,0.2160193199650295,0.7291666666666666,-0.008641665347225,0.5467128027681661,0.524285783904,0.7145328719723183,0.4337730680507498,0.7218497693194925,False,False,False
ACH-000878,0.5831639273356402,repair-high / removal-high,0.9621210716974544,0.43125,0.190343438273284,0.5,0.1157027114265,0.9290657439446368,0.4484673398984999,0.5761245674740484,0.6801578719723184,0.5380622837370241,True,False,False
ACH-000890,0.581592416378316,repair-high / removal-low,1.11797114665001,0.8625,0.1816385390841249,0.4020833333333333,0.0389025833654499,0.7422145328719724,0.275380940733,0.2283737024221453,0.8023572664359861,0.3152285178777393,False,False,False
ACH-000812,0.5813184832756633,repair-high / removal-high,0.9960013352541496,0.5916666666666667,0.2053798815369529,0.6333333333333333,0.0008455935524449,0.5916955017301038,0.421695372887,0.5034602076124568,0.5916810841983853,0.568396770472895,True,False,False
ACH-000047,0.5812788350634371,repair-low / removal-high,0.9468523501491424,0.28125,0.227810199090827,0.8145833333333333,-0.1519429723435,0.0553633217993079,0.641380303374,0.8615916955017301,0.168306660899654,0.8380875144175317,False,False,False
ACH-000228,0.5811634948096887,repair-high / removal-high,1.013949526846235,0.6479166666666667,0.2109691261988789,0.6833333333333333,-0.000707785546396,0.583044982698962,0.380869245539,0.4273356401384083,0.6154808246828143,0.5553344867358708,True,False,False
ACH-000966,0.5806408592848904,repair-low / removal-high,0.943814797658668,0.2541666666666666,0.2148775486577959,0.7145833333333333,-0.1657984752855,0.0380622837370242,0.700488789428,0.9065743944636678,0.1461144752018454,0.8105788638985005,False,False,False
ACH-000535,0.5778366493656286,repair-high / removal-low,1.4017254765299,1.0,0.0391110602026519,0.0125,0.10394853887,0.9048442906574394,0.119964076236,0.046712802768166,0.9524221453287196,0.029606401384083,False,False,False
ACH-000715,0.5772491349480968,repair-high / removal-low,1.13016504429665,0.8770833333333333,0.1659144751744732,0.25,-0.0450177230573,0.3858131487889273,0.359467129046,0.3823529411764705,0.6314482410611304,0.3161764705882353,False,False,False
ACH-000805,0.5745999134948097,repair-low / removal-high,0.923858746594604,0.1479166666666666,0.2227741734177419,0.7770833333333333,-0.0192446687742,0.4982698961937716,0.61213915294,0.8235294117647058,0.3230932814302191,0.8003063725490196,False,False,False
ACH-000843,0.5736844002306805,repair-high / removal-low,1.122704519397305,0.8708333333333333,0.196897796884488,0.5416666666666666,0.0714255623693499,0.8442906574394463,0.220739552021,0.1314878892733564,0.8575619953863898,0.3365772779700115,False,False,False
ACH-000916,0.5722931084198385,repair-high / removal-high,0.9714531628017204,0.4895833333333333,0.205050053694118,0.6229166666666667,0.07239451880495,0.8477508650519031,0.407220699251,0.4653979238754325,0.6686670991926182,0.5441572952710496,True,False,False
ACH-000311,0.5716875720876586,repair-low / removal-high,0.848981621238285,0.0041666666666666,0.2998054165900082,0.9875,-0.197930579066,0.0190311418685121,0.7649418055185,0.9342560553633218,0.0115989042675893,0.9608780276816608,False,False,False
ACH-000566,0.5709090253748559,repair-low / removal-high,0.9457470563967254,0.26875,0.1952297974858394,0.53125,-0.0441378583511,0.3927335640138408,0.65116250811,0.870242214532872,0.3307417820069204,0.700746107266436,False,False,False
ACH-000099,0.5706278835063436,repair-high / removal-low,1.07375158595876,0.7916666666666666,0.2007318793997115,0.575,-0.0471937122203,0.3685121107266436,0.368326735802,0.3996539792387543,0.5800893886966552,0.4873269896193771,False,False,False
ACH-000155,0.5701737312572087,repair-high / removal-low,1.01178830705907,0.6416666666666667,0.158126483101352,0.2041666666666666,-0.0336571656625,0.4290657439446367,0.522540928248,0.7093425605536332,0.5353662053056517,0.4567546136101499,False,False,False
ACH-000963,0.5657439446366782,repair-low / removal-high,,,,,-0.1690128784475,0.0328719723183391,0.593010097336,0.8114186851211073,0.0328719723183391,0.8114186851211073,False,False,False
ACH-000862,0.5644571799307958,repair-low / removal-high,0.943178180315183,0.2520833333333333,0.2477223162002317,0.88125,0.012318789021,0.6487889273356401,0.414282055066,0.4792387543252595,0.4504361303344867,0.6802443771626298,False,False,False
ACH-000427,0.5638192041522492,repair-high / removal-low,1.28073865820482,0.9875,0.1546440754124,0.1854166666666666,0.195430094408,0.991349480968858,0.01435174240845,0.0086505190311418,0.9894247404844292,0.0970335928489042,False,False,False
ACH-000309,0.5635416666666666,repair-high / removal-high,0.988729576052182,0.5666666666666667,0.216453978915091,0.7333333333333333,0.0346416902341499,0.726643598615917,0.363763134413,0.3927335640138408,0.6466551326412918,0.5630334486735871,True,False,False
ACH-000744,0.5632280853517878,repair-high / removal-low,1.03896300979276,0.7270833333333333,0.1965760159839704,0.5395833333333333,-0.0312629040286,0.4429065743944637,0.379325483258,0.4221453287197231,0.5849949538638985,0.4808643310265282,False,False,False
ACH-001009,0.5622837370242214,repair-low / removal-high,,,,,-0.0219252647105,0.4844290657439446,0.4453179683739999,0.5709342560553633,0.4844290657439446,0.5709342560553633,False,False,False
ACH-000726,0.5618656286043829,repair-high / removal-high,0.98363245764273,0.55,0.2303868708897269,0.8333333333333334,0.0409327022935,0.7560553633217993,0.343910712088,0.3477508650519031,0.6530276816608998,0.5905420991926182,True,False,False
ACH-000972,0.5614547289504037,repair-low / removal-high,0.95433552978977,0.3604166666666666,0.229278162956252,0.8229166666666666,-0.0466517997671,0.3719723183391003,0.4913977780925,0.657439446366782,0.3661944925028835,0.7401780565167243,False,False,False
ACH-000335,0.5613538062283737,repair-low / removal-high,0.86197904872319,0.0145833333333333,0.253196277471467,0.9041666666666668,-0.233855790928,0.0086505190311418,1.04460448367,0.9896193771626296,0.0116169261822376,0.9468930219146482,False,False,False
ACH-000749,0.5610366205305651,repair-low / removal-high,0.858578882814769,0.0083333333333333,0.2626736727563845,0.9354166666666668,-0.1207536289965,0.1141868512110726,0.88620132637,0.972318339100346,0.061260092272203,0.9538675028835064,False,False,False
ACH-000769,0.5607626874279124,repair-low / removal-high,0.965053332215199,0.4541666666666666,0.195589015562399,0.5354166666666667,-0.02058041695225,0.4913494809688581,0.523797414824,0.71280276816609,0.4727580738177623,0.6241097174163783,False,False,False
ACH-000863,0.5589064302191464,repair-low / removal-high,0.934777695441755,0.2083333333333333,0.214903100480896,0.7166666666666667,-0.0876229996295,0.2128027681660899,0.632767955972,0.8546712802768166,0.2105680507497116,0.7856689734717417,False,False,False
ACH-001008,0.5588235294117647,repair-high / removal-high,,,,,0.000808512907818,0.5899653979238755,0.421556851565,0.5017301038062284,0.5899653979238755,0.5017301038062284,True,False,False
ACH-000911,0.5584702998846598,repair-low / removal-high,0.9405730129846176,0.23125,0.237273208235184,0.8520833333333333,0.00781224167716,0.629757785467128,0.449652896822,0.5778546712802768,0.430503892733564,0.714969002306805,False,False,False
ACH-000955,0.5580017301038063,repair-low / removal-high,0.911210154860857,0.0895833333333333,0.221458306385894,0.7645833333333333,0.05903988435685,0.8044982698961938,0.571852645649,0.7820069204152249,0.4470408016147635,0.7732951268742791,False,False,False
ACH-000699,0.5570934256055363,repair-high / removal-low,,,,,0.107255558877,0.9152249134948096,0.31477013976,0.2958477508650519,0.9152249134948096,0.2958477508650519,False,False,False
ACH-000545,0.5542567762399078,repair-high / removal-high,0.999367817852571,0.6083333333333333,0.2146636775403969,0.7104166666666667,-0.0266620274516,0.4653979238754325,0.405647977295,0.4602076124567474,0.5368656286043829,0.585312139561707,True,False,False
ACH-000667,0.5530889561707035,repair-high / removal-low,0.9862476399030856,0.5604166666666667,0.2103470037775635,0.6729166666666667,0.0795526682108,0.8598615916955017,0.3281616783395,0.3235294117647059,0.7101391291810841,0.4982230392156863,False,False,False
ACH-000008,0.5512543252595156,repair-high / removal-low,1.02076479085803,0.6770833333333334,0.183622969162212,0.425,0.00149909647902,0.6020761245674741,0.3880058129379999,0.4359861591695502,0.6395797289504037,0.4304930795847751,False,False,False
ACH-000319,0.5493764417531719,repair-high / removal-low,1.24203098390027,0.9770833333333332,0.117050856378188,0.06875,0.0399665785315,0.7491349480968859,0.178185387838,0.0865051903114186,0.8631091407151096,0.0776275951557093,False,False,False
ACH-000784,0.5427227508650518,repair-high / removal-low,1.024919206753498,0.6958333333333333,0.1528050877728874,0.1729166666666666,0.240088150589,0.9948096885813148,0.199413874326,0.1141868512110726,0.8453215109573241,0.1435517589388696,False,False,False
ACH-000563,0.5414936562860438,repair-high / removal-low,1.00276302763227,0.6229166666666667,0.2149117559843409,0.71875,0.103864618687,0.903114186851211,0.2511354088965,0.1712802768166089,0.7630154267589389,0.4450151384083045,False,False,False
ACH-000810,0.5410070645905422,repair-high / removal-low,1.18399500285047,0.9416666666666668,0.146007911654052,0.1416666666666666,0.09444558664875,0.8858131487889274,0.140339225471,0.0622837370242214,0.913739907727797,0.101975201845444,False,False,False
ACH-000733,0.5404772202998847,repair-high / removal-low,1.198645314662115,0.95,0.12451405803324,0.08125,0.148731816791,0.9636678200692042,0.0920878213973,0.0311418685121107,0.956833910034602,0.0561959342560553,False,False,False
ACH-000244,0.5401708477508651,repair-high / removal-low,1.04946711250536,0.74375,0.1766580209758824,0.3354166666666666,-0.00500379392465,0.5588235294117647,0.344744496787,0.3529411764705882,0.6512867647058824,0.3441789215686274,False,False,False
ACH-000219,0.5390210495963091,repair-high / removal-low,1.01969502185359,0.6708333333333333,0.193105391287634,0.5145833333333333,-0.0334423902574,0.430795847750865,0.399733006921,0.4532871972318339,0.5508145905420991,0.4839352652825835,False,False,False
ACH-000891,0.5371431660899654,repair-low / removal-high,0.947305239660752,0.2875,0.226435190306133,0.7979166666666667,-0.0356794535609,0.4204152249134948,0.480728822986,0.6332179930795848,0.3539576124567474,0.7155673298731258,False,False,False
ACH-000495,0.5364186851211072,repair-low / removal-high,0.937547650398843,0.2166666666666666,0.229458715412514,0.8270833333333333,-0.01753573196415,0.5086505190311419,0.476162101093,0.6228373702422145,0.3626585928489043,0.7249603517877738,False,False,False
ACH-000954,0.5348615916955017,repair-low / removal-high,0.9560689424660832,0.36875,0.1937608175547549,0.51875,0.00694821794649,0.6245674740484429,0.506375882582,0.6868512110726643,0.4966587370242215,0.6028006055363322,False,False,False
ACH-000984,0.5344182525951557,repair-high / removal-low,1.053651901778225,0.7541666666666667,0.202554989224712,0.5958333333333333,0.0016008566393099,0.6038062283737025,0.29861380951,0.2681660899653979,0.6789864475201846,0.4319997116493656,False,False,False
ACH-000042,0.5336901672433679,repair-high / removal-low,1.061939849302765,0.7729166666666667,0.154511255649734,0.1833333333333333,0.0949669593373,0.8875432525951558,0.256952585284,0.1782006920415225,0.8302299596309113,0.1807670126874279,False,False,False
ACH-000396,0.5324250288350634,repair-low / removal-high,0.961628224238736,0.4291666666666666,0.1876393487627838,0.4770833333333333,-0.01409035679795,0.5242214532871973,0.52891580914,0.7249134948096886,0.4766940599769319,0.600998414071511,False,False,False
ACH-001113,0.5315816032295271,repair-high / removal-low,1.19797946964301,0.9479166666666666,0.178276047537922,0.3604166666666666,0.05050830520615,0.7750865051903114,0.128725191748,0.0553633217993079,0.861501585928489,0.2078899942329873,False,False,False
ACH-000374,0.5311526816608997,repair-high / removal-low,1.114683176713185,0.85625,0.152443460069976,0.16875,-0.0511609844694,0.3460207612456747,0.343147239545,0.3442906574394463,0.6011353806228373,0.2565203287197232,False,False,False
ACH-000384,0.5299307958477508,repair-high / removal-low,1.05495518909027,0.7583333333333333,0.166702000482438,0.2604166666666667,-0.004921561197115,0.5622837370242214,0.344253126054,0.3494809688581315,0.6603085351787774,0.3049488177623991,False,False,False
ACH-000098,0.5297505767012687,repair-low / removal-high,1.01851138302171,0.6666666666666666,0.1813042839977909,0.4,-0.0846214228849,0.2231833910034602,0.468740665769,0.6055363321799307,0.4449250288350634,0.5027681660899654,False,False,False
ACH-000403,0.529707324106113,repair-high / removal-low,1.17798962521028,0.93125,0.129441666369668,0.0916666666666666,-0.0144508604938,0.5224913494809689,0.265785655187,0.2041522491349481,0.7268706747404845,0.1479094579008073,False,False,False
ACH-000517,0.529123414071511,repair-high / removal-low,1.18376756353585,0.9395833333333332,0.0956608563629339,0.0354166666666666,-0.004638364267175,0.5657439446366782,0.283762039155,0.2422145328719723,0.7526636389850058,0.1388155997693194,False,False,False
ACH-001190,0.5290981833910035,repair-high / removal-low,1.016176628390995,0.6604166666666667,0.1870978433886669,0.4666666666666667,0.118569332323,0.9359861591695502,0.255538586567,0.1764705882352941,0.7982014129181084,0.3215686274509804,False,False,False
ACH-000663,0.5285395040369089,repair-low / removal-high,0.921087111214671,0.13125,0.2210345087190794,0.7583333333333333,-0.107764644302,0.1453287197231834,0.6486633084575,0.8685121107266436,0.1382893598615917,0.8134227220299884,False,False,False
ACH-000221,0.5281970876585929,repair-low / removal-high,0.97914003361368,0.5229166666666667,0.2210749123979354,0.7604166666666666,-0.0514076183388,0.3442906574394463,0.4341298999874999,0.5294117647058824,0.4336036620530565,0.6449142156862745,False,False,False
ACH-000097,0.5263155997693195,repair-low / removal-high,0.9257029066462804,0.1625,0.2194098081318787,0.75,-0.07168922749935,0.2837370242214533,0.60275478751,0.8131487889273357,0.2231185121107266,0.7815743944636678,False,False,False
ACH-000445,0.5256559976931949,repair-high / removal-low,1.022102925050595,0.6854166666666667,0.1837204429136354,0.4291666666666666,-0.015473676945,0.5190311418685121,0.381444762594,0.4325259515570934,0.6022239042675894,0.43084630911188,False,False,False
ACH-000172,0.5246359573241062,repair-high / removal-high,0.992124130750235,0.5791666666666667,0.241768572030732,0.86875,-0.00877592187001,0.5449826989619377,0.327571685882,0.3217993079584775,0.5620746828143022,0.5952746539792387,True,False,False
ACH-000011,0.5243187716262976,repair-high / removal-high,0.950461103512021,0.3229166666666667,0.187142157032232,0.46875,0.0630139643128,0.8183391003460208,0.499274420351,0.6678200692041523,0.5706278835063437,0.5682850346020761,True,False,False
ACH-000582,0.5176326412918109,repair-high / removal-low,0.969684102267155,0.4833333333333333,0.1859764208173404,0.4458333333333333,0.0369356977777999,0.7318339100346021,0.43393131137,0.5259515570934256,0.6075836216839677,0.4858924452133795,False,False,False
ACH-000735,0.5165765570934256,repair-low / removal-high,0.90271528838273,0.0604166666666666,0.272117681027502,0.9583333333333334,-0.0233417753117999,0.4792387543252595,0.443006095633,0.5657439446366782,0.2698277104959631,0.7620386389850058,False,False,False
ACH-000312,0.5164323817762398,repair-low / removal-high,0.949719998519073,0.3125,0.2066998454642886,0.64375,-0.0393868644172,0.4065743944636678,0.505132755559,0.6833910034602076,0.3595371972318339,0.6635705017301039,False,False,False
ACH-000906,0.5163783160322952,repair-low / removal-high,0.941307508708863,0.2395833333333333,0.21110974145701,0.6854166666666667,-0.136977203523,0.0813148788927335,0.618399109855,0.8408304498269896,0.1604491061130334,0.7631235582468281,False,False,False
ACH-000302,0.5163602941176471,repair-high / removal-low,1.17128928779994,0.9270833333333334,0.127242772284273,0.0875,-0.02057874551725,0.4930795847750865,0.253831193545,0.1747404844290657,0.7100814590542099,0.1311202422145329,False,False,False
ACH-000764,0.5156358131487889,repair-low / removal-high,0.951954503287589,0.3354166666666666,0.1970976633470185,0.5458333333333333,-0.0804526276857,0.2404844290657439,0.577200866577,0.7958477508650519,0.2879505478662053,0.6708405420991925,False,False,False
ACH-000670,0.5154772202998846,repair-low / removal-high,0.920684324924621,0.1291666666666666,0.2286778400486809,0.8166666666666667,0.0770959533725,0.8581314878892734,0.413886050505,0.4775086505190311,0.49364907727797,0.6470876585928489,False,False,False
ACH-000090,0.5120134083044983,repair-low / removal-high,0.952810275824444,0.3458333333333333,0.1837001044970809,0.4270833333333333,0.007816679141285,0.6314878892733564,0.5451468609095,0.7491349480968859,0.4886606113033448,0.5881091407151096,False,False,False
ACH-000846,0.5112348615916955,repair-low / removal-high,0.8718794556489371,0.0270833333333333,0.252521906417673,0.9,0.07225450513385,0.8460207612456747,0.5192083739865,0.7076124567474048,0.436552047289504,0.8038062283737024,False,False,False
ACH-000665,0.510805940023068,repair-low / removal-low,1.019485568425753,0.66875,0.1694256518393164,0.2708333333333333,-0.113703884204,0.1349480968858131,0.5026323159255,0.6764705882352942,0.4018490484429066,0.4736519607843137,False,False,False
ACH-000919,0.5105752595155709,repair-high / removal-high,0.9651438449733376,0.45625,0.2164788390376559,0.7354166666666667,0.01024851845415,0.6384083044982699,0.393386771273,0.4411764705882353,0.5473291522491349,0.588296568627451,True,False,False
ACH-000030,0.509969723183391,repair-low / removal-high,0.948635133568939,0.3041666666666666,0.2033517684479084,0.6020833333333333,-0.0511031812384999,0.3477508650519031,0.5303200087555,0.7301038062283737,0.3259587658592848,0.6660935697808534,False,False,False
ACH-000316,0.5088235294117647,repair-low / removal-high,0.95011097885506,0.3166666666666666,0.206396537309227,0.6375,0.019117158889,0.6764705882352942,0.436644783666,0.5415224913494809,0.4965686274509804,0.5895112456747404,False,False,False
ACH-000087,0.5026239907727796,repair-low / removal-high,0.882237414443815,0.0333333333333333,0.263605093984655,0.9375,-0.00722847255693,0.5519031141868512,0.5003635041835,0.6695501730103807,0.2926182237600923,0.8035250865051904,False,False,False
ACH-000141,0.4996395617070357,repair-high / removal-low,1.110040499472595,0.8479166666666667,0.1443103031674945,0.1375,0.012190496633,0.6470588235294118,0.257430149362,0.1799307958477508,0.7474877450980393,0.1587153979238754,False,False,False
ACH-000738,0.4984320934256055,repair-low / removal-low,1.01167711337752,0.6395833333333333,0.187386717470567,0.4708333333333333,-0.0754175068693999,0.2681660899653979,0.431282721059,0.5207612456747405,0.4538747116493656,0.4957972895040369,False,False,False
ACH-000680,0.4972750865051902,repair-high / removal-low,1.11852090635744,0.8645833333333334,0.156794373587677,0.1958333333333333,0.167809983358,0.9740484429065744,0.0570912498477,0.0259515570934256,0.919315888119954,0.1108924452133794,False,False,False
ACH-000671,0.4969290657439447,repair-low / removal-high,0.948787774531528,0.30625,0.2350434315053144,0.84375,-0.125215872959,0.102076124567474,0.510786523788,0.6937716262975778,0.204163062283737,0.7687608131487889,False,False,False
ACH-000800,0.4968173298731257,repair-low / removal-high,0.948074331546651,0.3,0.203655815871551,0.60625,-0.1510394007855,0.0588235294117647,0.616712586841,0.8373702422145328,0.1794117647058823,0.7218101211072664,False,False,False
ACH-000261,0.4956026528258361,repair-low / removal-high,0.9582359932648494,0.39375,0.210017829327099,0.6708333333333333,-0.127723141629,0.0934256055363321,0.5369509932755,0.740484429065744,0.243587802768166,0.7056588811995386,False,False,False
ACH-000331,0.4952602364475201,repair-high / removal-low,1.089434624039785,0.81875,0.1517067132114909,0.1645833333333333,-0.0264205264267999,0.4671280276816609,0.307837271865,0.28719723183391,0.6429390138408304,0.2258902825836217,False,False,False
ACH-000243,0.4936058246828143,repair-low / removal-high,0.9286024825121036,0.1791666666666666,0.229345971046718,0.825,-0.127584389531,0.0951557093425605,0.5619120111425,0.7681660899653979,0.1371611880046136,0.7965830449826989,False,False,False
ACH-000046,0.4933715397923875,repair-high / removal-high,0.945082720530107,0.2645833333333333,0.1938693775200095,0.5229166666666667,0.0921829972292,0.8771626297577855,0.420384439131,0.4982698961937716,0.5708729815455594,0.5105932814302192,True,False,False
ACH-000674,0.4919550173010381,repair-low / removal-high,0.890000654300151,0.04375,0.2223972324596955,0.7729166666666667,-0.101687422727,0.1608996539792387,0.696114206062,0.9013840830449829,0.1023248269896193,0.8371503748558247,False,False,False
ACH-000027,0.4904591983852364,repair-high / removal-low,1.1124783116193,0.85,0.1409791533858519,0.1208333333333333,-0.07576796516055,0.2664359861591695,0.335227034143,0.3339100346020761,0.5582179930795848,0.2273716839677047,False,False,False
ACH-000082,0.4878784602076124,repair-high / removal-low,1.07900556847671,0.7979166666666667,0.142015616328245,0.1291666666666666,0.136952944096,0.9550173010380624,0.165847979005,0.0778546712802768,0.8764669838523644,0.1035106689734717,False,False,False
ACH-000990,0.4845516147635524,repair-low / removal-high,0.9934293499639916,0.58125,0.1806196104000001,0.3916666666666666,-0.106489787291,0.1487889273356401,0.503653716909,0.6816608996539792,0.3650194636678201,0.5366637831603229,False,False,False
ACH-000217,0.4835495963091119,repair-high / removal-low,1.037635915262395,0.7208333333333333,0.161215351770823,0.2166666666666666,0.15337631422,0.967128027681661,0.1922012719,0.1003460207612456,0.8439806805074972,0.1585063437139561,False,False,False
ACH-001007,0.4809688581314879,repair-low / removal-high,,,,,-0.0834275047866,0.2266435986159169,0.4742927306195,0.6211072664359861,0.2266435986159169,0.6211072664359861,False,False,False
ACH-000965,0.4809472318339101,repair-low / removal-high,0.939540731684517,0.2270833333333333,0.2157081554923006,0.725,-0.0900913976899,0.2058823529411764,0.5174058440385,0.7041522491349481,0.2164828431372549,0.714576124567474,False,False,False
ACH-000401,0.4808607266435986,repair-low / removal-high,0.9523730579809816,0.3395833333333333,0.212421522762195,0.6895833333333333,-0.0123058855171,0.5311418685121108,0.420202227519,0.4965397923875432,0.435362600922722,0.5930615628604383,False,False,False
ACH-000091,0.4802840253748558,repair-high / removal-high,0.9562098184683234,0.3708333333333333,0.2452793339776905,0.8708333333333333,0.0230323634332,0.6816608996539792,0.313403121124,0.2941176470588235,0.5262471164936563,0.5824754901960785,True,False,False
ACH-000164,0.4797253460207612,repair-high / removal-low,1.1034044376758,0.8375,0.148653165069769,0.15,-0.0323388417698,0.4394463667820069,0.265746945402,0.2024221453287197,0.6384731833910035,0.1762110726643598,False,False,False
ACH-000903,0.4792531718569781,repair-high / removal-low,0.9979184750305854,0.6020833333333333,0.1607627356866667,0.2125,0.0692854743354,0.8373702422145328,0.350148060459,0.3667820069204152,0.7197267877739331,0.2896410034602076,False,False,False
ACH-000696,0.4764345444059977,repair-high / removal-low,1.01269871262167,0.64375,0.1825679586765469,0.4125,0.0257731574436,0.6920415224913494,0.319791491341,0.3044982698961938,0.6678957612456747,0.3584991349480969,False,False,False
ACH-000322,0.4745674740484429,repair-low / removal-high,0.925817779689034,0.1666666666666666,0.1994743607909219,0.56875,-0.0987095982768,0.1712802768166089,0.631717037649,0.8529411764705882,0.1689734717416378,0.7108455882352941,False,False,False
ACH-000274,0.4733023356401384,repair-high / removal-low,1.30571420143681,0.9916666666666668,0.0,0.003125,0.148201059267,0.9619377162629758,0.00889201851294,0.0069204152249134,0.9768021914648212,0.0050227076124567,False,False,False
ACH-000232,0.4731401384083045,repair-high / removal-low,0.9720769457553224,0.4916666666666666,0.1673448433058679,0.2666666666666666,0.0903349758558,0.8737024221453287,0.394886153646,0.4463667820069204,0.6826845444059977,0.3565167243367935,False,False,False
ACH-000768,0.4730139850057669,repair-high / removal-high,1.00170465660385,0.6208333333333333,0.2206104740635526,0.7541666666666667,-0.0048265981512025,0.5640138408304498,0.288918983993,0.2508650519031142,0.5924235870818916,0.5025158592848904,True,False,False
ACH-000075,0.472318339100346,repair-high / removal-low,,,,,0.0033202039007899,0.6141868512110726,0.383717871046,0.4342560553633218,0.6141868512110726,0.4342560553633218,False,False,False
ACH-000898,0.4690779988465974,repair-low / removal-high,0.932020474701809,0.1875,0.2014619305157498,0.58125,0.0074436674985149,0.6262975778546713,0.498843060462,0.6660899653979239,0.4068987889273356,0.623669982698962,False,False,False
ACH-000775,0.4648464532871972,repair-high / removal-low,1.235393773184665,0.9708333333333332,0.0785193220381295,0.0291666666666666,0.06276118302275,0.8166089965397924,0.0558791751045,0.0242214532871972,0.8937211649365628,0.0266940599769319,False,False,False
ACH-000479,0.4623233852364475,repair-high / removal-low,0.9911924103518486,0.5770833333333333,0.170345464051677,0.2770833333333333,-0.0016675326539,0.5778546712802768,0.400593549059,0.4567474048442906,0.577469002306805,0.366915369088812,False,False,False
ACH-000637,0.4619809688581314,repair-high / removal-low,1.04303820594197,0.7291666666666666,0.185915935163903,0.44375,0.02014395300945,0.6782006920415224,0.24452638715,0.1608996539792387,0.7036836793540946,0.3023248269896194,False,False,False
ACH-000603,0.4609429065743945,repair-low / removal-high,0.962123032805288,0.4333333333333333,0.1854967657797566,0.4416666666666666,-0.0597082538469,0.3183391003460207,0.503603685219,0.6799307958477508,0.375836216839677,0.5607987312572087,False,False,False
ACH-000796,0.4608744232987313,repair-high / removal-low,0.961226174522806,0.4270833333333333,0.1937644479771063,0.5208333333333334,0.0582097568231499,0.801038062283737,0.353167697197,0.3719723183391003,0.6140606978085351,0.4464028258362168,False,False,False
ACH-000028_FAILED_STR,0.4602076124567474,repair-low / removal-high,,,,,-0.0450153386393,0.3875432525951557,0.4281610864665,0.5121107266435986,0.3875432525951557,0.5121107266435986,False,False,False
ACH-000138,0.4588523644752018,repair-low / removal-high,0.916728272436543,0.1104166666666666,0.1861227420376752,0.4541666666666666,0.00644013692573,0.6228373702422145,0.5587129975285,0.7629757785467128,0.3666270184544405,0.6085712226066897,False,False,False
ACH-000458,0.4587478373702422,repair-low / removal-low,1.016116777291305,0.6583333333333333,0.197618413219802,0.55,-0.1014284954215,0.1626297577854671,0.394104370797,0.4429065743944637,0.4104815455594002,0.4964532871972318,False,False,False
ACH-000783,0.4562824394463668,repair-high / removal-low,1.20202630817141,0.9520833333333332,0.0768229773145929,0.0270833333333333,0.03104582647885,0.71280276816609,0.131459212428,0.060553633217993,0.8324430507497116,0.0438184832756632,False,False,False
ACH-000809,0.4533881199538638,repair-low / removal-low,0.972431502976428,0.49375,0.1792514939116957,0.375,-0.0488006520506,0.3581314878892733,0.4680733156,0.6020761245674741,0.4259407439446366,0.488538062283737,False,False,False
ACH-000085,0.4515570934256055,repair-low / removal-low,,,,,-0.0258215386266,0.4688581314878893,0.4061315902819999,0.4619377162629758,0.4688581314878893,0.4619377162629758,False,False,False
ACH-000477,0.4469795271049596,repair-high / removal-low,1.196684649023195,0.9458333333333332,0.100877723625861,0.04375,0.00202108830627,0.6089965397923875,0.104700985616,0.0363321799307958,0.7774149365628604,0.0400410899653979,False,False,False
ACH-000774,0.4465037485582468,repair-high / removal-low,1.23440656204192,0.96875,0.0762984120023699,0.025,0.07984693405155,0.8615916955017301,-0.0311020060294,0.0034602076124567,0.9151708477508652,0.0142301038062283,False,False,False
ACH-000361,0.4459739042675893,repair-low / removal-high,0.920304482763124,0.125,0.2330967104786745,0.8375,-0.1573188900515,0.0449826989619377,0.564190183767,0.7716262975778547,0.0849913494809688,0.8045631487889273,False,False,False
ACH-000468,0.4443627450980392,repair-high / removal-low,1.07313100722112,0.7895833333333333,0.1614724570103379,0.2208333333333333,0.0138670184694,0.6591695501730104,0.19823126624,0.1107266435986159,0.7243764417531718,0.1657799884659746,False,False,False
ACH-000580,0.4429065743944637,repair-high / removal-low,,,,,-0.01399822626405,0.5259515570934256,0.38996133194,0.4394463667820069,0.5259515570934256,0.4394463667820069,False,False,False
ACH-000473,0.4381668108419838,repair-low / removal-high,0.91175938989655,0.0916666666666666,0.226794724139871,0.8041666666666667,-0.0235290484127,0.4775086505190311,0.4792826600405,0.629757785467128,0.2845876585928489,0.7169622260668973,False,False,False
ACH-000323,0.4372837370242214,repair-high / removal-low,0.9393535300035204,0.225,0.197432271197513,0.5479166666666667,0.06367106908,0.8200692041522492,0.395078113972,0.4498269896193771,0.5225346020761246,0.4988718281430219,False,False,False
ACH-000569,0.4369953863898501,repair-low / removal-high,0.911900447668184,0.09375,0.1800457089748089,0.3833333333333333,-0.1400582951795,0.0778546712802768,0.69986094327,0.9048442906574394,0.0858023356401384,0.6440888119953864,False,False,False
ACH-000207,0.4339496828143022,repair-low / removal-high,0.957195971938916,0.3854166666666667,0.1900005668458489,0.4958333333333333,-0.017508768583,0.5103806228373703,0.434622730992,0.5311418685121108,0.4478986447520184,0.513487600922722,False,False,False
ACH-000657,0.4330413783160323,repair-low / removal-high,0.8672640578725455,0.0208333333333333,0.229793044019703,0.8291666666666667,-0.1169033870675,0.1193771626297577,0.661575008525,0.8771626297577855,0.0701052479815455,0.8531646482122262,False,False,False
ACH-000651,0.4315167243367935,repair-high / removal-low,0.9471443474671646,0.2854166666666666,0.2124592904160338,0.6916666666666667,0.0658363909937,0.828719723183391,0.31146846729,0.2889273356401384,0.5570681949250289,0.4902970011534025,False,False,False
ACH-000411,0.4299416089965398,repair-low / removal-high,0.957936668362816,0.3916666666666666,0.186445435554187,0.45625,-0.08147532377065,0.2335640138408304,0.501406493182,0.6730103806228374,0.3126153402537485,0.5646301903114187,False,False,False
ACH-000778,0.4298298731257209,repair-low / removal-high,0.975397341052887,0.5,0.233486238867861,0.8395833333333333,-0.0810289186589,0.2352941176470588,0.3556892150825,0.3754325259515571,0.3676470588235294,0.6075079296424453,False,False,False
ACH-000447,0.4295703575547867,repair-low / removal-high,0.9372112399780236,0.2125,0.2048078991337265,0.6208333333333333,-0.04574365267145,0.3788927335640138,0.470353541983,0.615916955017301,0.2956963667820069,0.6183751441753171,False,False,False
ACH-000992_FAILED_STR,0.4290657439446367,repair-low / removal-high,,,,,-0.15497881191,0.0519031141868512,0.522923201271,0.7110726643598616,0.0519031141868512,0.7110726643598616,False,False,False
ACH-000791,0.4283448673587082,repair-high / removal-low,1.02025689276582,0.6729166666666667,0.1761682444025585,0.3291666666666666,-0.02698857882695,0.4619377162629758,0.326194854132,0.3166089965397924,0.5674271914648212,0.3228878316032295,False,False,False
ACH-000330,0.4256055363321799,repair-high / removal-low,,,,,0.04002002273375,0.7508650519031141,0.3274627270575,0.3200692041522491,0.7508650519031141,0.3200692041522491,False,False,False
ACH-000650,0.4245927047289504,repair-low / removal-high,0.943847179222511,0.25625,0.201855218732243,0.5875,-0.0210736823627,0.4896193771626297,0.430697090323,0.5190311418685121,0.3729346885813148,0.553265570934256,False,False,False
ACH-000971,0.4243115628604383,repair-low / removal-high,0.9607957969412112,0.41875,0.1892844644043438,0.4916666666666666,-0.08829481098715,0.2110726643598615,0.485417730343,0.6453287197231834,0.3149113321799308,0.568497693194925,False,False,False
ACH-000450,0.4225742502883506,repair-low / removal-high,0.903506589160723,0.0625,0.208696291876796,0.6625,-0.0323798754202,0.4377162629757785,0.531770895877,0.7335640138408305,0.2501081314878892,0.6980320069204152,False,False,False
ACH-000609,0.4221525374855824,repair-low / removal-high,0.880311441624181,0.03125,0.2458870272495859,0.8729166666666667,-0.0441461562018,0.3910034602076124,0.513445879862,0.698961937716263,0.2111267301038062,0.7859393021914649,False,False,False
ACH-000853,0.4216947808535179,repair-low / removal-high,0.956214708573504,0.3729166666666667,0.18021879310778,0.3854166666666667,-0.08088293710815,0.2387543252595155,0.525703485748,0.7197231833910035,0.3058354959630911,0.5525699250288351,False,False,False
ACH-000627,0.4193014705882353,repair-low / removal-high,0.9531936560801356,0.35,0.2145231107733269,0.7083333333333334,-0.116277418163,0.1262975778546712,0.464763898783,0.5951557093425606,0.2381487889273356,0.6517445213379469,False,False,False
ACH-000787,0.4190635813148789,repair-high / removal-low,0.9537440135615604,0.3541666666666667,0.1770575197025596,0.3395833333333333,0.112453515009,0.9221453287197232,0.3433649926665,0.3460207612456747,0.638155997693195,0.342802047289504,False,False,False
ACH-000622,0.4176146193771626,repair-high / removal-low,1.1099491412846,0.8458333333333333,0.10740176412124,0.05625,0.0342915647503,0.7249134948096886,0.179057136981,0.088235294117647,0.785373414071511,0.0722426470588235,False,False,False
ACH-000859,0.416955017301038,repair-low / removal-low,,,,,-0.04788025937135,0.3615916955017301,0.41280079894,0.4757785467128028,0.3615916955017301,0.4757785467128028,False,False,False
ACH-000351,0.4144319492502883,repair-high / removal-low,0.9988791748285576,0.60625,0.188700104679911,0.4854166666666666,0.0652587501976,0.8269896193771626,0.241555596611,0.1522491349480969,0.7166198096885813,0.3188329008073818,False,False,False
ACH-000601,0.4138912918108419,repair-high / removal-high,0.9168511998717936,0.1125,0.216709024425568,0.7375,0.09846847037905,0.8979238754325259,0.346008060931,0.3546712802768166,0.5052119377162629,0.5460856401384083,True,False,False
ACH-000934,0.4134948096885813,repair-high / removal-low,,,,,0.0375650409824,0.7352941176470589,0.323830336773,0.3114186851211072,0.7352941176470589,0.3114186851211072,False,False,False
ACH-000231,0.4128171856978085,repair-low / removal-high,0.959471018307519,0.4104166666666666,0.185196488762228,0.4354166666666667,-0.0777799635236499,0.2543252595155709,0.483377095637,0.6401384083044983,0.3323709630911188,0.5377775374855824,False,False,False
ACH-000881,0.4124675605536332,repair-high / removal-low,0.980631013934862,0.5291666666666667,0.177909413349552,0.3541666666666667,-0.0112740954721,0.5415224913494809,0.3762950443055,0.4117647058823529,0.5353445790080738,0.3829656862745098,False,False,False
ACH-000542,0.411451124567474,repair-low / removal-high,0.924094146753333,0.15,0.178822648285304,0.3708333333333333,-0.0455763170015,0.3806228373702422,0.549453973168,0.754325259515571,0.2653114186851211,0.5625792964244521,False,False,False
ACH-000884,0.4093029123414071,repair-low / removal-low,0.9603324713435156,0.4145833333333333,0.179941248011941,0.38125,-0.0255310305675,0.4705882352941176,0.440850950775,0.5570934256055363,0.4425857843137255,0.4691717128027681,False,False,False
ACH-000947,0.4089460784313725,repair-low / removal-high,0.8924348054783116,0.05,0.2253195115575634,0.7895833333333333,-0.0331896866393,0.4325259515570934,0.506175327684,0.6851211072664359,0.2412629757785467,0.7373522202998846,False,False,False
ACH-000023,0.408527970011534,repair-high / removal-low,0.94825062041306,0.3020833333333333,0.2002965535694085,0.5729166666666666,0.0611629948149,0.8079584775086506,0.33167140714,0.328719723183391,0.5550209054209919,0.4508181949250288,False,False,False
ACH-000470,0.4083044982698962,repair-low / removal-high,,,,,-0.1861334725535,0.0276816608996539,0.5441227587495,0.7474048442906575,0.0276816608996539,0.7474048442906575,False,False,False
ACH-000648,0.4015498846597462,repair-high / removal-low,1.01490683857418,0.6541666666666667,0.2063009147267904,0.6354166666666666,-0.008275581792235,0.5484429065743944,0.18743342007,0.0968858131487889,0.6013047866205306,0.3661512399077278,False,False,False
ACH-000390,0.4011497981545559,repair-low / removal-low,0.9544146142473784,0.3625,0.1976699378216729,0.5520833333333334,0.000845616538335,0.5934256055363322,0.371026030098,0.4048442906574394,0.477962802768166,0.4784638119953864,False,False,False
ACH-000837,0.3973219434832756,repair-high / removal-low,0.994851600021932,0.5875,0.1723495528680935,0.2958333333333333,0.1070210189685,0.9134948096885812,0.22312734025,0.1349480968858131,0.7504974048442907,0.2153907151095732,False,False,False
ACH-000423,0.3972858996539792,repair-low / removal-low,1.033997474581645,0.7104166666666667,0.1303472352080089,0.0958333333333333,-0.0703296727588,0.28719723183391,0.410332882154,0.4705882352941176,0.4988069492502883,0.2832107843137255,False,False,False
ACH-000265,0.3943122837370242,repair-low / removal-low,0.956508976293138,0.3791666666666666,0.1724995757406625,0.2979166666666666,-0.00498279573102,0.5605536332179931,0.435639255557,0.5363321799307958,0.4698601499423299,0.4171244232987312,False,False,False
ACH-000711,0.3941356689734717,repair-low / removal-low,0.946223299278864,0.2770833333333333,0.1826530150821812,0.4166666666666667,0.017678929167,0.6695501730103807,0.414862227761,0.4809688581314879,0.473316753171857,0.4488177623990773,False,False,False
ACH-000988,0.3933751441753171,repair-low / removal-low,1.02270667436601,0.69375,0.1929296567248659,0.5125,-0.0765928649319,0.2577854671280277,0.263023308193,0.1972318339100346,0.4757677335640138,0.3548659169550173,False,False,False
ACH-000628,0.3932742214532871,repair-high / removal-low,0.978783154767003,0.5208333333333334,0.1664045077963164,0.2583333333333333,0.114418874439,0.9273356401384084,0.274395256136,0.2231833910034602,0.7240844867358709,0.2407583621683968,False,False,False
ACH-000001,0.3927335640138408,repair-high / removal-low,,,,,0.164769380536,0.972318339100346,0.1860296014575,0.0934256055363321,0.972318339100346,0.0934256055363321,False,False,False
ACH-000921,0.3916017877739331,repair-high / removal-low,0.952758047060596,0.34375,0.2137418304872169,0.7,0.0301778741208499,0.7110726643598616,0.2986583274709999,0.2698961937716263,0.5274113321799307,0.4849480968858131,False,False,False
ACH-000819,0.3904664071510957,repair-high / removal-low,0.9641339128468476,0.4395833333333333,0.1778328364056125,0.3520833333333333,0.0134222809151,0.6557093425605537,0.3801228438965,0.4238754325259515,0.5476463379469435,0.3879793829296424,False,False,False
ACH-000970,0.3865808823529412,repair-high / removal-low,1.174364038817495,0.9291666666666668,0.060556065138046,0.01875,0.0414077042124,0.7577854671280276,0.0493190287435,0.0207612456747404,0.8434760668973471,0.0197556228373702,False,False,False
ACH-000856,0.3860546424452133,repair-low / removal-high,0.946617434085762,0.2791666666666667,0.202547374699094,0.59375,-0.07230045794675,0.2768166089965398,0.4412123983275,0.5605536332179931,0.2779916378316032,0.5771518166089966,False,False,False
ACH-000472,0.3850850634371395,repair-low / removal-low,0.972734803592482,0.4958333333333333,0.181148224167134,0.3979166666666666,-0.0229409861132,0.4826989619377163,0.373536930298,0.4083044982698962,0.4892661476355248,0.4031105824682814,False,False,False
ACH-000956,0.3837045847750865,repair-low / removal-high,0.937349038277838,0.2145833333333333,0.2031794820399495,0.6,-0.0182732932722,0.5069204152249135,0.410066025024,0.4688581314878893,0.3607518742791234,0.5344290657439447,False,False,False
ACH-000811,0.3826593137254902,repair-low / removal-low,0.9459388600710994,0.2729166666666666,0.173167808091515,0.3020833333333333,-0.0653038402243,0.3027681660899654,0.5029377973995,0.6782006920415224,0.287842416378316,0.4901420126874278,False,False,False
ACH-000608,0.3788927335640138,repair-high / removal-low,,,,,0.0623472159273,0.8131487889273357,0.285123722765,0.245674740484429,0.8131487889273357,0.245674740484429,False,False,False
ACH-000291,0.3771626297577855,repair-high / removal-low,,,,,0.0877684711224,0.8719723183391004,0.2585779028755,0.1816608996539792,0.8719723183391004,0.1816608996539792,False,False,False
ACH-000437,0.3763660611303345,repair-high / removal-low,0.960596160683162,0.4166666666666667,0.204586637400737,0.6166666666666667,0.0267110835650999,0.698961937716263,0.292719463627,0.259515570934256,0.5578143021914649,0.4380911188004613,False,False,False
ACH-000368,0.374657583621684,repair-low / removal-high,0.981319649799426,0.5375,0.2087863631613948,0.6645833333333333,-0.1899209131965,0.0242214532871972,0.451205288748,0.5813148788927336,0.2808607266435986,0.6229491061130334,False,False,False
ACH-000452,0.3740087946943483,repair-high / removal-low,1.05519179252919,0.7604166666666666,0.1615108381959349,0.2229166666666666,-0.052590434677,0.3408304498269896,0.206191346789,0.115916955017301,0.5506235582468282,0.1694168108419838,False,False,False
ACH-000677,0.3733672145328719,repair-high / removal-low,0.977054561018609,0.5104166666666666,0.2014883307700099,0.5833333333333334,0.0111766569401549,0.643598615916955,0.271751076624,0.2179930795847751,0.5770076412918108,0.4006632064590542,False,False,False
ACH-000486,0.369294261822376,repair-low / removal-high,0.865482577820209,0.01875,0.247325770951447,0.8770833333333333,-0.142450630183,0.07439446366782,0.579966213165,0.8027681660899654,0.04657223183391,0.8399257497116493,False,False,False
ACH-000454,0.3683318915801614,repair-low / removal-low,0.9796916971395392,0.525,0.1766558628121526,0.3333333333333333,-0.1273045978565,0.0968858131487889,0.457295956525,0.5882352941176471,0.3109429065743945,0.4607843137254902,False,False,False
ACH-000759,0.3676722895040369,repair-high / removal-low,1.16313636072825,0.9208333333333332,0.062055281585768,0.0208333333333333,0.0985413494973,0.8996539792387543,-0.0330524121543499,0.0017301038062283,0.910243656286044,0.0112817185697808,False,False,False
ACH-000693,0.3674524221453287,repair-high / removal-low,0.994204681616862,0.5854166666666667,0.1824522469834339,0.40625,-0.0218945863496,0.486159169550173,0.306298648989,0.2820069204152249,0.5357879181084199,0.3441284602076124,False,False,False
ACH-000721,0.3667027104959631,repair-low / removal-high,0.938620083006249,0.2208333333333333,0.198431749066825,0.55625,-0.0473891833576499,0.3650519031141868,0.437934402592,0.5467128027681661,0.2929426182237601,0.5514814013840831,False,False,False
ACH-000758,0.3664179642445213,repair-high / removal-low,1.16039988623101,0.91875,0.0586686311573589,0.0166666666666666,-0.01481683257775,0.5207612456747405,0.124808803957,0.0501730103806228,0.7197556228373703,0.0334198385236447,False,False,False
ACH-000638,0.3650519031141868,repair-low / removal-low,,,,,-0.04845401512255,0.3598615916955017,0.389894329785,0.4377162629757785,0.3598615916955017,0.4377162629757785,False,False,False
ACH-000739,0.3581314878892733,repair-high / removal-low,,,,,0.114389738664,0.92560553633218,0.222296734715,0.1332179930795847,0.92560553633218,0.1332179930795847,False,False,False
ACH-000107,0.3552912341407151,repair-high / removal-low,1.06451765631443,0.7791666666666667,0.127129657459719,0.0854166666666666,-0.000755099951283,0.5813148788927336,0.213861549028,0.1245674740484429,0.6802407727797002,0.1049920703575547,False,False,False
ACH-000698,0.3546712802768166,repair-high / removal-low,,,,,0.0745846514525999,0.8546712802768166,0.261661113616,0.1903114186851211,0.8546712802768166,0.1903114186851211,False,False,False
ACH-000777,0.3531862745098039,repair-low / removal-high,0.9407083762413024,0.2333333333333333,0.224475259357464,0.7854166666666667,-0.155618694452,0.0501730103806228,0.4506956004205,0.5795847750865052,0.141753171856978,0.6825007208765859,False,False,False
ACH-000623,0.3512110726643598,repair-low / removal-low,,,,,-0.0786224686561,0.245674740484429,0.412375544391,0.4740484429065744,0.245674740484429,0.4740484429065744,False,False,False
ACH-000839,0.3504613610149942,repair-low / removal-high,0.921646230104904,0.1354166666666666,0.217258647299236,0.7416666666666667,-0.156315017765,0.0484429065743944,0.526966847474,0.7214532871972318,0.0919297866205305,0.7315599769319492,False,False,False
ACH-000288,0.3496647923875432,repair-low / removal-high,0.890985545280799,0.0479166666666666,0.2362032371652864,0.8479166666666667,-0.168262406608,0.0346020761245674,0.561990723317,0.7698961937716263,0.041259371395617,0.8089064302191464,False,False,False
ACH-000092,0.3486627739331026,repair-low / removal-high,0.95052106004569,0.325,0.197702024358537,0.5541666666666667,-0.1425098949335,0.0726643598615917,0.486145819507,0.6470588235294118,0.1988321799307958,0.6006127450980392,False,False,False
ACH-000998,0.3442906574394463,repair-low / removal-low,,,,,-0.02962742578125,0.4498269896193771,0.360478116862,0.3875432525951557,0.4498269896193771,0.3875432525951557,False,False,False
ACH-000174,0.3440888119953864,repair-low / removal-high,0.943982685170312,0.2583333333333333,0.196970322841258,0.54375,-0.08357282406295,0.2249134948096885,0.441314740709,0.5622837370242214,0.2416234140715109,0.5530168685121106,False,False,False
ACH-000318,0.3436923298731257,repair-high / removal-low,1.05017501656055,0.7458333333333333,0.1399649510107838,0.1145833333333333,0.0961444609039,0.889273356401384,0.105356868601,0.0380622837370242,0.8175533448673586,0.0763228085351787,False,False,False
ACH-000149,0.3391003460207612,repair-high / removal-low,,,,,0.093405138189,0.8806228373702422,0.2355543999645,0.1470588235294117,0.8806228373702422,0.1470588235294117,False,False,False
ACH-000987,0.3371539792387543,repair-low / removal-low,0.9827256196008056,0.54375,0.1710293941076485,0.2875,-0.15795774182,0.0432525951557093,0.470210805409,0.6141868512110726,0.2935012975778546,0.4508434256055363,False,False,False
ACH-000192,0.3369521337946943,repair-low / removal-high,0.8960428560400215,0.05625,0.217703365068583,0.74375,0.0266398458093,0.6955017301038062,0.378789000667,0.4186851211072664,0.3758758650519031,0.5812175605536332,False,False,False
ACH-000927,0.3368223760092272,repair-high / removal-low,1.1349480436385,0.8958333333333334,0.04107715274027,0.0145833333333333,-0.0137340305888,0.527681660899654,0.2658436458765,0.2076124567474048,0.7117574971164937,0.111097895040369,False,False,False
ACH-000521,0.3364655420991926,repair-high / removal-low,0.968435027938869,0.475,0.1854229002063614,0.4395833333333333,-0.0112930150237,0.5397923875432526,0.3226606141185,0.3096885813148789,0.5073961937716263,0.3746359573241061,False,False,False
ACH-000647,0.3362348615916954,repair-low / removal-high,0.950167883042387,0.31875,0.1991893005927949,0.5645833333333333,-0.1446955504835,0.0674740484429065,0.4681778701505,0.6038062283737025,0.1931120242214533,0.584194780853518,False,False,False
ACH-000120,0.3356401384083045,repair-low / removal-low,,,,,-0.019295410991,0.4965397923875432,0.3477674905394999,0.3633217993079585,0.4965397923875432,0.3633217993079585,False,False,False
ACH-000461,0.3345444059976932,repair-high / removal-low,1.00623196268345,0.6270833333333333,0.1669256048744319,0.2625,0.07020351723185,0.8408304498269896,0.195732663311,0.1072664359861591,0.7339568915801615,0.1848832179930796,False,False,False
ACH-001016,0.3337766724336793,repair-low / removal-low,0.965049988419856,0.4520833333333333,0.166070976620954,0.2541666666666666,-0.0543019130373,0.3356401384083045,0.4305657520545,0.5173010380622838,0.3938617358708189,0.3857338523644752,False,False,False
ACH-000434,0.3324178200692042,repair-low / removal-low,0.957641245722382,0.3895833333333333,0.178616329519087,0.36875,-0.0115607284127,0.5380622837370242,0.379105941529,0.4204152249134948,0.4638228085351787,0.3945826124567474,False,False,False
ACH-000530,0.3321799307958477,repair-high / removal-low,,,,,0.0510369964765,0.7785467128027682,0.27326164267,0.2197231833910034,0.7785467128027682,0.2197231833910034,False,False,False
ACH-000022,0.3303813437139561,repair-high / removal-low,1.0834795871496,0.80625,0.108786926018547,0.0583333333333333,-0.0212364470665,0.4878892733564013,0.1970396749415,0.1089965397923875,0.6470696366782007,0.0836649365628604,False,False,False
ACH-000852,0.330363321799308,repair-high / removal-low,1.08626489869184,0.8083333333333333,0.1031776197932849,0.0479166666666666,0.06471411044975,0.8235294117647058,0.1156528058295,0.0432525951557093,0.8159313725490196,0.045584630911188,False,False,False
ACH-000324,0.3300533448673587,repair-low / removal-high,0.9222465625701776,0.1395833333333333,0.2168669639534775,0.7395833333333334,-0.1902948962155,0.0224913494809688,0.540302042713,0.7422145328719724,0.0810373414071511,0.7408989331026529,False,False,False
ACH-000544,0.3279159457900807,repair-low / removal-high,0.913452473195231,0.1,0.2214120315055505,0.7625,-0.1430412905499999,0.0692041522491349,0.508962251433,0.6903114186851211,0.0846020761245674,0.7264057093425605,False,False,False
ACH-000416,0.3264381487889273,repair-high / removal-low,0.980844386674098,0.5333333333333333,0.173206139801608,0.3041666666666666,-0.00380236884609,0.5709342560553633,0.3025665308,0.2750865051903114,0.5521337946943483,0.289626585928489,False,False,False
ACH-000771,0.3252991637831603,repair-low / removal-low,0.951960883363222,0.3375,0.15146255722496,0.1583333333333333,-0.0650940276621,0.3044982698961938,0.473413550329,0.6193771626297578,0.3209991349480969,0.3888552479815456,False,False,False
ACH-000281,0.3246792099192618,repair-high / removal-low,1.035735206098175,0.7166666666666667,0.156999412894918,0.1979166666666666,0.0336629709801,0.7231833910034602,0.131216686431,0.0588235294117647,0.7199250288350634,0.1283700980392156,False,False,False
ACH-000776,0.3243331891580161,repair-low / removal-low,0.947944132819212,0.2958333333333333,0.1907317909674579,0.5041666666666667,-0.0189792818745,0.5,0.368422407573,0.4013840830449827,0.3979166666666667,0.4527753748558246,False,False,False
ACH-000571,0.3225490196078431,repair-low / removal-high,0.946963435326831,0.2833333333333333,0.187447098827401,0.4729166666666666,-0.0784950833120499,0.2491349480968858,0.439082183306,0.5519031141868512,0.2662341407151095,0.5124098904267589,False,False,False
ACH-001211,0.3200692041522491,repair-high / removal-low,,,,,0.05802366182285,0.7993079584775087,0.263292569798,0.1989619377162629,0.7993079584775087,0.1989619377162629,False,False,False
ACH-000484,0.3167351499423299,repair-high / removal-low,1.10408139926351,0.8395833333333333,0.090695057316892,0.03125,-0.05726798225795,0.3235294117647059,0.198981923222,0.1124567474048442,0.5815563725490196,0.0718533737024221,False,False,False
ACH-000896,0.3146410034602076,repair-low / removal-high,0.932115364393457,0.1916666666666666,0.206496359765814,0.6395833333333333,-0.011633880619,0.5363321799307958,0.353453799987,0.3737024221453287,0.3639994232987312,0.506642877739331,False,False,False
ACH-000961,0.3138264129181084,repair-low / removal-high,0.913592460224378,0.1020833333333333,0.2104605190985859,0.6770833333333334,-0.0476505895716,0.3633217993079585,0.418343834654,0.4930795847750865,0.2327025663206459,0.5850814590542099,False,False,False
ACH-000572,0.3135308535178777,repair-low / removal-low,0.967204952914807,0.46875,0.179659117634638,0.3791666666666666,-0.10120314157,0.1643598615916955,0.415755356265,0.4844290657439446,0.3165549307958477,0.4317978662053056,False,False,False
ACH-000012,0.3108491926182237,repair-low / removal-high,0.928232135312621,0.1770833333333333,0.2244413290546236,0.7833333333333333,-0.0303498144981499,0.4463667820069204,0.319212181822,0.3027681660899654,0.3117250576701268,0.5430507497116493,False,False,False
ACH-000590,0.3079584775086505,repair-high / removal-low,,,,,0.0433784708898,0.7629757785467128,0.273804205136,0.2214532871972318,0.7629757785467128,0.2214532871972318,False,False,False
ACH-000991,0.3063797577854671,repair-low / removal-low,0.969302971934259,0.48125,0.171812912385727,0.2916666666666667,-0.1111361847585,0.1384083044982699,0.433945262118,0.527681660899654,0.309829152249135,0.4096741637831603,False,False,False
ACH-000408,0.3061274509803922,repair-high / removal-low,0.964389711025506,0.44375,0.1440560609799369,0.1354166666666666,0.039371552333,0.745674740484429,0.3464276606965,0.356401384083045,0.5947123702422146,0.2459090253748558,False,False,False
ACH-000587,0.3052876297577854,repair-low / removal-high,0.92448595893224,0.1520833333333333,0.2262597461951969,0.7958333333333333,-0.0867183300325,0.2179930795847751,0.377737125767,0.4152249134948096,0.1850382064590542,0.6055291234140715,False,False,False
ACH-000962,0.304858708189158,repair-low / removal-high,0.9150949383087246,0.1041666666666666,0.213120119118082,0.6958333333333333,-0.0821574297084,0.231833910034602,0.4374857941494999,0.5432525951557093,0.1680002883506343,0.6195429642445214,False,False,False
ACH-000178,0.2976319204152249,repair-high / removal-low,1.05583377549408,0.7625,0.1287770727574729,0.0895833333333333,0.1306472424225,0.9480968858131488,0.0183953309467,0.0121107266435986,0.8552984429065744,0.0508470299884659,False,False,False
ACH-000395,0.2974372837370242,repair-high / removal-low,1.050445120021745,0.7479166666666667,0.133155888353763,0.1,-0.0689707491575,0.2958477508650519,0.22435505221,0.1366782006920415,0.5218822087658592,0.1183391003460207,False,False,False
ACH-000748,0.2955305651672434,repair-low / removal-low,1.06356467471566,0.7770833333333333,0.1192721729957,0.0729166666666666,-0.0905007857679,0.2024221453287197,0.244405637091,0.1591695501730103,0.4897527393310265,0.1160431084198385,False,False,False
ACH-000869,0.2947736447520185,repair-low / removal-high,0.9003177777959475,0.0583333333333333,0.190596133569781,0.5020833333333333,-0.210151937116,0.0138408304498269,0.61396862355,0.8304498269896193,0.0360870818915801,0.6662665801614763,False,False,False
ACH-000234,0.2941176470588235,repair-low / removal-high,,,,,-0.1237103795014999,0.1055363321799307,0.43481287798,0.532871972318339,0.1055363321799307,0.532871972318339,False,False,False
ACH-001010,0.2923875432525951,repair-low / removal-low,,,,,-0.0982264545988,0.1730103806228373,0.407828649659,0.4671280276816609,0.1730103806228373,0.4671280276816609,False,False,False
ACH-000278,0.29082684544406,repair-low / removal-low,0.9562178565957492,0.375,0.1860257685404049,0.4479166666666667,-0.0501166865213,0.3546712802768166,0.35571094907,0.3771626297577855,0.3648356401384083,0.4125396482122261,False,False,False
ACH-000132,0.2870134083044983,repair-high / removal-low,0.9761010156890332,0.5041666666666667,0.165926683903107,0.2520833333333333,0.04757602278235,0.7698961937716263,0.2535105586535,0.1730103806228373,0.6370314302191464,0.2125468569780853,False,False,False
ACH-000785,0.2869124855824683,repair-low / removal-low,0.97584346190083,0.5020833333333333,0.1887732620749329,0.4875,-0.09303198471845,0.1903114186851211,0.298050574685,0.2664359861591695,0.3461973760092272,0.3769679930795847,False,False,False
ACH-000985,0.285301326412918,repair-low / removal-low,0.962558844583858,0.4375,0.1803424517521921,0.3895833333333333,-0.0158330555407,0.5173010380622838,0.3131711947855,0.2923875432525951,0.4774005190311419,0.3409854382929642,False,False,False
ACH-000716,0.2850634371395617,repair-low / removal-high,0.890341448716556,0.0458333333333333,0.196177976621498,0.5375,-0.0680236925945,0.2975778546712803,0.466950963684,0.6003460207612457,0.1717055940023068,0.5689230103806229,False,False,False
ACH-001307,0.284083044982699,repair-low / removal-high,0.9430020793192124,0.2458333333333333,0.1993618342165994,0.5666666666666667,-0.118162393201,0.1176470588235294,0.415631368607,0.4826989619377163,0.1817401960784313,0.5246828143021914,False,False,False
ACH-000066,0.2838163206459054,repair-low / removal-low,0.954160295846614,0.35625,0.1823842368809479,0.4041666666666667,-0.05944506548855,0.3200692041522491,0.381336414021,0.4290657439446367,0.3381596020761246,0.4166162053056517,False,False,False
ACH-000860,0.2825980392156862,repair-high / removal-low,0.951874306458314,0.3333333333333333,0.184625951320255,0.4333333333333333,0.05339136647345,0.7820069204152249,0.268548456173,0.2128027681660899,0.5576701268742791,0.3230680507497117,False,False,False
ACH-000268,0.281884371395617,repair-high / removal-low,1.09192858729301,0.825,0.0923958179032478,0.0333333333333333,-0.04595117729065,0.3771626297577855,0.147461553581,0.0674740484429065,0.6010813148788927,0.0504036908881199,False,False,False
ACH-000433,0.2817257785467127,repair-high / removal-low,1.014139021505895,0.6520833333333333,0.1720944609114539,0.29375,-0.0311046081275,0.444636678200692,0.113127890352,0.0415224913494809,0.5483600057670127,0.1676362456747405,False,False,False
ACH-000781,0.2810157151095732,repair-low / removal-low,0.997052893003306,0.5979166666666667,0.166963835255936,0.2645833333333333,-0.0410059447003,0.4013840830449827,0.243535741541,0.1539792387543252,0.4996503748558246,0.2092812860438292,False,False,False
ACH-000880,0.276239907727797,repair-low / removal-low,0.9281420807181384,0.175,0.1878819794486566,0.48125,-0.0291605693969,0.4515570934256055,0.378784004059,0.416955017301038,0.3132785467128027,0.449102508650519,False,False,False
ACH-000732,0.2757244809688581,repair-low / removal-high,0.912279850354093,0.0958333333333333,0.174858835112069,0.3166666666666666,-0.128252792108,0.0899653979238754,0.51916259661,0.7058823529411765,0.0928993656286043,0.5112745098039215,False,False,False
ACH-000510,0.272862600922722,repair-low / removal-low,0.9131140439110584,0.0979166666666666,0.1222490456902769,0.0770833333333333,0.01401883667175,0.6608996539792388,0.39434893446,0.444636678200692,0.3794081603229527,0.2608600057670127,False,False,False
ACH-000307,0.2727256343713956,repair-low / removal-high,0.92559845694581,0.1604166666666666,0.180958068525032,0.3958333333333333,-0.123677421106,0.1072664359861591,0.483137115445,0.6384083044982699,0.1338415513264129,0.5171208189158016,False,False,False
ACH-000717,0.2711613321799307,repair-high / removal-low,0.978482283387658,0.5166666666666667,0.170162957365105,0.275,0.03935250809,0.7439446366782007,0.231497790197,0.143598615916955,0.6303056516724337,0.2092993079584775,False,False,False
ACH-000630,0.2711144752018454,repair-low / removal-low,1.06306404473024,0.775,0.1154070585275399,0.0666666666666666,-0.1083118117925,0.143598615916955,0.212212125359,0.1211072664359861,0.4592993079584775,0.0938869665513264,False,False,False
ACH-000994,0.2679462226066897,repair-low / removal-low,0.9648137663599554,0.45,0.174374026551488,0.3145833333333333,-0.0122175087507,0.5346020761245674,0.305803538732,0.2802768166089965,0.4923010380622837,0.2974300749711649,False,False,False
ACH-000957,0.2527249134948097,repair-low / removal-low,0.941077050921242,0.2375,0.177997727574142,0.35625,-0.0327017226834,0.4359861591695502,0.3565989267539999,0.3806228373702422,0.3367430795847751,0.3684364186851211,False,False,False
ACH-000579,0.2526275951557093,repair-high / removal-low,1.016679707411073,0.6625,0.1431685872259496,0.13125,-0.05093464006805,0.3494809688581315,0.216234421689,0.1262975778546712,0.5059904844290657,0.1287737889273356,False,False,False
ACH-000500,0.2493872549019608,repair-low / removal-high,0.904908490825246,0.0708333333333333,0.206502800359829,0.6416666666666667,-0.1571766736735,0.046712802768166,0.492344456468,0.6626297577854672,0.0587730680507497,0.6521482122260669,False,False,False
ACH-001164,0.2491349480968858,repair-high / removal-low,,,,,0.0597733942909999,0.8062283737024222,0.2286719658695,0.1384083044982699,0.8062283737024222,0.1384083044982699,False,False,False
ACH-000814,0.2467055940023068,repair-low / removal-low,0.9386674762995,0.2229166666666666,0.1860310710627404,0.45,-0.0038590296288849,0.5692041522491349,0.3153346441055,0.2975778546712803,0.3960604094579008,0.3737889273356402,False,False,False
ACH-000882,0.2460135524798154,repair-low / removal-low,0.931665644727273,0.1854166666666666,0.1652028774470115,0.2395833333333333,-0.0428188420456,0.3944636678200692,0.395397110422,0.4515570934256055,0.2899401672433679,0.3455702133794694,False,False,False
ACH-000367,0.2437752306805075,repair-low / removal-low,0.943075552151759,0.2479166666666666,0.1826572817014274,0.41875,-0.115195342118,0.1332179930795847,0.421440765384,0.5,0.1905673298731257,0.459375,False,False,False
ACH-000485,0.2422145328719723,repair-high / removal-low,,,,,-0.0055346299203849,0.5553633217993079,0.288995077529,0.2525951557093425,0.5553633217993079,0.2525951557093425,False,False,False
ACH-000223,0.2415477220299884,repair-high / removal-low,0.9963532332439764,0.59375,0.1039152280110909,0.0520833333333333,0.0366786287635999,0.7301038062283737,0.305800143525,0.2785467128027681,0.6619269031141868,0.1653150230680507,False,False,False
ACH-000593,0.2411440311418685,repair-high / removal-low,0.9811936479366334,0.5354166666666667,0.140222408757072,0.1166666666666666,0.0755298324885,0.856401384083045,0.237199132797,0.1487889273356401,0.6959090253748559,0.1327277970011534,False,False,False
ACH-000189,0.2397455305651672,repair-low / removal-high,0.910834738638669,0.0875,0.17676218848794,0.3375,-0.214935898263,0.0103806228373702,0.572682264884,0.7837370242214533,0.0489403114186851,0.5606185121107267,False,False,False
ACH-000209,0.2327494232987312,repair-low / removal-low,0.958982503072909,0.4041666666666667,0.20532563094568,0.6270833333333333,-0.178371283319,0.0294117647058823,0.281966896706,0.2404844290657439,0.2167892156862745,0.4337838811995386,False,False,False
ACH-000117,0.2289359861591695,repair-high / removal-low,1.03771868994807,0.7229166666666667,0.1248959154501639,0.0833333333333333,0.0569973296893999,0.7958477508650519,0.0368523409963,0.0190311418685121,0.7593822087658593,0.0511822376009227,False,False,False
ACH-000548,0.2266435986159169,repair-high / removal-low,,,,,-0.00531970938902,0.5570934256055363,0.285092384256,0.2439446366782006,0.5570934256055363,0.2439446366782006,False,False,False
ACH-000915,0.2251874279123414,repair-low / removal-low,0.9575394159122744,0.3875,0.180668766760074,0.39375,-0.04905600548805,0.356401384083045,0.304456683191,0.2768166089965398,0.3719506920415225,0.3352833044982699,False,False,False
ACH-000235,0.2247729238754325,repair-low / removal-low,0.933371548560733,0.20625,0.1129976546433331,0.0625,-0.145508563625,0.0657439446366782,0.514115097736,0.7006920415224913,0.1359969723183391,0.3815960207612456,False,False,False
ACH-000723,0.2230103806228373,repair-low / removal-high,0.905492631947766,0.0729166666666666,0.191742643762638,0.5083333333333333,-0.2039157638195,0.0173010380622837,0.535520963246,0.7370242214532872,0.0451088523644752,0.6226787773933102,False,False,False
ACH-000543,0.2214532871972318,repair-low / removal-low,,,,,-0.03891513347845,0.4134948096885813,0.3157034903475,0.2993079584775086,0.4134948096885813,0.2993079584775086,False,False,False
ACH-000845,0.2187031430219146,repair-low / removal-low,0.926185575141357,0.16875,0.173747498634051,0.3104166666666667,-0.1344997498164999,0.0847750865051903,0.457815640155,0.5899653979238755,0.1267625432525951,0.4501910322952711,False,False,False
ACH-000153,0.2179642445213379,repair-low / removal-high,0.906737167645744,0.0791666666666666,0.2152509785459569,0.7208333333333333,-0.15413879271,0.0536332179930795,0.443596125588,0.5692041522491349,0.0663999423298731,0.6450187427912342,False,False,False
ACH-000547,0.2128027681660899,repair-high / removal-low,,,,,0.0103488081868,0.6401384083044983,0.2608674902035,0.1885813148788927,0.6401384083044983,0.1885813148788927,False,False,False
ACH-000620,0.2105500288350634,repair-low / removal-low,0.9691876950328784,0.4791666666666667,0.1558610847428629,0.1895833333333333,-0.0720915931652499,0.2785467128027681,0.350387175266,0.3685121107266436,0.3788566897347174,0.2790477220299884,False,False,False
ACH-000227,0.2093425605536332,repair-high / removal-low,,,,,0.0262367812189,0.6937716262975778,0.243584563442,0.1557093425605536,0.6937716262975778,0.1557093425605536,False,False,False
ACH-000108,0.2029916378316032,repair-low / removal-low,0.947566707731195,0.29375,0.1583634088063645,0.20625,-0.1419765456939999,0.0761245674740484,0.442468834374,0.5640138408304498,0.1849372837370242,0.3851319204152249,False,False,False
ACH-000836,0.2009587658592849,repair-low / removal-low,0.915973888703829,0.10625,0.166090835600618,0.25625,-0.08567337918835,0.2214532871972318,0.41843715791,0.4948096885813148,0.1638516435986159,0.3755298442906574,False,False,False
ACH-000313,0.2008037773933102,repair-low / removal-low,0.9328492085946096,0.1958333333333333,0.1825255635610134,0.4104166666666666,-0.14796598558,0.0622837370242214,0.4304795315185,0.5155709342560554,0.1290585351787773,0.462993800461361,False,False,False
ACH-001075,0.1992178489042675,repair-low / removal-low,0.9320910809463664,0.1895833333333333,0.204634321828571,0.61875,-0.0462996100284,0.3754325259515571,0.2590035593699999,0.1833910034602076,0.2825079296424452,0.4010705017301038,False,False,True
ACH-000855,0.1991637831603229,repair-high / removal-low,0.964310448479594,0.4416666666666666,0.1649874472607719,0.2375,0.00149818004582,0.6003460207612457,0.2343033244589999,0.1453287197231834,0.5210063437139562,0.1914143598615917,False,False,True
ACH-000679,0.1945898212226067,repair-high / removal-low,0.965480077498342,0.4583333333333333,0.15338856328558,0.1791666666666666,0.02952712719065,0.7058823529411765,0.244346651083,0.157439446366782,0.5821078431372549,0.1683030565167243,False,False,True
ACH-000359,0.1932093425605536,repair-low / removal-high,0.832378662172653,0.0020833333333333,0.2553811771823144,0.91875,-0.1466306585995,0.0640138408304498,0.4654573545995,0.596885813148789,0.0330485870818915,0.7578179065743944,False,False,True
ACH-000652,0.192257785467128,repair-low / removal-low,0.9527101310841,0.3416666666666667,0.1515815503937579,0.1604166666666666,-0.071840352119,0.2802768166089965,0.364053459979,0.3944636678200692,0.3109717416378316,0.2774401672433679,False,False,True
ACH-000352,0.1913566897347174,repair-high / removal-low,0.954226447103967,0.3583333333333333,0.14432268542315,0.1395833333333333,0.011319637951395,0.6453287197231834,0.289589686294,0.2543252595155709,0.5018310265282584,0.1969542964244521,False,False,True
ACH-000661,0.1902970011534025,repair-low / removal-high,0.889588246906809,0.0416666666666666,0.205364458050176,0.6291666666666667,-0.1026531137555,0.1557093425605536,0.410552183148,0.472318339100346,0.0986880046136101,0.5507425028835063,False,False,True
ACH-000026,0.1882893598615917,repair-low / removal-low,0.961125450396634,0.4229166666666666,0.172665347407431,0.3,-0.039308339745,0.4083044982698962,0.251048876465,0.1695501730103806,0.4156105824682814,0.2347750865051903,False,False,True
ACH-000305,0.1880370530565167,repair-low / removal-low,0.9186373506522314,0.1145833333333333,0.1737099181977179,0.3083333333333333,0.001749772093095,0.6055363321799307,0.3066180833085,0.2837370242214533,0.360059832756632,0.2960351787773933,False,False,True
ACH-000420,0.1874747693194925,repair-low / removal-low,1.00773077749261,0.6291666666666667,0.1072006147908499,0.0541666666666666,-0.0541934026535,0.3373702422145329,0.3271259343235,0.3183391003460207,0.4832684544405997,0.1862528835063437,False,False,True
ACH-000645,0.1833910034602076,repair-low / removal-low,,,,,-0.0995626480451,0.1678200692041522,0.339205774924,0.3373702422145329,0.1678200692041522,0.3373702422145329,False,False,True
ACH-000018,0.1825836216839677,repair-low / removal-low,0.949628285219352,0.3104166666666667,0.156578705744683,0.19375,-0.0790166993488,0.2422145328719723,0.360460410253,0.3858131487889273,0.2763155997693195,0.2897815743944636,False,False,True
ACH-000762,0.1734032583621684,repair-low / removal-high,0.879334118985551,0.0291666666666666,0.2256106544393336,0.7916666666666666,-0.1954616199505,0.0207612456747404,0.470565580103,0.6176470588235294,0.0249639561707035,0.704656862745098,False,False,True
ACH-000533,0.1730103806228373,repair-high / removal-low,,,,,0.0615880194133,0.8096885813148789,0.167520353213,0.0813148788927335,0.8096885813148789,0.0813148788927335,False,False,True
ACH-000875,0.1715506055363321,repair-low / removal-low,0.90454326205117,0.06875,0.208428920508358,0.6583333333333333,-0.0391187883732,0.4117647058823529,0.280825407794,0.2387543252595155,0.2402573529411764,0.4485438292964244,False,False,True
ACH-000350,0.1712802768166089,repair-low / removal-low,,,,,-0.1214403727735,0.1107266435986159,0.346608583067,0.3581314878892733,0.1107266435986159,0.3581314878892733,False,False,True
ACH-000102,0.1689950980392157,repair-high / removal-low,1.044627465534,0.7333333333333333,0.0958413880763175,0.0375,-0.0281331702361,0.4602076124567474,0.16402946942,0.07439446366782,0.5967704728950404,0.05594723183391,False,False,True
ACH-000489,0.1678200692041522,repair-low / removal-low,,,,,-0.0464090521917,0.3737024221453287,0.270977627148,0.2145328719723183,0.3737024221453287,0.2145328719723183,False,False,True
ACH-000719,0.1675641580161476,repair-low / removal-low,0.9670153155579284,0.4666666666666667,0.1700316085939179,0.2729166666666666,-0.0552304685107,0.328719723183391,0.217969863972,0.1280276816608996,0.3976931949250288,0.2004721741637831,False,False,True
ACH-000924,0.1645220588235294,repair-high / removal-low,0.95839248054393,0.3958333333333333,0.1368505005441002,0.10625,0.03290504301435,0.7197231833910035,0.249021660455,0.1660899653979238,0.5577782583621684,0.1361699826989619,False,False,True
ACH-000443,0.1608996539792387,repair-high / removal-low,,,,,0.054001878935,0.78719723183391,0.164937348822,0.0761245674740484,0.78719723183391,0.0761245674740484,False,False,True
ACH-000682,0.1573024798154556,repair-low / removal-high,0.864320124535664,0.0166666666666666,0.2389877611881385,0.8583333333333333,-0.0184617495140999,0.5051903114186851,0.276385014056,0.2301038062283737,0.2609284890426759,0.5442185697808535,False,False,True
ACH-000753,0.1560661764705882,repair-low / removal-low,0.921405526965586,0.1333333333333333,0.177403222238186,0.3458333333333333,0.05043989143195,0.773356401384083,0.218217884997,0.129757785467128,0.4533448673587081,0.2377955594002306,False,False,True
ACH-000618,0.1560337370242214,repair-low / removal-low,0.967878680095024,0.4708333333333333,0.1560202411662585,0.1916666666666666,-0.0916781367983,0.1972318339100346,0.288630842332,0.2491349480968858,0.334032583621684,0.2204008073817762,False,False,True
ACH-001163,0.1557093425605536,repair-high / removal-low,,,,,-0.01595167315255,0.513840830449827,0.231017721414,0.1418685121107266,0.513840830449827,0.1418685121107266,False,False,True
ACH-000266,0.1548695213379469,repair-high / removal-low,1.025911401880115,0.6979166666666666,0.1033399573822569,0.05,0.113897192515,0.9238754325259516,0.0581449738721,0.0276816608996539,0.8108960495963091,0.0388408304498269,False,False,True
ACH-000562,0.1544802479815455,repair-low / removal-low,0.941026254592537,0.2354166666666666,0.182975851418271,0.4208333333333333,-0.0954634247777,0.185121107266436,0.287011636181,0.2474048442906574,0.2102688869665513,0.3341190888119953,False,False,True
ACH-000976,0.1467488465974625,repair-low / removal-low,0.959290597825131,0.4083333333333333,0.1717857341161229,0.2895833333333333,-0.125407667594,0.0986159169550173,0.2791633803495,0.2335640138408304,0.2534746251441753,0.2615736735870819,False,False,True
ACH-000205,0.1436707035755478,repair-low / removal-low,0.8864629005373159,0.0354166666666666,0.1890248564210452,0.4895833333333333,-0.1209141675855,0.1124567474048442,0.4052577246184999,0.458477508650519,0.0739367070357554,0.4740304209919261,False,False,True
ACH-000706,0.143598615916955,repair-low / removal-low,,,,,-0.09568964003715,0.1833910034602076,0.306946406897,0.2854671280276816,0.1833910034602076,0.2854671280276816,False,False,True
ACH-000341,0.1418685121107266,repair-high / removal-low,,,,,0.0231080294642,0.6833910034602076,0.187207162795,0.0951557093425605,0.6833910034602076,0.0951557093425605,False,False,True
ACH-000552,0.1376369665513264,repair-low / removal-low,0.923124897312266,0.1458333333333333,0.1896979088886514,0.49375,-0.0699438639139,0.2906574394463668,0.261777425204,0.1920415224913494,0.21824538638985,0.3428957612456748,False,False,True
ACH-000280,0.1371035178777393,repair-low / removal-high,0.868784162564618,0.0229166666666666,0.2103553311688328,0.675,-0.0620491894659,0.314878892733564,0.342886056404,0.3425605536332179,0.1688977797001153,0.508780276816609,False,False,True
ACH-000539_FAILED_STR,0.1366782006920415,repair-low / removal-low,,,,,-0.07420270930115,0.2716262975778546,0.2779128655175,0.231833910034602,0.2716262975778546,0.231833910034602,False,False,True
ACH-001239,0.1357626874279123,repair-low / removal-low,0.8960015114855475,0.0541666666666666,0.1913336575369899,0.50625,0.005615581936795,0.6211072664359861,0.259371456967,0.185121107266436,0.3376369665513264,0.3456855536332179,False,False,True
ACH-000417,0.1336829584775086,repair-low / removal-low,0.962186823981804,0.4354166666666667,0.154284998718321,0.18125,-0.03549595736195,0.4221453287197231,0.209914247844,0.1193771626297577,0.4287809976931949,0.1503135813148788,False,False,True
ACH-001200,0.1314878892733564,repair-high / removal-low,,,,,0.107295471509,0.916955017301038,0.0938981409451,0.0328719723183391,0.916955017301038,0.0328719723183391,False,False,True
ACH-000457,0.1235113898500576,repair-low / removal-low,0.9459992549418736,0.275,0.1480384380358275,0.1479166666666666,-0.132439926796,0.0865051903114186,0.348560297704,0.3650519031141868,0.1807525951557093,0.2564842848904267,False,False,True
ACH-000476,0.1214604959630911,repair-low / removal-low,0.8618860205769561,0.0125,0.133118171000638,0.0979166666666666,-0.1725112840879999,0.0311418685121107,0.455161658671,0.5865051903114187,0.0218209342560553,0.3422109284890426,False,False,True
ACH-000945,0.1207215974625144,repair-low / removal-low,0.933211642917395,0.2041666666666666,0.157044336351573,0.2,-0.0392285261809,0.4100346020761246,0.262215163295,0.1937716262975778,0.3071006343713956,0.1968858131487889,False,False,True
ACH-000979,0.1133434256055363,repair-low / removal-low,0.924988120463735,0.15625,0.1749940021966289,0.31875,-0.0894016277681,0.2076124567474048,0.274532783449,0.2249134948096885,0.1819312283737024,0.2718317474048443,False,False,True
ACH-000256,0.1124567474048442,repair-high / removal-low,,,,,0.0650410846856,0.8252595155709342,0.116521404906,0.0449826989619377,0.8252595155709342,0.0449826989619377,False,False,True
ACH-000332,0.1085423875432526,repair-low / removal-low,0.931395741231606,0.1833333333333333,0.176530186804118,0.33125,-0.02309719176945,0.4809688581314879,0.182729311693,0.0916955017301038,0.3321510957324106,0.2114727508650519,False,False,True
ACH-000428,0.1071619088811995,repair-low / removal-low,0.922078795080245,0.1375,0.1533711538938189,0.1770833333333333,-0.15140324091,0.0570934256055363,0.381407606881,0.430795847750865,0.0972967128027681,0.3039395905420992,False,False,True
ACH-000502,0.105503892733564,repair-low / removal-low,0.949587988883089,0.3083333333333333,0.141571095998374,0.1229166666666666,-0.1166418799385,0.1211072664359861,0.317592056726,0.301038062283737,0.2147202998846597,0.2119773644752018,False,False,True
ACH-000595,0.1052047289504037,repair-high / removal-low,0.99821277921238,0.6041666666666666,0.1012563833707624,0.0458333333333333,0.0354061906535,0.7283737024221453,0.140722506674,0.0640138408304498,0.6662701845444059,0.0549235870818915,False,False,True
ACH-000488,0.1046027970011534,repair-low / removal-low,0.90643497333654,0.0770833333333333,0.177686604349211,0.3479166666666666,-0.115897547838,0.1280276816608996,0.3285541877594999,0.3252595155709342,0.1025555074971164,0.3365880911188004,False,False,True
ACH-000978,0.100493800461361,repair-high / removal-low,1.08626600185951,0.8104166666666667,0.0366890164027924,0.0083333333333333,0.01865217650395,0.6747404844290658,0.0305372734896,0.0155709342560553,0.7425785755478662,0.0119521337946943,False,False,True
ACH-000308,0.0978265570934256,repair-low / removal-low,0.956761758531878,0.38125,0.1516948513319794,0.1625,-0.0397319422697,0.4048442906574394,0.16720356018,0.0795847750865051,0.3930471453287197,0.1210423875432526,False,False,True
ACH-000941,0.0977544694348327,repair-low / removal-low,0.958705740453893,0.4020833333333333,0.1395317414111969,0.1104166666666666,-0.09578535969445,0.1816608996539792,0.267304359213,0.2110726643598615,0.2918721164936563,0.1607446655132641,False,False,True
ACH-000631,0.0968858131487889,repair-low / removal-low,,,,,-0.0925953029427,0.1920415224913494,0.2658368095755,0.2058823529411764,0.1920415224913494,0.2058823529411764,False,False,True
ACH-000212,0.0965181660899653,repair-low / removal-low,0.919130231347528,0.1166666666666666,0.173566701879663,0.30625,-0.08099852632255,0.2370242214532872,0.2596397183695,0.1868512110726643,0.1768454440599769,0.2465506055363321,False,False,True
ACH-000842,0.0931480680507497,repair-high / removal-low,0.966551432509943,0.4604166666666666,0.141724921038741,0.125,0.0620945060799,0.8114186851211073,0.0527233628491,0.0224913494809688,0.6359176758938869,0.0737456747404844,False,False,True
ACH-000644,0.0916955017301038,repair-low / removal-low,,,,,-0.0990499470159,0.1695501730103806,0.266584043578,0.2093425605536332,0.1695501730103806,0.2093425605536332,False,False,True
ACH-000599,0.0891904555940023,repair-low / removal-low,0.916466135873436,0.1083333333333333,0.165548704631834,0.2458333333333333,-0.10040096908125,0.1660899653979238,0.298961659834,0.2716262975778546,0.1372116493656286,0.258729815455594,False,False,True
ACH-000409_FAILED_STR,0.088235294117647,repair-high / removal-low,,,,,0.0244405077179,0.6885813148788927,0.141586174951,0.0657439446366782,0.6885813148788927,0.0657439446366782,False,False,True
ACH-000086,0.0865232122260668,repair-low / removal-low,0.887204829251828,0.0375,0.1394603652600564,0.1083333333333333,-0.0748642756497,0.2698961937716263,0.294261907833,0.2612456747404844,0.1536980968858131,0.1847895040369088,False,False,True
ACH-000383,0.0832936851211072,repair-low / removal-low,0.933154918560722,0.1979166666666666,0.1438198511169619,0.1333333333333333,0.003562307890405,0.615916955017301,0.193150522548,0.102076124567474,0.4069168108419838,0.1177047289504036,False,False,True
ACH-000765,0.0806805074971164,repair-low / removal-low,0.955897792867421,0.3666666666666666,0.1143683026665168,0.0645833333333333,-0.06145058669245,0.3166089965397924,0.262246996468,0.1955017301038062,0.3416378316032295,0.1300425317185697,False,False,True
ACH-000643,0.0775735294117647,repair-low / removal-low,0.904210205904877,0.0666666666666666,0.170896637675935,0.2854166666666666,-0.0547707017116999,0.3321799307958477,0.246006134068,0.1626297577854671,0.1994232987312572,0.2240232122260669,False,False,True
ACH-000678,0.0708153114186851,repair-low / removal-low,0.953708416655434,0.3520833333333333,0.1524245977212615,0.1666666666666666,-0.1224512449955,0.1089965397923875,0.162625403866,0.0726643598615917,0.2305399365628604,0.1196655132641291,False,False,True
ACH-000441,0.0641219723183391,repair-low / removal-low,0.933180549507341,0.2,0.151138951143183,0.15625,-0.139171958267,0.0795847750865051,0.289929974333,0.2560553633217993,0.1397923875432526,0.2061526816608996,False,False,True
ACH-000926,0.0585604094579008,repair-low / removal-low,0.944133830243225,0.2604166666666667,0.136732988213735,0.1041666666666666,-0.07768782261285,0.2560553633217993,0.228997389794,0.1401384083044982,0.258236014994233,0.1221525374855824,False,False,True
ACH-000277,0.0581531141868512,repair-low / removal-low,0.908176951027819,0.0854166666666666,0.1244930276185649,0.0791666666666666,0.001332223984955,0.596885813148789,0.175569543079,0.0847750865051903,0.3411512399077278,0.0819708765859284,False,False,True
ACH-000250,0.056441032295271,repair-low / removal-low,0.919143321470202,0.11875,0.1418236408328229,0.1270833333333333,-0.189014503648,0.0259515570934256,0.3564994403425,0.3788927335640138,0.0723507785467128,0.2529880334486736,False,False,True
ACH-000555,0.0536332179930795,repair-low / removal-low,,,,,-0.02468483158965,0.472318339100346,0.152979136942,0.0692041522491349,0.472318339100346,0.0692041522491349,False,False,True
ACH-000161,0.0514453575547866,repair-low / removal-low,0.907566544919279,0.08125,0.165432290083923,0.24375,-0.0861491382282499,0.2197231833910034,0.2373535451845,0.1505190311418685,0.1504865916955017,0.1971345155709342,False,False,True
ACH-000483,0.0501730103806228,repair-high / removal-low,,,,,-0.002798094259785,0.5743944636678201,0.129676046256,0.0570934256055363,0.5743944636678201,0.0570934256055363,False,False,True
ACH-000344,0.0461324971164936,repair-low / removal-low,0.922615377899842,0.1416666666666666,0.162438324782566,0.2270833333333333,-0.130482583986,0.088235294117647,0.2137225838215,0.1228373702422145,0.1149509803921568,0.1749603517877739,False,False,True
ACH-000740,0.0449826989619377,repair-low / removal-low,,,,,-0.2347574820285,0.0069204152249134,0.3471125436845,0.3615916955017301,0.0069204152249134,0.3615916955017301,False,False,True
ACH-000480,0.0422649942329873,repair-high / removal-low,0.999732787690832,0.6104166666666667,0.0645233162702485,0.0229166666666666,0.0018138970838074,0.6072664359861591,0.128639080375,0.0536332179930795,0.6088415513264129,0.0382749423298731,False,False,True
ACH-000222,0.039475201845444,repair-low / removal-low,0.869291844369629,0.025,0.175435356778181,0.325,-0.336639589076,0.0034602076124567,0.480587030759,0.6314878892733564,0.0142301038062283,0.4782439446366782,False,False,True
ACH-000549,0.0393706747404844,repair-low / removal-low,0.9081481677417952,0.0833333333333333,0.1740058533525834,0.3125,-0.1132573793615,0.1366782006920415,0.180366163435,0.0899653979238754,0.1100057670126874,0.2012326989619377,False,False,True
ACH-000826,0.0389633794694348,repair-low / removal-low,0.930719175600863,0.18125,0.119406448407227,0.075,0.010926697108018,0.6418685121107266,0.124431827404,0.0484429065743944,0.4115592560553633,0.0617214532871972,False,False,True
ACH-000888,0.0363862456747404,repair-low / removal-low,0.971356716856343,0.4875,0.098444772056096,0.0395833333333333,-0.06755685529705,0.2993079584775086,0.1755350139335,0.0830449826989619,0.3934039792387543,0.0613141580161476,False,False,True
ACH-000936,0.034515570934256,repair-low / removal-low,0.948059723814612,0.2979166666666666,0.1334505132654424,0.1020833333333333,-0.0548088611764,0.3304498269896194,0.106786751185,0.0397923875432525,0.314183246828143,0.0709378604382929,False,False,True
ACH-000289,0.0326268742791234,repair-low / removal-low,0.9837826896308132,0.5541666666666667,0.0987442100027384,0.0416666666666666,-0.142942931893,0.0709342560553633,0.16225241369,0.0709342560553633,0.312550461361015,0.0563004613610149,False,False,True
ACH-000093,0.0242214532871972,repair-high / removal-low,,,,,0.0512170039143,0.7802768166089965,0.02522637857575,0.0138408304498269,0.7802768166089965,0.0138408304498269,False,False,True
ACH-000823,0.0221921856978085,repair-low / removal-low,0.942654420194409,0.24375,0.118972786745562,0.0708333333333333,-0.0501995449445,0.3529411764705882,0.102033196186,0.0346020761245674,0.2983455882352941,0.0527177047289504,False,False,True
ACH-000537,0.0186959342560553,repair-low / removal-low,0.999999860355222,0.6125,0.0,0.003125,-0.1162942336045,0.1245674740484429,0.208072537633,0.1176470588235294,0.3685337370242215,0.0603860294117647,False,False,True
ACH-001321,0.0168252595155709,repair-low / removal-low,0.904088509966641,0.0645833333333333,0.1575014813641519,0.2020833333333333,-0.168219580628,0.0363321799307958,0.189803395128,0.0986159169550173,0.0504577566320645,0.1503496251441753,False,False,True
ACH-000399,0.0121107266435986,repair-high / removal-low,,,,,0.031921777491,0.7179930795847751,0.0156147735473999,0.0103806228373702,0.7179930795847751,0.0103806228373702,False,False,True
ACH-000270,0.0067618223760092,repair-high / removal-low,0.9769316727666004,0.5083333333333333,0.0369924213293965,0.0104166666666666,0.00785861169299,0.6332179930795848,-0.0114492697596,0.0051903114186851,0.5707756632064591,0.0078034890426758,False,False,True
ACH-000466,0.0034602076124567,repair-low / removal-low,,,,,-0.04180407005015,0.3979238754325259,0.0321261505164,0.0173010380622837,0.3979238754325259,0.0173010380622837,False,False,True
ACH-000429,0.0019067185697808,repair-low / removal-low,0.983145308732212,0.5479166666666667,0.0026653629659999,0.00625,-0.165699488555,0.0397923875432525,0.0835219449535,0.0294117647058823,0.2938545271049596,0.0178308823529411,False,False,True
