action_type,activity_comment,activity_id,activity_properties,assay_chembl_id,assay_description,assay_type,assay_variant_accession,assay_variant_mutation,bao_endpoint,bao_format,bao_label,canonical_smiles,data_validity_comment,data_validity_description,document_chembl_id,document_journal,document_year,ligand_efficiency,modality,molecule_chembl_id,molecule_pref_name,parent_molecule_chembl_id,pchembl_value,potential_duplicate,qudt_units,record_id,relation,src_id,standard_flag,standard_relation,standard_text_value,standard_type,standard_units,standard_upper_value,standard_value,target_chembl_id,target_organism,target_pref_name,target_tax_id,text_value,toid,type,units,uo_units,upper_value,value,_compound,_role,_axis_or_class,_filter_text,_normal_hits,_viability_hits,_cancer_hits,standard_value_uM,toxicity_bucket,curation_decision,curation_tier,curation_reason,normal_keyword_hits,viability_keyword_hits_curated,exclude_keyword_hits,activity_signal_curated
,,2043025,[],CHEMBL941862,Cytotoxicity against rat L6 cells after 72 hrs,A,,,BAO_0000190,BAO_0000219,cell-based format,NCCS(=O)(=O)O,Outside typical range,"Values for this activity type are unusually large/small, so may not be accurate",CHEMBL1139805,Bioorg Med Chem,2007.0,,,CHEMBL239243,TAURINE,CHEMBL239243,,0,http://www.openphacts.org/units/MicrogramPerMilliliter,678028,>,1,1,>,,IC50,ug.mL-1,,90.0,CHEMBL614793,Rattus norvegicus,L6,10116,,,IC50,ug ml-1,UO_0000274,,90.0,taurine,repair_candidate,strict repair/protective; osmolyte/antioxidant-like,cytotoxicity against rat l6 cells after 72 hrs | a | ic50 | > | l6 | rattus norvegicus | cell-based format | chembl1139805,,cytotoxic|cytotoxicity|toxicity,,,weak_or_low_toxicity_signal_gt_50uM,accepted,B_supportive_nonhuman_or_normal_like,accepted_normal_like_viability_assay,\brat\b|\bl6 cells\b,cytotox,,no_quantitative_value
,,3490854,[],CHEMBL1266185,Inhibition of neurosphere proliferation of mouse neural precursor cells by MTT assay,F,,,BAO_0000201,BAO_0000019,assay format,NCCS(=O)(=O)O,,,CHEMBL1255231,Nat Chem Biol,2007.0,,,CHEMBL239243,TAURINE,CHEMBL239243,,0,http://qudt.org/vocab/unit#Percent,957679,,1,0,,Not active,Inhibition,%,,,CHEMBL612545,,Unchecked,,Not Active,,INH,,UO_0000187,,,taurine,repair_candidate,strict repair/protective; osmolyte/antioxidant-like,inhibition of neurosphere proliferation of mouse neural precursor cells by mtt assay | f | inhibition |  | unchecked |  | assay format | chembl1255231,,proliferation|mtt,,,weak_or_low_toxicity_signal_gt_50uM,accepted,B_supportive_nonhuman_or_normal_like,accepted_normal_like_viability_assay,\bmouse\b|neural precursor|neurosphere,proliferation|\bmtt\b,,no_quantitative_value
,,3116442,[],CHEMBL1069369,Cytotoxicity against HEK293 cells assessed as cell death at 60 uM after 7 days by LDH assay,A,,,BAO_0000375,BAO_0000219,cell-based format,Cc1c(C)c2c(c(C)c1O)CCC(C)(C(=O)O)O2,,,CHEMBL1157597,Bioorg Med Chem,2010.0,,,CHEMBL153,TROLOX,CHEMBL153,,0,,879859,,1,0,,Not toxic,Activity,,,,CHEMBL614818,Homo sapiens,HEK293,9606,Non-toxic,,Activity,,,,,trolox,repair_candidate,strict repair/protective; antioxidant probe,cytotoxicity against hek293 cells assessed as cell death at 60 um after 7 days by ldh assay | a | activity |  | hek293 | homo sapiens | cell-based format | chembl1157597,hek293,cytotoxic|cytotoxicity|ldh|toxicity,,,weak_or_low_toxicity_signal_gt_50uM,accepted,A_high_confidence_human_normal_like,accepted_normal_like_viability_assay,\bhek[- ]?293\b,cytotox|\bldh\b|cell death,,no_quantitative_value
,,3116444,[],CHEMBL1072368,Cytotoxicity against human MRC5 cells assessed as cell death at 60 uM after 7 days by LDH assay,A,,,BAO_0000375,BAO_0000219,cell-based format,Cc1c(C)c2c(c(C)c1O)CCC(C)(C(=O)O)O2,,,CHEMBL1157597,Bioorg Med Chem,2010.0,,,CHEMBL153,TROLOX,CHEMBL153,,0,,879859,,1,0,,Not toxic,Activity,,,,CHEMBL614181,Homo sapiens,MRC5,9606,Non-toxic,,Activity,,,,,trolox,repair_candidate,strict repair/protective; antioxidant probe,cytotoxicity against human mrc5 cells assessed as cell death at 60 um after 7 days by ldh assay | a | activity |  | mrc5 | homo sapiens | cell-based format | chembl1157597,,cytotoxic|cytotoxicity|ldh|toxicity,,,weak_or_low_toxicity_signal_gt_50uM,accepted,A_high_confidence_human_normal_like,accepted_normal_like_viability_assay,\bmrc[- ]?5\b,cytotox|\bldh\b|cell death,,no_quantitative_value
,,3116447,[],CHEMBL1074341,Cytotoxicity against HEK293 cells assessed as plasma membrane damage at 60 uM after 7 days by LDH assay,A,,,BAO_0000375,BAO_0000219,cell-based format,Cc1c(C)c2c(c(C)c1O)CCC(C)(C(=O)O)O2,,,CHEMBL1157597,Bioorg Med Chem,2010.0,,,CHEMBL153,TROLOX,CHEMBL153,,0,,879859,,1,0,,Not toxic,Activity,,,,CHEMBL614818,Homo sapiens,HEK293,9606,Non-toxic,,Activity,,,,,trolox,repair_candidate,strict repair/protective; antioxidant probe,cytotoxicity against hek293 cells assessed as plasma membrane damage at 60 um after 7 days by ldh assay | a | activity |  | hek293 | homo sapiens | cell-based format | chembl1157597,hek293,cytotoxic|cytotoxicity|ldh|toxicity,,,weak_or_low_toxicity_signal_gt_50uM,accepted,A_high_confidence_human_normal_like,accepted_normal_like_viability_assay,\bhek[- ]?293\b,cytotox|\bldh\b,,no_quantitative_value
,,3116449,[],CHEMBL1074343,Cytotoxicity against human MRC5 cells assessed as plasma membrane damage at 60 uM after 7 days by LDH assay,A,,,BAO_0000375,BAO_0000219,cell-based format,Cc1c(C)c2c(c(C)c1O)CCC(C)(C(=O)O)O2,,,CHEMBL1157597,Bioorg Med Chem,2010.0,,,CHEMBL153,TROLOX,CHEMBL153,,0,,879859,,1,0,,Not toxic,Activity,,,,CHEMBL614181,Homo sapiens,MRC5,9606,Non-toxic,,Activity,,,,,trolox,repair_candidate,strict repair/protective; antioxidant probe,cytotoxicity against human mrc5 cells assessed as plasma membrane damage at 60 um after 7 days by ldh assay | a | activity |  | mrc5 | homo sapiens | cell-based format | chembl1157597,,cytotoxic|cytotoxicity|ldh|toxicity,,,weak_or_low_toxicity_signal_gt_50uM,accepted,A_high_confidence_human_normal_like,accepted_normal_like_viability_assay,\bmrc[- ]?5\b,cytotox|\bldh\b,,no_quantitative_value
,,7967691,[],CHEMBL1930118,Cytotoxicity against mouse Melan-a cells by modified crystal voilet assay,A,,,BAO_0000190,BAO_0000219,cell-based format,Cc1c(C)c2c(c(C)c1O)CCC(C)(C(=O)O)O2,Outside typical range,"Values for this activity type are unusually large/small, so may not be accurate",CHEMBL1926603,Bioorg Med Chem Lett,2011.0,,,CHEMBL153,TROLOX,CHEMBL153,,0,http://www.openphacts.org/units/Nanomolar,1565718,=,1,1,=,,IC50,nM,,300000.0,CHEMBL612558,,ADMET,,,,IC50,uM,UO_0000065,,300.0,trolox,repair_candidate,strict repair/protective; antioxidant probe,cytotoxicity against mouse melan-a cells by modified crystal voilet assay | a | ic50 | = | admet |  | cell-based format | chembl1926603,,cytotoxic|cytotoxicity|toxicity,,300.0,weak_or_low_toxicity_signal_gt_50uM,accepted,B_supportive_nonhuman_or_normal_like,accepted_normal_like_viability_assay,\bmouse\b,cytotox,,toxicity_signal
,,10923947,[],CHEMBL2045322,Cytotoxicity against mouse RAW264.7 cells at 5 uM by MTT assay,A,,,BAO_0000375,BAO_0000219,cell-based format,Cc1c(C)c2c(c(C)c1O)CCC(C)(C(=O)O)O2,,,CHEMBL2040752,Eur J Med Chem,2011.0,,,CHEMBL153,TROLOX,CHEMBL153,,0,,1648513,,1,0,,Not toxic,Activity,,,,CHEMBL612557,Mus musculus,RAW264.7,10090,Non-toxic,,Activity,,,,,trolox,repair_candidate,strict repair/protective; antioxidant probe,cytotoxicity against mouse raw264.7 cells at 5 um by mtt assay | a | activity |  | raw264.7 | mus musculus | cell-based format | chembl2040752,,cytotoxic|cytotoxicity|mtt|toxicity,,,weak_or_low_toxicity_signal_gt_50uM,accepted,B_supportive_nonhuman_or_normal_like,accepted_normal_like_viability_assay,\bmouse\b,cytotox|\bmtt\b,,no_quantitative_value
,,10924909,[],CHEMBL2045323,Cytotoxicity against mouse RAW264.7 cells at 50 uM by MTT assay,A,,,BAO_0000375,BAO_0000219,cell-based format,Cc1c(C)c2c(c(C)c1O)CCC(C)(C(=O)O)O2,,,CHEMBL2040752,Eur J Med Chem,2011.0,,,CHEMBL153,TROLOX,CHEMBL153,,0,,1648513,,1,0,,Not toxic,Activity,,,,CHEMBL612557,Mus musculus,RAW264.7,10090,Non-toxic,,Activity,,,,,trolox,repair_candidate,strict repair/protective; antioxidant probe,cytotoxicity against mouse raw264.7 cells at 50 um by mtt assay | a | activity |  | raw264.7 | mus musculus | cell-based format | chembl2040752,,cytotoxic|cytotoxicity|mtt|toxicity,,,weak_or_low_toxicity_signal_gt_50uM,accepted,B_supportive_nonhuman_or_normal_like,accepted_normal_like_viability_assay,\bmouse\b,cytotox|\bmtt\b,,no_quantitative_value
,Not Determined,13950592,[],CHEMBL3132690,Neuroprotective activity against Abeta1-42 peptide-induced neurotoxicity in rat C6 cells assessed as cell viability at 100 uM after 24 hrs by MTT assay,F,,,BAO_0000375,BAO_0000219,cell-based format,Cc1c(C)c2c(c(C)c1O)CCC(C)(C(=O)O)O2,,,CHEMBL3124749,Eur J Med Chem,2014.0,,,CHEMBL153,TROLOX,CHEMBL153,,0,,1973434,,1,0,,,Activity,,,,CHEMBL614657,Rattus norvegicus,C6,10116,,,Activity,,,,,trolox,repair_candidate,strict repair/protective; antioxidant probe,neuroprotective activity against abeta1-42 peptide-induced neurotoxicity in rat c6 cells assessed as cell viability at 100 um after 24 hrs by mtt assay | f | activity |  | c6 | rattus norvegicus | cell-based format | chembl3124749,,cell viability|viability|mtt|toxicity,,,weak_or_low_toxicity_signal_gt_50uM,accepted,B_supportive_nonhuman_or_normal_like,accepted_normal_like_viability_assay,\brat\b,cell viability|\bviability\b|\bmtt\b,,no_quantitative_value
,Not Determined,13950603,[],CHEMBL3132692,Neuroprotective activity against H2O2-induced oxidative stress in mouse/rat NG108-15 cells assessed as cell viability at 100 uM incubated for 2 hrs prior to H2O2 challenge for 2 hrs by MTT assay,F,,,BAO_0000375,BAO_0000219,cell-based format,Cc1c(C)c2c(c(C)c1O)CCC(C)(C(=O)O)O2,,,CHEMBL3124749,Eur J Med Chem,2014.0,,,CHEMBL153,TROLOX,CHEMBL153,,0,,1973434,,1,0,,,Activity,,,,CHEMBL613828,Murinae,NG108-15,39107,,,Activity,,,,,trolox,repair_candidate,strict repair/protective; antioxidant probe,neuroprotective activity against h2o2-induced oxidative stress in mouse/rat ng108-15 cells assessed as cell viability at 100 um incubated for 2 hrs prior to h2o2 challenge for 2 hrs by mtt assay | f | activity |  | ng108-15 | murinae | cell-based format | chembl3124749,,cell viability|viability|mtt,,,weak_or_low_toxicity_signal_gt_50uM,accepted,B_supportive_nonhuman_or_normal_like,accepted_normal_like_viability_assay,\brat\b|\bmouse\b,cell viability|\bviability\b|\bmtt\b,,no_quantitative_value
,,15010210,[],CHEMBL3375143,Cytoprotection in mouse CRL2181 cells assessed as reduction in UV-oxidized LDL-induced cytotoxicity by measuring cell viability at 10 uM after 24 hrs by MTT assay relative to untreated control,F,,,BAO_0001103,BAO_0000219,cell-based format,Cc1c(C)c2c(c(C)c1O)CCC(C)(C(=O)O)O2,,,CHEMBL3351770,Bioorg Med Chem,2014.0,,,CHEMBL153,TROLOX,CHEMBL153,,0,http://qudt.org/vocab/unit#Percent,2248365,=,1,0,=,,Activity,%,,76.0,CHEMBL3879801,,NON-PROTEIN TARGET,,,,Activity,%,UO_0000187,,76.0,trolox,repair_candidate,strict repair/protective; antioxidant probe,cytoprotection in mouse crl2181 cells assessed as reduction in uv-oxidized ldl-induced cytotoxicity by measuring cell viability at 10 um after 24 hrs by mtt assay relative to untreated control | f | activity | = | non-protein target |  | cell-based format | chembl3351770,,cytotoxic|cytotoxicity|cell viability|viability|mtt|toxicity,,,weak_or_low_toxicity_signal_gt_50uM,accepted,B_supportive_nonhuman_or_normal_like,accepted_normal_like_viability_assay,\bmouse\b,cytotox|cell viability|\bviability\b|\bmtt\b,,no_quantitative_value
,,15010245,[],CHEMBL3375144,Cytoprotection in mouse CRL2181 cells assessed as reduction in UV-oxidized LDL-induced cytotoxicity by measuring cell viability at 1 uM after 24 hrs by MTT assay relative to untreated control,F,,,BAO_0001103,BAO_0000219,cell-based format,Cc1c(C)c2c(c(C)c1O)CCC(C)(C(=O)O)O2,,,CHEMBL3351770,Bioorg Med Chem,2014.0,,,CHEMBL153,TROLOX,CHEMBL153,,0,http://qudt.org/vocab/unit#Percent,2248365,=,1,0,=,,Activity,%,,50.0,CHEMBL3879801,,NON-PROTEIN TARGET,,,,Activity,%,UO_0000187,,50.0,trolox,repair_candidate,strict repair/protective; antioxidant probe,cytoprotection in mouse crl2181 cells assessed as reduction in uv-oxidized ldl-induced cytotoxicity by measuring cell viability at 1 um after 24 hrs by mtt assay relative to untreated control | f | activity | = | non-protein target |  | cell-based format | chembl3351770,,cytotoxic|cytotoxicity|cell viability|viability|mtt|toxicity,,,weak_or_low_toxicity_signal_gt_50uM,accepted,B_supportive_nonhuman_or_normal_like,accepted_normal_like_viability_assay,\bmouse\b,cytotox|cell viability|\bviability\b|\bmtt\b,,no_quantitative_value
,,16644029,[],CHEMBL3826718,Neuroprotective activity against H2O2-induced damage in rat PC12 cells assessed as cell viability at 10 uM preincubated for 2 hrs followed by H2O2 addition for 24 hrs by MTT assay,F,,,BAO_0000375,BAO_0000219,cell-based format,Cc1c(C)c2c(c(C)c1O)CCC(C)(C(=O)O)O2,,,CHEMBL3822387,Bioorg Med Chem,2016.0,,,CHEMBL153,TROLOX,CHEMBL153,,0,,2786632,,1,0,,Active,Activity,,,,CHEMBL3879801,,NON-PROTEIN TARGET,,Active,,Activity,,,,,trolox,repair_candidate,strict repair/protective; antioxidant probe,neuroprotective activity against h2o2-induced damage in rat pc12 cells assessed as cell viability at 10 um preincubated for 2 hrs followed by h2o2 addition for 24 hrs by mtt assay | f | activity |  | non-protein target |  | cell-based format | chembl3822387,,cell viability|viability|mtt,,,weak_or_low_toxicity_signal_gt_50uM,accepted,B_supportive_nonhuman_or_normal_like,accepted_normal_like_viability_assay,\brat\b,cell viability|\bviability\b|\bmtt\b,,no_quantitative_value
,,16784287,[],CHEMBL3866126,Cytotoxicity against mouse LMTK cells assessed as reduction in cell viability after 72 hrs by MTT assay,T,,,BAO_0000190,BAO_0000218,organism-based format,Cc1c(C)c2c(c(C)c1O)CCC(C)(C(=O)O)O2,Outside typical range,"Values for this activity type are unusually large/small, so may not be accurate",CHEMBL3865792,Eur J Med Chem,2016.0,,,CHEMBL153,TROLOX,CHEMBL153,,0,http://www.openphacts.org/units/Nanomolar,2806060,>,1,1,>,,IC50,nM,,300000.0,CHEMBL375,Mus musculus,Mus musculus,10090,,,IC50,uM,UO_0000065,,300.0,trolox,repair_candidate,strict repair/protective; antioxidant probe,cytotoxicity against mouse lmtk cells assessed as reduction in cell viability after 72 hrs by mtt assay | t | ic50 | > | mus musculus | mus musculus | organism-based format | chembl3865792,,cytotoxic|cytotoxicity|cell viability|viability|mtt|toxicity,,300.0,weak_or_low_toxicity_signal_gt_50uM,accepted,B_supportive_nonhuman_or_normal_like,accepted_normal_like_viability_assay,\bmouse\b,cytotox|cell viability|\bviability\b|\bmtt\b,,no_toxicity_signal_or_lower_bound
,,16784374,[],CHEMBL3866133,Cytotoxicity against mouse LMTK cells assessed as reduction in cell viability at 300 uM after 72 hrs by MTT assay,T,,,BAO_0000201,BAO_0000218,organism-based format,Cc1c(C)c2c(c(C)c1O)CCC(C)(C(=O)O)O2,,,CHEMBL3865792,Eur J Med Chem,2016.0,,,CHEMBL153,TROLOX,CHEMBL153,,0,http://qudt.org/vocab/unit#Percent,2806060,=,1,1,=,,Inhibition,%,,0.0,CHEMBL375,Mus musculus,Mus musculus,10090,,,INH,%,UO_0000187,,0.0,trolox,repair_candidate,strict repair/protective; antioxidant probe,cytotoxicity against mouse lmtk cells assessed as reduction in cell viability at 300 um after 72 hrs by mtt assay | t | inhibition | = | mus musculus | mus musculus | organism-based format | chembl3865792,,cytotoxic|cytotoxicity|cell viability|viability|mtt|toxicity,,,weak_or_low_toxicity_signal_gt_50uM,accepted,B_supportive_nonhuman_or_normal_like,accepted_normal_like_viability_assay,\bmouse\b,cytotox|cell viability|\bviability\b|\bmtt\b,,no_quantitative_value
,,18006781,[],CHEMBL4003386,Neuroprotective activity against H2O2-induced damage in rat PC12 cells assessed as increase in cell viability at 100 uM pretreated for 2 hrs followed by H2O2 challenge measured after 24 hrs by MTT assay,F,,,BAO_0000375,BAO_0000219,cell-based format,Cc1c(C)c2c(c(C)c1O)CCC(C)(C(=O)O)O2,,,CHEMBL4002586,Eur J Med Chem,2017.0,,,CHEMBL153,TROLOX,CHEMBL153,,0,,2983896,,1,0,,Active,Activity,,,,CHEMBL612556,Rattus norvegicus,PC-12,10116,Active,,Activity,,,,,trolox,repair_candidate,strict repair/protective; antioxidant probe,neuroprotective activity against h2o2-induced damage in rat pc12 cells assessed as increase in cell viability at 100 um pretreated for 2 hrs followed by h2o2 challenge measured after 24 hrs by mtt assay | f | activity |  | pc-12 | rattus norvegicus | cell-based format | chembl4002586,,cell viability|viability|mtt,,,weak_or_low_toxicity_signal_gt_50uM,accepted,B_supportive_nonhuman_or_normal_like,accepted_normal_like_viability_assay,\brat\b,cell viability|\bviability\b|\bmtt\b,,no_quantitative_value
,,18006783,[],CHEMBL4003388,Neuroprotective activity against H2O2-induced damage in rat PC12 cells assessed as reduction in LDH release at 100 uM pretreated for 2 hrs followed by H2O2 challenge measured after 24 hrs,F,,,BAO_0000375,BAO_0000219,cell-based format,Cc1c(C)c2c(c(C)c1O)CCC(C)(C(=O)O)O2,,,CHEMBL4002586,Eur J Med Chem,2017.0,,,CHEMBL153,TROLOX,CHEMBL153,,0,,2983896,,1,0,,Active,Activity,,,,CHEMBL612556,Rattus norvegicus,PC-12,10116,Active,,Activity,,,,,trolox,repair_candidate,strict repair/protective; antioxidant probe,neuroprotective activity against h2o2-induced damage in rat pc12 cells assessed as reduction in ldh release at 100 um pretreated for 2 hrs followed by h2o2 challenge measured after 24 hrs | f | activity |  | pc-12 | rattus norvegicus | cell-based format | chembl4002586,,ldh,,,weak_or_low_toxicity_signal_gt_50uM,accepted,B_supportive_nonhuman_or_normal_like,accepted_normal_like_viability_assay,\brat\b,\bldh\b,,no_quantitative_value
,,18230633,[],CHEMBL4049972,Neuroprotective activity against glutamate-induced neuronal cell death in mouse HT22 cells assessed as increase in cell viability at 100 uM pretreated for 30 mins followed by glutamate challenge measured after 24 hrs by MTT assay,F,,,BAO_0000375,BAO_0000219,cell-based format,Cc1c(C)c2c(c(C)c1O)CCC(C)(C(=O)O)O2,,,CHEMBL4049393,Eur J Med Chem,2017.0,,,CHEMBL153,TROLOX,CHEMBL153,,0,,3025245,,1,0,,Active,Activity,,,,CHEMBL614316,Mus musculus,HT-22,10090,Active,,Activity,,,,,trolox,repair_candidate,strict repair/protective; antioxidant probe,neuroprotective activity against glutamate-induced neuronal cell death in mouse ht22 cells assessed as increase in cell viability at 100 um pretreated for 30 mins followed by glutamate challenge measured after 24 hrs by mtt assay | f | activity |  | ht-22 | mus musculus | cell-based format | chembl4049393,neuron,cell viability|viability|mtt,,,weak_or_low_toxicity_signal_gt_50uM,accepted,B_supportive_nonhuman_or_normal_like,accepted_normal_like_viability_assay,\bmouse\b,cell viability|\bviability\b|\bmtt\b|cell death,,no_quantitative_value
,,18254248,[],CHEMBL4055311,Neuroprotective activity against H2O2-induced cell death in rat PC12 cells assessed as increase in cell viability at 10 uM pretreated for 24 hrs followed by H2O2 induction after 24 hrs by MTT assay,F,,,BAO_0000375,BAO_0000219,cell-based format,Cc1c(C)c2c(c(C)c1O)CCC(C)(C(=O)O)O2,,,CHEMBL4052647,Bioorg Med Chem,2017.0,,,CHEMBL153,TROLOX,CHEMBL153,,0,,3029035,,1,0,,Active,Activity,,,,CHEMBL612556,Rattus norvegicus,PC-12,10116,Active,,Activity,,,,,trolox,repair_candidate,strict repair/protective; antioxidant probe,neuroprotective activity against h2o2-induced cell death in rat pc12 cells assessed as increase in cell viability at 10 um pretreated for 24 hrs followed by h2o2 induction after 24 hrs by mtt assay | f | activity |  | pc-12 | rattus norvegicus | cell-based format | chembl4052647,,cell viability|viability|mtt,,,weak_or_low_toxicity_signal_gt_50uM,accepted,B_supportive_nonhuman_or_normal_like,accepted_normal_like_viability_assay,\brat\b,cell viability|\bviability\b|\bmtt\b|cell death,,no_quantitative_value
,Not Determined,18371202,[],CHEMBL4143580,Antiproliferative activity against NHDF at 30 uM after 72 hrs by MTT assay relative to control,A,,,BAO_0000375,BAO_0000219,cell-based format,Cc1c(C)c2c(c(C)c1O)CCC(C)(C(=O)O)O2,,,CHEMBL4138236,Eur J Med Chem,2018.0,,,CHEMBL153,TROLOX,CHEMBL153,,0,,3049190,,1,0,,,Activity,,,,CHEMBL614200,Homo sapiens,NHDF,9606,,,Activity,,,,,trolox,repair_candidate,strict repair/protective; antioxidant probe,antiproliferative activity against nhdf at 30 um after 72 hrs by mtt assay relative to control | a | activity |  | nhdf | homo sapiens | cell-based format | chembl4138236,nhdf|hdf,mtt,,,weak_or_low_toxicity_signal_gt_50uM,accepted,A_high_confidence_human_normal_like,accepted_normal_like_viability_assay,\bnhdf\b,\bmtt\b,,no_quantitative_value
,,18518504,[],CHEMBL4193462,Neuroprotective activity against H2O2-induced oxidative damage in rat PC12 cells assessed as increase in cell viability at 25 uM preincubated for 2 hrs followed by H2O2 challenge measured after 24 hrs by MTT assay,F,,,BAO_0000375,BAO_0000219,cell-based format,Cc1c(C)c2c(c(C)c1O)CCC(C)(C(=O)O)O2,,,CHEMBL4190315,Eur J Med Chem,2017.0,,,CHEMBL153,TROLOX,CHEMBL153,,0,,3074811,,1,0,,Active,Activity,,,,CHEMBL612556,Rattus norvegicus,PC-12,10116,Active,,Activity,,,,,trolox,repair_candidate,strict repair/protective; antioxidant probe,neuroprotective activity against h2o2-induced oxidative damage in rat pc12 cells assessed as increase in cell viability at 25 um preincubated for 2 hrs followed by h2o2 challenge measured after 24 hrs by mtt assay | f | activity |  | pc-12 | rattus norvegicus | cell-based format | chembl4190315,,cell viability|viability|mtt,,,weak_or_low_toxicity_signal_gt_50uM,accepted,B_supportive_nonhuman_or_normal_like,accepted_normal_like_viability_assay,\brat\b,cell viability|\bviability\b|\bmtt\b,,no_quantitative_value
,,18539931,[],CHEMBL4197245,Protection against CoCl2-induced damage in rat PC12 cells assessed as cell viability at 10 uM preincubated for 36 hrs followed by CoCl2 addition measured after 12 hrs by MTT assay (Rvb = 51.2%),F,,,BAO_0001103,BAO_0000219,cell-based format,Cc1c(C)c2c(c(C)c1O)CCC(C)(C(=O)O)O2,,,CHEMBL4196025,Eur J Med Chem,2018.0,,,CHEMBL153,TROLOX,CHEMBL153,,0,http://qudt.org/vocab/unit#Percent,3078037,=,1,0,=,,Activity,%,,101.3,CHEMBL612556,Rattus norvegicus,PC-12,10116,,,Activity,%,UO_0000187,,101.3,trolox,repair_candidate,strict repair/protective; antioxidant probe,protection against cocl2-induced damage in rat pc12 cells assessed as cell viability at 10 um preincubated for 36 hrs followed by cocl2 addition measured after 12 hrs by mtt assay (rvb = 51.2%) | f | activity | = | pc-12 | rattus norvegicus | cell-based format | chembl4196025,,cell viability|viability|mtt,,,weak_or_low_toxicity_signal_gt_50uM,accepted,B_supportive_nonhuman_or_normal_like,accepted_normal_like_viability_assay,\brat\b,cell viability|\bviability\b|\bmtt\b,,no_quantitative_value
,,18555449,[],CHEMBL4200342,Neuroprotective activity against glutamate-induced cell death in mouse HT22 cells assessed as cell viability at 12.5 uM pretreated for 2 hrs followed by glutamate-challenge and measured after 20 hrs by MTT assay (Rvb = 23 +/- 3.57%),F,,,BAO_0001103,BAO_0000219,cell-based format,Cc1c(C)c2c(c(C)c1O)CCC(C)(C(=O)O)O2,,,CHEMBL4196146,J Nat Prod,2018.0,,,CHEMBL153,TROLOX,CHEMBL153,,0,http://qudt.org/vocab/unit#Percent,3080725,=,1,0,=,,Activity,%,,52.0,CHEMBL614316,Mus musculus,HT-22,10090,,,Activity,%,UO_0000187,,52.0,trolox,repair_candidate,strict repair/protective; antioxidant probe,neuroprotective activity against glutamate-induced cell death in mouse ht22 cells assessed as cell viability at 12.5 um pretreated for 2 hrs followed by glutamate-challenge and measured after 20 hrs by mtt assay (rvb = 23 +/- 3.57%) | f | activity | = | ht-22 | mus musculus | cell-based format | chembl4196146,,cell viability|viability|mtt,,,weak_or_low_toxicity_signal_gt_50uM,accepted,B_supportive_nonhuman_or_normal_like,accepted_normal_like_viability_assay,\bmouse\b,cell viability|\bviability\b|\bmtt\b|cell death,,no_quantitative_value
,,18590372,[],CHEMBL4224286,Cytoprotection against H2O2-induced oxidative stress in rat PC12 cells assessed as increase in cell viability up to 10 uM after 24 hrs by MTT assay,F,,,BAO_0000375,BAO_0000219,cell-based format,Cc1c(C)c2c(c(C)c1O)CCC(C)(C(=O)O)O2,,,CHEMBL4219257,Bioorg Med Chem,2018.0,,,CHEMBL153,TROLOX,CHEMBL153,,0,,3087477,,1,0,,Active,Activity,,,,CHEMBL612556,Rattus norvegicus,PC-12,10116,Active,,Activity,,,,,trolox,repair_candidate,strict repair/protective; antioxidant probe,cytoprotection against h2o2-induced oxidative stress in rat pc12 cells assessed as increase in cell viability up to 10 um after 24 hrs by mtt assay | f | activity |  | pc-12 | rattus norvegicus | cell-based format | chembl4219257,,cell viability|viability|mtt,,,weak_or_low_toxicity_signal_gt_50uM,accepted,B_supportive_nonhuman_or_normal_like,accepted_normal_like_viability_assay,\brat\b,cell viability|\bviability\b|\bmtt\b,,no_quantitative_value
,,18695511,[],CHEMBL4253949,Cytotoxicity against mouse RAW264.7 cells assessed as reduction in cell viability at 30 uM after 18 hrs by MTT assay,A,,,BAO_0000375,BAO_0000219,cell-based format,Cc1c(C)c2c(c(C)c1O)CCC(C)(C(=O)O)O2,,,CHEMBL4251613,Eur J Med Chem,2018.0,,,CHEMBL153,TROLOX,CHEMBL153,,0,,3105026,,1,0,,Not toxic,Activity,,,,CHEMBL612557,Mus musculus,RAW264.7,10090,Non-Toxic,,Activity,,,,,trolox,repair_candidate,strict repair/protective; antioxidant probe,cytotoxicity against mouse raw264.7 cells assessed as reduction in cell viability at 30 um after 18 hrs by mtt assay | a | activity |  | raw264.7 | mus musculus | cell-based format | chembl4251613,,cytotoxic|cytotoxicity|cell viability|viability|mtt|toxicity,,,weak_or_low_toxicity_signal_gt_50uM,accepted,B_supportive_nonhuman_or_normal_like,accepted_normal_like_viability_assay,\bmouse\b,cytotox|cell viability|\bviability\b|\bmtt\b,,no_quantitative_value
,,18989541,[],CHEMBL4340821,Neuroprotective activity against H2O2-induced oxidative damage in rat PC12 cells assessed as cell viability at 10 uM measured after 24 hrs by MTT assay relative to control,F,,,BAO_0001103,BAO_0000219,cell-based format,Cc1c(C)c2c(c(C)c1O)CCC(C)(C(=O)O)O2,,,CHEMBL4340509,Eur J Med Chem,2019.0,,,CHEMBL153,TROLOX,CHEMBL153,,0,http://qudt.org/vocab/unit#Percent,3167942,=,1,0,=,,Activity,%,,79.0,CHEMBL612556,Rattus norvegicus,PC-12,10116,,,Activity,%,UO_0000187,,79.0,trolox,repair_candidate,strict repair/protective; antioxidant probe,neuroprotective activity against h2o2-induced oxidative damage in rat pc12 cells assessed as cell viability at 10 um measured after 24 hrs by mtt assay relative to control | f | activity | = | pc-12 | rattus norvegicus | cell-based format | chembl4340509,,cell viability|viability|mtt,,,weak_or_low_toxicity_signal_gt_50uM,accepted,B_supportive_nonhuman_or_normal_like,accepted_normal_like_viability_assay,\brat\b,cell viability|\bviability\b|\bmtt\b,,no_quantitative_value
,,20604558,[],CHEMBL4604526,Neuroprotective activity against glutamate-induced cell damage in mouse HT22 assessed as increase cell viability at 1.3 to 15 uM after 24 hrs by luminescent cell viability assay,F,,,BAO_0000375,BAO_0000219,cell-based format,Cc1c(C)c2c(c(C)c1O)CCC(C)(C(=O)O)O2,,,CHEMBL4602670,J Nat Prod,2020.0,,,CHEMBL153,TROLOX,CHEMBL153,,0,,3466165,,1,0,,Active,Activity,,,,CHEMBL614316,Mus musculus,HT-22,10090,Active,,Activity,,,,,trolox,repair_candidate,strict repair/protective; antioxidant probe,neuroprotective activity against glutamate-induced cell damage in mouse ht22 assessed as increase cell viability at 1.3 to 15 um after 24 hrs by luminescent cell viability assay | f | activity |  | ht-22 | mus musculus | cell-based format | chembl4602670,,cell viability|viability,,,weak_or_low_toxicity_signal_gt_50uM,accepted,B_supportive_nonhuman_or_normal_like,accepted_normal_like_viability_assay,\bmouse\b,cell viability|\bviability\b,,no_quantitative_value
,,22782245,"[{'comments': None, 'relation': '=', 'result_flag': 0, 'standard_relation': '=', 'standard_text_value': None, 'standard_type': 'Dose_Lower', 'standard_units': 'microM', 'standard_value': '5.0', 'text_value': None, 'type': 'Dose_Lower', 'units': 'microM', 'value': '5.0'}, {'comments': None, 'relation': '=', 'result_flag': 0, 'standard_relation': '=', 'standard_text_value': None, 'standard_type': 'Dose_Upper', 'standard_units': 'microM', 'standard_value': '10.0', 'text_value': None, 'type': 'Dose_Upper', 'units': 'microM', 'value': '10.0'}, {'comments': None, 'relation': '=', 'result_flag': 0, 'standard_relation': '=', 'standard_text_value': None, 'standard_type': 'TIME', 'standard_units': 'hr', 'standard_value': '26.0', 'text_value': None, 'type': 'Time', 'units': 'hrs', 'value': '26.0'}]",CHEMBL4707567,Neuroprotective activity against H2O2-induced cell injury in rat PC-12 cells assessed as increase in cell viability causing decrease in LDH content preincubated for 2 hrs followed by H2O2 addition and measured after 24 hrs by LDH assay,F,,,BAO_0000375,BAO_0000219,cell-based format,Cc1c(C)c2c(c(C)c1O)CCC(C)(C(=O)O)O2,,,CHEMBL4706484,Eur J Med Chem,2020.0,,,CHEMBL153,TROLOX,CHEMBL153,,0,,3537418,,1,0,,Active,Activity,,,,CHEMBL612556,Rattus norvegicus,PC-12,10116,Active,,Activity,,,,,trolox,repair_candidate,strict repair/protective; antioxidant probe,neuroprotective activity against h2o2-induced cell injury in rat pc-12 cells assessed as increase in cell viability causing decrease in ldh content preincubated for 2 hrs followed by h2o2 addition and measured after 24 hrs by ldh assay | f | activity |  | pc-12 | rattus norvegicus | cell-based format | chembl4706484,,cell viability|viability|ldh,,,weak_or_low_toxicity_signal_gt_50uM,accepted,B_supportive_nonhuman_or_normal_like,accepted_normal_like_viability_assay,\brat\b,cell viability|\bviability\b|\bldh\b,,no_quantitative_value
,,22782347,"[{'comments': None, 'relation': '=', 'result_flag': 0, 'standard_relation': '=', 'standard_text_value': None, 'standard_type': 'TIME', 'standard_units': 'hr', 'standard_value': '26.0', 'text_value': None, 'type': 'Time', 'units': 'hrs', 'value': '26.0'}]",CHEMBL4707655,Neuroprotective activity against H2O2-induced cell injury in rat PC12 cells assessed as cell viability preincubated for 2 hrs followed by H2O2 addition and measured after 24 hrs by MTT assay (Rvb = 53.8 %),F,,,BAO_0001103,BAO_0000219,cell-based format,Cc1c(C)c2c(c(C)c1O)CCC(C)(C(=O)O)O2,,,CHEMBL4706484,Eur J Med Chem,2020.0,,,CHEMBL153,TROLOX,CHEMBL153,,0,http://qudt.org/vocab/unit#Percent,3537418,=,1,0,=,,Activity,%,,68.8,CHEMBL612556,Rattus norvegicus,PC-12,10116,,,Activity,%,UO_0000187,,68.8,trolox,repair_candidate,strict repair/protective; antioxidant probe,neuroprotective activity against h2o2-induced cell injury in rat pc12 cells assessed as cell viability preincubated for 2 hrs followed by h2o2 addition and measured after 24 hrs by mtt assay (rvb = 53.8 %) | f | activity | = | pc-12 | rattus norvegicus | cell-based format | chembl4706484,,cell viability|viability|mtt,,,weak_or_low_toxicity_signal_gt_50uM,accepted,B_supportive_nonhuman_or_normal_like,accepted_normal_like_viability_assay,\brat\b,cell viability|\bviability\b|\bmtt\b,,no_quantitative_value
,,22814189,"[{'comments': None, 'relation': '=', 'result_flag': 0, 'standard_relation': '=', 'standard_text_value': None, 'standard_type': 'Dose', 'standard_units': 'microM', 'standard_value': '100.0', 'text_value': None, 'type': 'Dose', 'units': 'microM', 'value': '100.0'}, {'comments': None, 'relation': '=', 'result_flag': 0, 'standard_relation': '=', 'standard_text_value': None, 'standard_type': 'TIME', 'standard_units': 'hr', 'standard_value': '26.0', 'text_value': None, 'type': 'Time', 'units': 'hrs', 'value': '26.0'}]",CHEMBL4714403,Neuroprotective activity against H2O2-induced cytotoxicity in rat PC12 cells assessed as increase in cell viability at 100 uM preincubated for 2 hrs followed by H2O2 addition and measured after 24 hrs by MTT assay,F,,,BAO_0000375,BAO_0000219,cell-based format,Cc1c(C)c2c(c(C)c1O)CCC(C)(C(=O)O)O2,,,CHEMBL4706703,Bioorg Med Chem,2021.0,,,CHEMBL153,TROLOX,CHEMBL153,,0,,3543433,,1,0,,Active,Activity,,,,CHEMBL612556,Rattus norvegicus,PC-12,10116,Active,,Activity,,,,,trolox,repair_candidate,strict repair/protective; antioxidant probe,neuroprotective activity against h2o2-induced cytotoxicity in rat pc12 cells assessed as increase in cell viability at 100 um preincubated for 2 hrs followed by h2o2 addition and measured after 24 hrs by mtt assay | f | activity |  | pc-12 | rattus norvegicus | cell-based format | chembl4706703,,cytotoxic|cytotoxicity|cell viability|viability|mtt|toxicity,,,weak_or_low_toxicity_signal_gt_50uM,accepted,B_supportive_nonhuman_or_normal_like,accepted_normal_like_viability_assay,\brat\b,cytotox|cell viability|\bviability\b|\bmtt\b,,no_quantitative_value
,,24980696,"[{'comments': None, 'relation': '=', 'result_flag': 0, 'standard_relation': '=', 'standard_text_value': None, 'standard_type': 'DOSE', 'standard_units': 'microM', 'standard_value': '25.0', 'text_value': None, 'type': 'DOSE', 'units': 'microM', 'value': '25.0'}]",CHEMBL5225894,Neuroprotective activity against H2O2-induced cytotoxicity in rat PC-12 cells at 25 uM,F,,,BAO_0001103,BAO_0000219,cell-based format,Cc1c(C)c2c(c(C)c1O)CCC(C)(C(=O)O)O2,,,CHEMBL5223174,Bioorg Med Chem,2023.0,,,CHEMBL153,TROLOX,CHEMBL153,,0,http://qudt.org/vocab/unit#Percent,3904569,=,1,0,=,,Activity,%,,45.28,CHEMBL612556,Rattus norvegicus,PC-12,10116,,,Activity,%,UO_0000187,,45.28,trolox,repair_candidate,strict repair/protective; antioxidant probe,neuroprotective activity against h2o2-induced cytotoxicity in rat pc-12 cells at 25 um | f | activity | = | pc-12 | rattus norvegicus | cell-based format | chembl5223174,,cytotoxic|cytotoxicity|toxicity,,,weak_or_low_toxicity_signal_gt_50uM,accepted,B_supportive_nonhuman_or_normal_like,accepted_normal_like_viability_assay,\brat\b,cytotox,,no_quantitative_value
,,26327026,"[{'comments': None, 'relation': '=', 'result_flag': 0, 'standard_relation': '=', 'standard_text_value': None, 'standard_type': 'TIME', 'standard_units': 'hr', 'standard_value': '96.0', 'text_value': None, 'type': 'TIME', 'units': 'day', 'value': '4.0'}]",CHEMBL5716986,Cytoprotective activity against serum deprivation-induced neonatal Wistar rat cardiomyocyte death assessed as increase in cell viability measured after 4 days by WST-8 assay,F,,,BAO_0000179,BAO_0000219,cell-based format,Cc1c(C)c2c(c(C)c1O)CCC(C)(C(=O)O)O2,,,CHEMBL5715946,Chem Biol,2010.0,,,CHEMBL153,TROLOX,CHEMBL153,,0,http://www.openphacts.org/units/Micromolar,4140560,=,72,0,=,,MEC1.5,uM,,160.0,CHEMBL4296517,,Cardiac muscle cell,,,,MEC1.5,uM,UO_0000064,,160.0,trolox,repair_candidate,strict repair/protective; antioxidant probe,cytoprotective activity against serum deprivation-induced neonatal wistar rat cardiomyocyte death assessed as increase in cell viability measured after 4 days by wst-8 assay | f | mec1.5 | = | cardiac muscle cell |  | cell-based format | chembl5715946,cardiomyocyte,cell viability|viability|wst,,160.0,weak_or_low_toxicity_signal_gt_50uM,accepted,A_high_confidence_human_normal_like,accepted_normal_like_viability_assay,\bcardiomyocyte\b|\brat\b,cell viability|\bviability\b|\bwst\b,,toxicity_signal
,,1177964,[],CHEMBL754160,Inhibition of P-glycoprotein using calcein-AM assay transfected in porcine PBCEC,F,,,BAO_0000190,BAO_0000019,assay format,C[C@@H]1C[C@H]2[C@@H]3CCC4=CC(=O)C=C[C@]4(C)[C@@]3(F)[C@@H](O)C[C@]2(C)[C@@]1(O)C(=O)CO,,,CHEMBL1136781,J Med Chem,2003.0,,,CHEMBL384467,DEXAMETHASONE,CHEMBL384467,,0,http://www.openphacts.org/units/Nanomolar,79176,>,1,1,>,,IC50,nM,,50000.0,CHEMBL4302,Homo sapiens,ATP-dependent translocase ABCB1,9606,,,IC50,uM,UO_0000065,,50.0,dexamethasone,repair_candidate_watchlist,glucocorticoid representative,inhibition of p-glycoprotein using calcein-am assay transfected in porcine pbcec | f | ic50 | > | atp-dependent translocase abcb1 | homo sapiens | assay format | chembl1136781,,atp,,50.0,moderate_toxicity_signal_le_50uM,accepted,B_supportive_nonhuman_or_normal_like,accepted_normal_like_viability_assay,\bporcine\b,\batp\b,,no_toxicity_signal_or_lower_bound
,,1177965,[],CHEMBL755828,"Inhibition of P-glycoprotein, mouse L-mdr1a expressed in LLC-PK1 epithelial cells using calcein-AM polarisation assay",F,,,BAO_0000190,BAO_0000219,cell-based format,C[C@@H]1C[C@H]2[C@@H]3CCC4=CC(=O)C=C[C@]4(C)[C@@]3(F)[C@@H](O)C[C@]2(C)[C@@]1(O)C(=O)CO,,,CHEMBL1136781,J Med Chem,2003.0,,,CHEMBL384467,DEXAMETHASONE,CHEMBL384467,,0,http://www.openphacts.org/units/Nanomolar,79176,>,1,1,>,,IC50,nM,,50000.0,CHEMBL2573,Mus musculus,ATP-dependent translocase ABCB1,10090,,,IC50,uM,UO_0000065,,50.0,dexamethasone,repair_candidate_watchlist,glucocorticoid representative,"inhibition of p-glycoprotein, mouse l-mdr1a expressed in llc-pk1 epithelial cells using calcein-am polarisation assay | f | ic50 | > | atp-dependent translocase abcb1 | mus musculus | cell-based format | chembl1136781",epithelial,atp,,50.0,moderate_toxicity_signal_le_50uM,accepted,A_high_confidence_human_normal_like,accepted_normal_like_viability_assay,\bepithelial\b|\bmouse\b,\batp\b,,no_toxicity_signal_or_lower_bound
,,1177966,[],CHEMBL754159,"Inhibition of P-glycoprotein, mouse L-mdr1b expressed in LLC-PK1 epithelial cells using calcein-AM polarisation assay",F,,,BAO_0000190,BAO_0000219,cell-based format,C[C@@H]1C[C@H]2[C@@H]3CCC4=CC(=O)C=C[C@]4(C)[C@@]3(F)[C@@H](O)C[C@]2(C)[C@@]1(O)C(=O)CO,,,CHEMBL1136781,J Med Chem,2003.0,,,CHEMBL384467,DEXAMETHASONE,CHEMBL384467,,0,http://www.openphacts.org/units/Nanomolar,79176,>,1,1,>,,IC50,nM,,50000.0,CHEMBL3467,Mus musculus,ATP-dependent translocase ABCB1,10090,,,IC50,uM,UO_0000065,,50.0,dexamethasone,repair_candidate_watchlist,glucocorticoid representative,"inhibition of p-glycoprotein, mouse l-mdr1b expressed in llc-pk1 epithelial cells using calcein-am polarisation assay | f | ic50 | > | atp-dependent translocase abcb1 | mus musculus | cell-based format | chembl1136781",epithelial,atp,,50.0,moderate_toxicity_signal_le_50uM,accepted,A_high_confidence_human_normal_like,accepted_normal_like_viability_assay,\bepithelial\b|\bmouse\b,\batp\b,,no_toxicity_signal_or_lower_bound
,,1177967,[],CHEMBL755827,"Inhibition of P-glycoprotein, human L-MDR1 expressed in LLC-PK1 epithelial cells using calcein-AM polarisation assay",F,,,BAO_0000190,BAO_0000219,cell-based format,C[C@@H]1C[C@H]2[C@@H]3CCC4=CC(=O)C=C[C@]4(C)[C@@]3(F)[C@@H](O)C[C@]2(C)[C@@]1(O)C(=O)CO,,,CHEMBL1136781,J Med Chem,2003.0,,,CHEMBL384467,DEXAMETHASONE,CHEMBL384467,,0,http://www.openphacts.org/units/Nanomolar,79176,>,1,1,>,,IC50,nM,,50000.0,CHEMBL4302,Homo sapiens,ATP-dependent translocase ABCB1,9606,,,IC50,uM,UO_0000065,,50.0,dexamethasone,repair_candidate_watchlist,glucocorticoid representative,"inhibition of p-glycoprotein, human l-mdr1 expressed in llc-pk1 epithelial cells using calcein-am polarisation assay | f | ic50 | > | atp-dependent translocase abcb1 | homo sapiens | cell-based format | chembl1136781",epithelial,atp,,50.0,moderate_toxicity_signal_le_50uM,accepted,A_high_confidence_human_normal_like,accepted_normal_like_viability_assay,\bepithelial\b,\batp\b,,no_toxicity_signal_or_lower_bound
,,1177968,[],CHEMBL754163,"P-gp activity was measured by a direct transport assay, using polarized LLC-PK1 epithelial cells",F,,,BAO_0000193,BAO_0000219,cell-based format,C[C@@H]1C[C@H]2[C@@H]3CCC4=CC(=O)C=C[C@]4(C)[C@@]3(F)[C@@H](O)C[C@]2(C)[C@@]1(O)C(=O)CO,,,CHEMBL1136781,J Med Chem,2003.0,,,CHEMBL384467,DEXAMETHASONE,CHEMBL384467,,0,,79176,=,1,0,=,,Ratio,,,0.8,CHEMBL2573,Mus musculus,ATP-dependent translocase ABCB1,10090,,,Ratio,,,,0.8,dexamethasone,repair_candidate_watchlist,glucocorticoid representative,"p-gp activity was measured by a direct transport assay, using polarized llc-pk1 epithelial cells | f | ratio | = | atp-dependent translocase abcb1 | mus musculus | cell-based format | chembl1136781",epithelial,atp,,,weak_or_low_toxicity_signal_gt_50uM,accepted,A_high_confidence_human_normal_like,accepted_normal_like_viability_assay,\bepithelial\b,\batp\b,,no_quantitative_value
,,1177969,[],CHEMBL754162,"P-gp activity was measured by a direct transport assay, using polarized LLC-MDR1 epithelial cells",F,,,BAO_0000193,BAO_0000219,cell-based format,C[C@@H]1C[C@H]2[C@@H]3CCC4=CC(=O)C=C[C@]4(C)[C@@]3(F)[C@@H](O)C[C@]2(C)[C@@]1(O)C(=O)CO,,,CHEMBL1136781,J Med Chem,2003.0,,,CHEMBL384467,DEXAMETHASONE,CHEMBL384467,,0,,79176,=,1,0,=,,Ratio,,,2.3,CHEMBL2573,Mus musculus,ATP-dependent translocase ABCB1,10090,,,Ratio,,,,2.3,dexamethasone,repair_candidate_watchlist,glucocorticoid representative,"p-gp activity was measured by a direct transport assay, using polarized llc-mdr1 epithelial cells | f | ratio | = | atp-dependent translocase abcb1 | mus musculus | cell-based format | chembl1136781",epithelial,atp,,,weak_or_low_toxicity_signal_gt_50uM,accepted,A_high_confidence_human_normal_like,accepted_normal_like_viability_assay,\bepithelial\b,\batp\b,,no_quantitative_value
,,1177970,[],CHEMBL754164,"P-gp activity was measured by a direct transport assay, using polarized LLC-mdr1a epithelial cells",F,,,BAO_0000193,BAO_0000219,cell-based format,C[C@@H]1C[C@H]2[C@@H]3CCC4=CC(=O)C=C[C@]4(C)[C@@]3(F)[C@@H](O)C[C@]2(C)[C@@]1(O)C(=O)CO,,,CHEMBL1136781,J Med Chem,2003.0,,,CHEMBL384467,DEXAMETHASONE,CHEMBL384467,,0,,79176,=,1,0,=,,Ratio,,,5.2,CHEMBL2573,Mus musculus,ATP-dependent translocase ABCB1,10090,,,Ratio,,,,5.2,dexamethasone,repair_candidate_watchlist,glucocorticoid representative,"p-gp activity was measured by a direct transport assay, using polarized llc-mdr1a epithelial cells | f | ratio | = | atp-dependent translocase abcb1 | mus musculus | cell-based format | chembl1136781",epithelial,atp,,,weak_or_low_toxicity_signal_gt_50uM,accepted,A_high_confidence_human_normal_like,accepted_normal_like_viability_assay,\bepithelial\b,\batp\b,,no_quantitative_value
,,2334540,[],CHEMBL997296,Effect on 1.5 hrs galactosamine pretreatment-induced cytotoxicity in Wistar rat hepatocytes assessed as glutamic-pyruvic transaminase activity at 1 uM,F,,,BAO_0000181,BAO_0000219,cell-based format,C[C@@H]1C[C@H]2[C@@H]3CCC4=CC(=O)C=C[C@]4(C)[C@@]3(F)[C@@H](O)C[C@]2(C)[C@@]1(O)C(=O)CO,,,CHEMBL1145673,J Nat Prod,1983.0,,,CHEMBL384467,DEXAMETHASONE,CHEMBL384467,,0,http://qudt.org/vocab/unit#InternationalUnitPerLiter,713965,=,1,0,=,,Activity,IU/L,,96.0,CHEMBL613362,Rattus norvegicus,Hepatocyte,10116,,,Activity,IU/L,,,96.0,dexamethasone,repair_candidate_watchlist,glucocorticoid representative,effect on 1.5 hrs galactosamine pretreatment-induced cytotoxicity in wistar rat hepatocytes assessed as glutamic-pyruvic transaminase activity at 1 um | f | activity | = | hepatocyte | rattus norvegicus | cell-based format | chembl1145673,hepatocyte,cytotoxic|cytotoxicity|toxicity,,,weak_or_low_toxicity_signal_gt_50uM,accepted,A_high_confidence_human_normal_like,accepted_normal_like_viability_assay,\bhepatocyte\b|\brat\b,cytotox,,no_quantitative_value
,,2334541,[],CHEMBL997297,Effect on 1.5 hrs galactosamine pretreatment-induced cytotoxicity in Wistar rat hepatocytes at 1 uM,F,,,BAO_0000375,BAO_0000219,cell-based format,C[C@@H]1C[C@H]2[C@@H]3CCC4=CC(=O)C=C[C@]4(C)[C@@]3(F)[C@@H](O)C[C@]2(C)[C@@]1(O)C(=O)CO,,,CHEMBL1145673,J Nat Prod,1983.0,,,CHEMBL384467,DEXAMETHASONE,CHEMBL384467,,0,,713965,,1,0,,Not active,Activity,,,,CHEMBL613362,Rattus norvegicus,Hepatocyte,10116,Not Active,,Activity,,,,,dexamethasone,repair_candidate_watchlist,glucocorticoid representative,effect on 1.5 hrs galactosamine pretreatment-induced cytotoxicity in wistar rat hepatocytes at 1 um | f | activity |  | hepatocyte | rattus norvegicus | cell-based format | chembl1145673,hepatocyte,cytotoxic|cytotoxicity|toxicity,,,weak_or_low_toxicity_signal_gt_50uM,accepted,A_high_confidence_human_normal_like,accepted_normal_like_viability_assay,\bhepatocyte\b|\brat\b,cytotox,,no_quantitative_value
,,2336412,[],CHEMBL1016738,Cytotoxicity against mouse RAW264.7 cells after 2 days by MTT assay,A,,,BAO_0000190,BAO_0000219,cell-based format,C[C@@H]1C[C@H]2[C@@H]3CCC4=CC(=O)C=C[C@]4(C)[C@@]3(F)[C@@H](O)C[C@]2(C)[C@@]1(O)C(=O)CO,,,CHEMBL1151198,J Nat Prod,2004.0,,,CHEMBL384467,DEXAMETHASONE,CHEMBL384467,,0,http://www.openphacts.org/units/MicrogramPerMilliliter,714941,>,1,1,>,,IC50,ug.mL-1,,25.0,CHEMBL612557,Mus musculus,RAW264.7,10090,,,IC50,ug ml-1,UO_0000274,,25.0,dexamethasone,repair_candidate_watchlist,glucocorticoid representative,cytotoxicity against mouse raw264.7 cells after 2 days by mtt assay | a | ic50 | > | raw264.7 | mus musculus | cell-based format | chembl1151198,,cytotoxic|cytotoxicity|mtt|toxicity,,,weak_or_low_toxicity_signal_gt_50uM,accepted,B_supportive_nonhuman_or_normal_like,accepted_normal_like_viability_assay,\bmouse\b,cytotox|\bmtt\b,,no_quantitative_value
,,2419671,[],CHEMBL964267,Cytotoxicity against BALB/c mouse TH2 cells after 48 hrs by Trypan blue assay,A,,,BAO_0002117,BAO_0000219,cell-based format,C[C@@H]1C[C@H]2[C@@H]3CCC4=CC(=O)C=C[C@]4(C)[C@@]3(F)[C@@H](O)C[C@]2(C)[C@@]1(O)C(=O)CO,,,CHEMBL1153431,J Med Chem,2009.0,,,CHEMBL384467,DEXAMETHASONE,CHEMBL384467,,0,http://www.openphacts.org/units/Nanomolar,783007,>,1,0,>,,LD50,nM,,7100.0,CHEMBL612558,,ADMET,,,,LD50,nM,UO_0000065,,7100.0,dexamethasone,repair_candidate_watchlist,glucocorticoid representative,cytotoxicity against balb/c mouse th2 cells after 48 hrs by trypan blue assay | a | ld50 | > | admet |  | cell-based format | chembl1153431,,cytotoxic|cytotoxicity|toxicity,,7.1,high_toxicity_signal_le_10uM,accepted,B_supportive_nonhuman_or_normal_like,accepted_normal_like_viability_assay,\bmouse\b,cytotox,,no_toxicity_signal_or_lower_bound
,inducer [+],10997197,[],CHEMBL2077566,TP_TRANSPORTER: Northern blot from primary hepatocytes,F,,,BAO_0000375,BAO_0000219,cell-based format,C[C@@H]1C[C@H]2[C@@H]3CCC4=CC(=O)C=C[C@]4(C)[C@@]3(F)[C@@H](O)C[C@]2(C)[C@@]1(O)C(=O)CO,,,CHEMBL2074328,Toxicol Lett,2001.0,,,CHEMBL384467,DEXAMETHASONE,CHEMBL384467,,0,,1670731,,18,0,,,Activity,,,,CHEMBL2073676,Rattus norvegicus,ATP-binding cassette sub-family C member 2,10116,,,Activity,,,,,dexamethasone,repair_candidate_watchlist,glucocorticoid representative,tp_transporter: northern blot from primary hepatocytes | f | activity |  | atp-binding cassette sub-family c member 2 | rattus norvegicus | cell-based format | chembl2074328,primary|hepatocyte,atp,,,weak_or_low_toxicity_signal_gt_50uM,accepted,A_high_confidence_human_normal_like,accepted_normal_like_viability_assay,\bprimary\b,\batp\b,,no_quantitative_value
,inducer [+],10997201,[],CHEMBL2077565,"TP_TRANSPORTER: Western blot, primary hepatocytes",F,,,BAO_0000375,BAO_0000219,cell-based format,C[C@@H]1C[C@H]2[C@@H]3CCC4=CC(=O)C=C[C@]4(C)[C@@]3(F)[C@@H](O)C[C@]2(C)[C@@]1(O)C(=O)CO,,,CHEMBL2074328,Toxicol Lett,2001.0,,,CHEMBL384467,DEXAMETHASONE,CHEMBL384467,,0,,1670731,,18,0,,,Activity,,,,CHEMBL2073676,Rattus norvegicus,ATP-binding cassette sub-family C member 2,10116,,,Activity,,,,,dexamethasone,repair_candidate_watchlist,glucocorticoid representative,"tp_transporter: western blot, primary hepatocytes | f | activity |  | atp-binding cassette sub-family c member 2 | rattus norvegicus | cell-based format | chembl2074328",primary|hepatocyte,atp,,,weak_or_low_toxicity_signal_gt_50uM,accepted,A_high_confidence_human_normal_like,accepted_normal_like_viability_assay,\bprimary\b,\batp\b,,no_quantitative_value
"{'action_type': 'SUBSTRATE', 'description': 'Carried by a transporter, possibly competing with the natural substrate for transport', 'parent_type': 'OTHER'}",substrate [+],10997914,[],CHEMBL2077011,TP_TRANSPORTER: increase in brain concentration in mdr1a(-/-) mouse,F,,,BAO_0000375,BAO_0000218,organism-based format,C[C@@H]1C[C@H]2[C@@H]3CCC4=CC(=O)C=C[C@]4(C)[C@@]3(F)[C@@H](O)C[C@]2(C)[C@@]1(O)C(=O)CO,,,CHEMBL2074129,J Clin Invest,1995.0,,,CHEMBL384467,DEXAMETHASONE,CHEMBL384467,,0,,1669612,,18,0,,,Activity,,,,CHEMBL2573,Mus musculus,ATP-dependent translocase ABCB1,10090,,,Activity,,,,,dexamethasone,repair_candidate_watchlist,glucocorticoid representative,tp_transporter: increase in brain concentration in mdr1a(-/-) mouse | f | activity |  | atp-dependent translocase abcb1 | mus musculus | organism-based format | chembl2074129,,atp,,,weak_or_low_toxicity_signal_gt_50uM,accepted,B_supportive_nonhuman_or_normal_like,accepted_normal_like_viability_assay,\bmouse\b,\batp\b,,no_quantitative_value
,inducer [+],10998524,[],CHEMBL2077851,"TP_TRANSPORTER: Western in vivo, liver of SD rat",F,,,BAO_0000375,BAO_0000218,organism-based format,C[C@@H]1C[C@H]2[C@@H]3CCC4=CC(=O)C=C[C@]4(C)[C@@]3(F)[C@@H](O)C[C@]2(C)[C@@]1(O)C(=O)CO,,,CHEMBL2074267,FEBS Lett,1999.0,,,CHEMBL384467,DEXAMETHASONE,CHEMBL384467,,0,,1671025,,18,0,,,Activity,,,,CHEMBL2073676,Rattus norvegicus,ATP-binding cassette sub-family C member 2,10116,,,Activity,,,,,dexamethasone,repair_candidate_watchlist,glucocorticoid representative,"tp_transporter: western in vivo, liver of sd rat | f | activity |  | atp-binding cassette sub-family c member 2 | rattus norvegicus | organism-based format | chembl2074267",,atp,,,weak_or_low_toxicity_signal_gt_50uM,accepted,B_supportive_nonhuman_or_normal_like,accepted_normal_like_viability_assay,\brat\b,\batp\b,,no_quantitative_value
,inducer [+],10998525,[],CHEMBL2075094,"TP_TRANSPORTER: Western in vivo, kidney of SD rat",F,,,BAO_0000375,BAO_0000218,organism-based format,C[C@@H]1C[C@H]2[C@@H]3CCC4=CC(=O)C=C[C@]4(C)[C@@]3(F)[C@@H](O)C[C@]2(C)[C@@]1(O)C(=O)CO,,,CHEMBL2074267,FEBS Lett,1999.0,,,CHEMBL384467,DEXAMETHASONE,CHEMBL384467,,0,,1671025,,18,0,,,Activity,,,,CHEMBL2073676,Rattus norvegicus,ATP-binding cassette sub-family C member 2,10116,,,Activity,,,,,dexamethasone,repair_candidate_watchlist,glucocorticoid representative,"tp_transporter: western in vivo, kidney of sd rat | f | activity |  | atp-binding cassette sub-family c member 2 | rattus norvegicus | organism-based format | chembl2074267",,atp,,,weak_or_low_toxicity_signal_gt_50uM,accepted,B_supportive_nonhuman_or_normal_like,accepted_normal_like_viability_assay,\brat\b,\batp\b,,no_quantitative_value
,inducer [Decrease],11001099,[],CHEMBL2075710,TP_TRANSPORTER: Northern blot from primary hepatocytes,F,,,BAO_0000375,BAO_0000219,cell-based format,C[C@@H]1C[C@H]2[C@@H]3CCC4=CC(=O)C=C[C@]4(C)[C@@]3(F)[C@@H](O)C[C@]2(C)[C@@]1(O)C(=O)CO,,,CHEMBL2074099,Cell Growth Differ,1995.0,,,CHEMBL384467,DEXAMETHASONE,CHEMBL384467,,0,,1671029,,18,0,,,Activity,,,,CHEMBL1075229,Rattus norvegicus,ATP-dependent translocase ABCB1,10116,,,Activity,,,,,dexamethasone,repair_candidate_watchlist,glucocorticoid representative,tp_transporter: northern blot from primary hepatocytes | f | activity |  | atp-dependent translocase abcb1 | rattus norvegicus | cell-based format | chembl2074099,primary|hepatocyte,atp,,,weak_or_low_toxicity_signal_gt_50uM,accepted,A_high_confidence_human_normal_like,accepted_normal_like_viability_assay,\bprimary\b,\batp\b,,no_quantitative_value
,inducer [Decrease],11001100,[],CHEMBL2075271,"TP_TRANSPORTER: Western blot, primary hepatocytes",F,,,BAO_0000375,BAO_0000219,cell-based format,C[C@@H]1C[C@H]2[C@@H]3CCC4=CC(=O)C=C[C@]4(C)[C@@]3(F)[C@@H](O)C[C@]2(C)[C@@]1(O)C(=O)CO,,,CHEMBL2074099,Cell Growth Differ,1995.0,,,CHEMBL384467,DEXAMETHASONE,CHEMBL384467,,0,,1671029,,18,0,,,Activity,,,,CHEMBL1075229,Rattus norvegicus,ATP-dependent translocase ABCB1,10116,,,Activity,,,,,dexamethasone,repair_candidate_watchlist,glucocorticoid representative,"tp_transporter: western blot, primary hepatocytes | f | activity |  | atp-dependent translocase abcb1 | rattus norvegicus | cell-based format | chembl2074099",primary|hepatocyte,atp,,,weak_or_low_toxicity_signal_gt_50uM,accepted,A_high_confidence_human_normal_like,accepted_normal_like_viability_assay,\bprimary\b,\batp\b,,no_quantitative_value
,Non-toxic,13316493,[],CHEMBL2388276,Antiproliferative activity against rat IEC-18 cells at 10 uM after 24 hrs by MTT assay,A,,,BAO_0000375,BAO_0000219,cell-based format,C[C@@H]1C[C@H]2[C@@H]3CCC4=CC(=O)C=C[C@]4(C)[C@@]3(F)[C@@H](O)C[C@]2(C)[C@@]1(O)C(=O)CO,,,CHEMBL2385003,J Nat Prod,2013.0,,,CHEMBL384467,DEXAMETHASONE,CHEMBL384467,,0,,1896958,,1,0,,,Activity,,,,CHEMBL612558,,ADMET,,,,Activity,,,,,dexamethasone,repair_candidate_watchlist,glucocorticoid representative,antiproliferative activity against rat iec-18 cells at 10 um after 24 hrs by mtt assay | a | activity |  | admet |  | cell-based format | chembl2385003,,mtt,,,weak_or_low_toxicity_signal_gt_50uM,accepted,B_supportive_nonhuman_or_normal_like,accepted_normal_like_viability_assay,\brat\b,\bmtt\b,,no_quantitative_value
,,14722200,[],CHEMBL3292951,Induction of apoptosis in mouse thymocytes assessed as internucleosomal DNA fragmentation at 1 uM after 24 hrs by agarose gel electrophoresis,F,,,BAO_0000375,BAO_0000219,cell-based format,C[C@@H]1C[C@H]2[C@@H]3CCC4=CC(=O)C=C[C@]4(C)[C@@]3(F)[C@@H](O)C[C@]2(C)[C@@]1(O)C(=O)CO,,,CHEMBL3286163,Bioorg Med Chem,2014.0,,,CHEMBL384467,DEXAMETHASONE,CHEMBL384467,,0,,2117011,,1,0,,Active,Activity,,,,CHEMBL613302,,Thymocyte,,Active,,Activity,,,,,dexamethasone,repair_candidate_watchlist,glucocorticoid representative,induction of apoptosis in mouse thymocytes assessed as internucleosomal dna fragmentation at 1 um after 24 hrs by agarose gel electrophoresis | f | activity |  | thymocyte |  | cell-based format | chembl3286163,,apoptosis,,,weak_or_low_toxicity_signal_gt_50uM,accepted,B_supportive_nonhuman_or_normal_like,accepted_normal_like_viability_assay,\bmouse\b,apoptosis,,no_quantitative_value
,,14753383,[],CHEMBL3299618,Cytotoxicity against mouse fibroblasts after 72 hrs by MTT assay,A,,,BAO_0000190,BAO_0000219,cell-based format,C[C@@H]1C[C@H]2[C@@H]3CCC4=CC(=O)C=C[C@]4(C)[C@@]3(F)[C@@H](O)C[C@]2(C)[C@@]1(O)C(=O)CO,,,CHEMBL3297734,Eur J Med Chem,2014.0,,,CHEMBL384467,DEXAMETHASONE,CHEMBL384467,,0,http://www.openphacts.org/units/Nanomolar,2120192,>,1,1,>,,IC50,nM,,15000.0,CHEMBL612558,,ADMET,,,,IC50,uM,UO_0000065,,15.0,dexamethasone,repair_candidate_watchlist,glucocorticoid representative,cytotoxicity against mouse fibroblasts after 72 hrs by mtt assay | a | ic50 | > | admet |  | cell-based format | chembl3297734,fibroblast,cytotoxic|cytotoxicity|mtt|toxicity,,15.0,moderate_toxicity_signal_le_50uM,accepted,B_supportive_nonhuman_or_normal_like,accepted_normal_like_viability_assay,\bmouse\b,cytotox|\bmtt\b,,no_toxicity_signal_or_lower_bound
,,14753389,[],CHEMBL3299619,Induction of apoptosis in mouse B16F10 cells assessed as necrotic cells at 10 uM after 48 hrs using FITC-annexin V-FITC/propidium iodide by flow cytometry (Rvb = 1.7%),F,,,BAO_0001103,BAO_0000219,cell-based format,C[C@@H]1C[C@H]2[C@@H]3CCC4=CC(=O)C=C[C@]4(C)[C@@]3(F)[C@@H](O)C[C@]2(C)[C@@]1(O)C(=O)CO,,,CHEMBL3297734,Eur J Med Chem,2014.0,,,CHEMBL384467,DEXAMETHASONE,CHEMBL384467,,0,http://qudt.org/vocab/unit#Percent,2120192,=,1,0,=,,Activity,%,,1.3,CHEMBL612656,Mus musculus,B16-F10,10090,,,Activity,%,UO_0000187,,1.3,dexamethasone,repair_candidate_watchlist,glucocorticoid representative,induction of apoptosis in mouse b16f10 cells assessed as necrotic cells at 10 um after 48 hrs using fitc-annexin v-fitc/propidium iodide by flow cytometry (rvb = 1.7%) | f | activity | = | b16-f10 | mus musculus | cell-based format | chembl3297734,,apoptosis,,,weak_or_low_toxicity_signal_gt_50uM,accepted,B_supportive_nonhuman_or_normal_like,accepted_normal_like_viability_assay,\bmouse\b,apoptosis,,no_quantitative_value
,,14753391,[],CHEMBL3299620,Induction of apoptosis in mouse B16F10 cells assessed as late apoptotic cells at 10 uM after 48 hrs using FITC-annexin V-FITC/propidium iodide by flow cytometry (Rvb = 2.5%),F,,,BAO_0001103,BAO_0000219,cell-based format,C[C@@H]1C[C@H]2[C@@H]3CCC4=CC(=O)C=C[C@]4(C)[C@@]3(F)[C@@H](O)C[C@]2(C)[C@@]1(O)C(=O)CO,,,CHEMBL3297734,Eur J Med Chem,2014.0,,,CHEMBL384467,DEXAMETHASONE,CHEMBL384467,,0,http://qudt.org/vocab/unit#Percent,2120192,=,1,0,=,,Activity,%,,3.7,CHEMBL612656,Mus musculus,B16-F10,10090,,,Activity,%,UO_0000187,,3.7,dexamethasone,repair_candidate_watchlist,glucocorticoid representative,induction of apoptosis in mouse b16f10 cells assessed as late apoptotic cells at 10 um after 48 hrs using fitc-annexin v-fitc/propidium iodide by flow cytometry (rvb = 2.5%) | f | activity | = | b16-f10 | mus musculus | cell-based format | chembl3297734,,apoptosis,,,weak_or_low_toxicity_signal_gt_50uM,accepted,B_supportive_nonhuman_or_normal_like,accepted_normal_like_viability_assay,\bmouse\b,apoptosis,,no_quantitative_value
,,14753393,[],CHEMBL3299777,Induction of apoptosis in mouse B16F10 cells assessed as early apoptotic cells at 10 uM after 48 hrs using FITC-annexin V-FITC/propidium iodide by flow cytometry (Rvb = 0.7%),F,,,BAO_0001103,BAO_0000219,cell-based format,C[C@@H]1C[C@H]2[C@@H]3CCC4=CC(=O)C=C[C@]4(C)[C@@]3(F)[C@@H](O)C[C@]2(C)[C@@]1(O)C(=O)CO,,,CHEMBL3297734,Eur J Med Chem,2014.0,,,CHEMBL384467,DEXAMETHASONE,CHEMBL384467,,0,http://qudt.org/vocab/unit#Percent,2120192,=,1,0,=,,Activity,%,,0.8,CHEMBL612656,Mus musculus,B16-F10,10090,,,Activity,%,UO_0000187,,0.8,dexamethasone,repair_candidate_watchlist,glucocorticoid representative,induction of apoptosis in mouse b16f10 cells assessed as early apoptotic cells at 10 um after 48 hrs using fitc-annexin v-fitc/propidium iodide by flow cytometry (rvb = 0.7%) | f | activity | = | b16-f10 | mus musculus | cell-based format | chembl3297734,,apoptosis,,,weak_or_low_toxicity_signal_gt_50uM,accepted,B_supportive_nonhuman_or_normal_like,accepted_normal_like_viability_assay,\bmouse\b,apoptosis,,no_quantitative_value
,,14753395,[],CHEMBL3299778,Induction of apoptosis in mouse B16F10 cells assessed as viable cells at 10 uM after 48 hrs using FITC-annexin V-FITC/propidium iodide by flow cytometry (Rvb = 95.1%),F,,,BAO_0001103,BAO_0000219,cell-based format,C[C@@H]1C[C@H]2[C@@H]3CCC4=CC(=O)C=C[C@]4(C)[C@@]3(F)[C@@H](O)C[C@]2(C)[C@@]1(O)C(=O)CO,,,CHEMBL3297734,Eur J Med Chem,2014.0,,,CHEMBL384467,DEXAMETHASONE,CHEMBL384467,,0,http://qudt.org/vocab/unit#Percent,2120192,=,1,0,=,,Activity,%,,94.1,CHEMBL612656,Mus musculus,B16-F10,10090,,,Activity,%,UO_0000187,,94.1,dexamethasone,repair_candidate_watchlist,glucocorticoid representative,induction of apoptosis in mouse b16f10 cells assessed as viable cells at 10 um after 48 hrs using fitc-annexin v-fitc/propidium iodide by flow cytometry (rvb = 95.1%) | f | activity | = | b16-f10 | mus musculus | cell-based format | chembl3297734,,apoptosis,,,weak_or_low_toxicity_signal_gt_50uM,accepted,B_supportive_nonhuman_or_normal_like,accepted_normal_like_viability_assay,\bmouse\b,apoptosis,,no_quantitative_value
,,14753431,[],CHEMBL3300294,Induction of apoptosis in mouse B16F10 cells assessed as increase in ratio of BAX/Bcl2 expression at 10 uM after 48 hrs by Western blot analysis relative to untreated control,F,,,BAO_0000375,BAO_0000219,cell-based format,C[C@@H]1C[C@H]2[C@@H]3CCC4=CC(=O)C=C[C@]4(C)[C@@]3(F)[C@@H](O)C[C@]2(C)[C@@]1(O)C(=O)CO,,,CHEMBL3297734,Eur J Med Chem,2014.0,,,CHEMBL384467,DEXAMETHASONE,CHEMBL384467,,0,,2120192,,1,0,,Active,Activity,,,,CHEMBL612656,Mus musculus,B16-F10,10090,Active,,Activity,,,,,dexamethasone,repair_candidate_watchlist,glucocorticoid representative,induction of apoptosis in mouse b16f10 cells assessed as increase in ratio of bax/bcl2 expression at 10 um after 48 hrs by western blot analysis relative to untreated control | f | activity |  | b16-f10 | mus musculus | cell-based format | chembl3297734,,apoptosis,,,weak_or_low_toxicity_signal_gt_50uM,accepted,B_supportive_nonhuman_or_normal_like,accepted_normal_like_viability_assay,\bmouse\b,apoptosis,,no_quantitative_value
,,15449830,[],CHEMBL3540574,Inhibition of Sprague-Dawley rat Bsep expressed in plasma membrane vesicles of Sf21 cells assessed as inhibition of ATP-dependent [3H]taurocholate uptake,B,,,BAO_0000190,BAO_0000249,cell membrane format,C[C@@H]1C[C@H]2[C@@H]3CCC4=CC(=O)C=C[C@]4(C)[C@@]3(F)[C@@H](O)C[C@]2(C)[C@@]1(O)C(=O)CO,Outside typical range,"Values for this activity type are unusually large/small, so may not be accurate",CHEMBL3526080,Drug Metab Dispos,2012.0,,,CHEMBL384467,DEXAMETHASONE,CHEMBL384467,,0,http://www.openphacts.org/units/Nanomolar,2470798,=,1,1,=,,IC50,nM,,231900.0,CHEMBL2073674,Rattus norvegicus,Bile salt export pump,10116,,,IC50,uM,UO_0000065,,231.9,dexamethasone,repair_candidate_watchlist,glucocorticoid representative,inhibition of sprague-dawley rat bsep expressed in plasma membrane vesicles of sf21 cells assessed as inhibition of atp-dependent [3h]taurocholate uptake | b | ic50 | = | bile salt export pump | rattus norvegicus | cell membrane format | chembl3526080,,atp,,231.9,weak_or_low_toxicity_signal_gt_50uM,accepted,B_supportive_nonhuman_or_normal_like,accepted_normal_like_viability_assay,\brat\b,\batp\b,,toxicity_signal
,,15650715,[],CHEMBL3594603,Cytotoxicity against mouse RAW264.7 cells assessed as survival rate at 200 uM after 48 hrs by MTT assay in absence of LPS relative to control,A,,,BAO_0000179,BAO_0000219,cell-based format,C[C@@H]1C[C@H]2[C@@H]3CCC4=CC(=O)C=C[C@]4(C)[C@@]3(F)[C@@H](O)C[C@]2(C)[C@@]1(O)C(=O)CO,,,CHEMBL3593223,J Nat Prod,2015.0,,,CHEMBL384467,DEXAMETHASONE,CHEMBL384467,,0,http://qudt.org/vocab/unit#Percent,2487941,=,1,0,=,,Survival,%,,91.0,CHEMBL612557,Mus musculus,RAW264.7,10090,,,Survival,%,UO_0000187,,91.0,dexamethasone,repair_candidate_watchlist,glucocorticoid representative,cytotoxicity against mouse raw264.7 cells assessed as survival rate at 200 um after 48 hrs by mtt assay in absence of lps relative to control | a | survival | = | raw264.7 | mus musculus | cell-based format | chembl3593223,,cytotoxic|cytotoxicity|survival|mtt|toxicity,,,weak_or_low_toxicity_signal_gt_50uM,accepted,B_supportive_nonhuman_or_normal_like,accepted_normal_like_viability_assay,\bmouse\b,cytotox|\bsurvival\b|\bmtt\b,,no_quantitative_value
,,15650720,[],CHEMBL3594604,Cytotoxicity against mouse RAW264.7 cells assessed as survival rate at 200 uM after 48 hrs by MTT assay in presence of LPS relative to control,A,,,BAO_0000179,BAO_0000219,cell-based format,C[C@@H]1C[C@H]2[C@@H]3CCC4=CC(=O)C=C[C@]4(C)[C@@]3(F)[C@@H](O)C[C@]2(C)[C@@]1(O)C(=O)CO,,,CHEMBL3593223,J Nat Prod,2015.0,,,CHEMBL384467,DEXAMETHASONE,CHEMBL384467,,0,http://qudt.org/vocab/unit#Percent,2487941,=,1,0,=,,Survival,%,,100.0,CHEMBL612557,Mus musculus,RAW264.7,10090,,,Survival,%,UO_0000187,,100.0,dexamethasone,repair_candidate_watchlist,glucocorticoid representative,cytotoxicity against mouse raw264.7 cells assessed as survival rate at 200 um after 48 hrs by mtt assay in presence of lps relative to control | a | survival | = | raw264.7 | mus musculus | cell-based format | chembl3593223,,cytotoxic|cytotoxicity|survival|mtt|toxicity,,,weak_or_low_toxicity_signal_gt_50uM,accepted,B_supportive_nonhuman_or_normal_like,accepted_normal_like_viability_assay,\bmouse\b,cytotox|\bsurvival\b|\bmtt\b,,no_quantitative_value
,,16803302,[],CHEMBL3869506,Cytotoxicity against mouse RAW264.7 cells assessed as cell survival rate at 200 uM after 24 hrs in absence of LPS by MTT assay,T,,,BAO_0000179,BAO_0000218,organism-based format,C[C@@H]1C[C@H]2[C@@H]3CCC4=CC(=O)C=C[C@]4(C)[C@@]3(F)[C@@H](O)C[C@]2(C)[C@@]1(O)C(=O)CO,,,CHEMBL3868605,Bioorg Med Chem Lett,2016.0,,,CHEMBL384467,DEXAMETHASONE,CHEMBL384467,,0,http://qudt.org/vocab/unit#Percent,2809223,=,1,0,=,,Survival,%,,91.0,CHEMBL375,Mus musculus,Mus musculus,10090,,,Survival,%,UO_0000187,,91.0,dexamethasone,repair_candidate_watchlist,glucocorticoid representative,cytotoxicity against mouse raw264.7 cells assessed as cell survival rate at 200 um after 24 hrs in absence of lps by mtt assay | t | survival | = | mus musculus | mus musculus | organism-based format | chembl3868605,,cytotoxic|cytotoxicity|cell survival|survival|mtt|toxicity,,,weak_or_low_toxicity_signal_gt_50uM,accepted,B_supportive_nonhuman_or_normal_like,accepted_normal_like_viability_assay,\bmouse\b,cytotox|cell survival|\bsurvival\b|\bmtt\b,,no_quantitative_value
,,16803306,[],CHEMBL3869507,Cytotoxicity against mouse RAW264.7 cells assessed as cell survival rate at 200 uM after 24 hrs in presence of LPS by MTT assay,T,,,BAO_0000179,BAO_0000218,organism-based format,C[C@@H]1C[C@H]2[C@@H]3CCC4=CC(=O)C=C[C@]4(C)[C@@]3(F)[C@@H](O)C[C@]2(C)[C@@]1(O)C(=O)CO,,,CHEMBL3868605,Bioorg Med Chem Lett,2016.0,,,CHEMBL384467,DEXAMETHASONE,CHEMBL384467,,0,http://qudt.org/vocab/unit#Percent,2809223,=,1,0,=,,Survival,%,,100.0,CHEMBL375,Mus musculus,Mus musculus,10090,,,Survival,%,UO_0000187,,100.0,dexamethasone,repair_candidate_watchlist,glucocorticoid representative,cytotoxicity against mouse raw264.7 cells assessed as cell survival rate at 200 um after 24 hrs in presence of lps by mtt assay | t | survival | = | mus musculus | mus musculus | organism-based format | chembl3868605,,cytotoxic|cytotoxicity|cell survival|survival|mtt|toxicity,,,weak_or_low_toxicity_signal_gt_50uM,accepted,B_supportive_nonhuman_or_normal_like,accepted_normal_like_viability_assay,\bmouse\b,cytotox|cell survival|\bsurvival\b|\bmtt\b,,no_quantitative_value
,,18071550,[],CHEMBL4015441,Inhibition of NLRP3 inflammasome in LPS-primed C57BL/6 mouse bone marrow derived macrophages assessed as reduction in ATP-induced pyroptosis at 100 to 250 nM preincubated for 1 hr followed by stimulation with ATP measured after 30 mins by LDH release assay,B,,,BAO_0000201,BAO_0000357,single protein format,C[C@@H]1C[C@H]2[C@@H]3CCC4=CC(=O)C=C[C@]4(C)[C@@]3(F)[C@@H](O)C[C@]2(C)[C@@]1(O)C(=O)CO,,,CHEMBL4014309,J Med Chem,2017.0,,,CHEMBL384467,DEXAMETHASONE,CHEMBL384467,,0,http://qudt.org/vocab/unit#Percent,2995441,,1,0,,Active,Inhibition,%,,,CHEMBL3779755,Mus musculus,"NACHT, LRR and PYD domains-containing protein 3",10090,Active,,INH,,UO_0000187,,,dexamethasone,repair_candidate_watchlist,glucocorticoid representative,"inhibition of nlrp3 inflammasome in lps-primed c57bl/6 mouse bone marrow derived macrophages assessed as reduction in atp-induced pyroptosis at 100 to 250 nm preincubated for 1 hr followed by stimulation with atp measured after 30 mins by ldh release assay | b | inhibition |  | nacht, lrr and pyd domains-containing protein 3 | mus musculus | single protein format | chembl4014309",macrophage,atp|ldh,,,weak_or_low_toxicity_signal_gt_50uM,accepted,B_supportive_nonhuman_or_normal_like,accepted_normal_like_viability_assay,\bmouse\b,\batp\b|\bldh\b,,no_quantitative_value
,,18071551,[],CHEMBL4015442,Inhibition of NLRP3 inflammasome in LPS-primed C57BL/6 mouse bone marrow derived macrophages assessed as reduction in nigericin-induced pyroptosis at 100 to 250 nM preincubated for 1 hr followed by stimulation with ATP measured after 30 mins by LDH release assay,B,,,BAO_0000201,BAO_0000357,single protein format,C[C@@H]1C[C@H]2[C@@H]3CCC4=CC(=O)C=C[C@]4(C)[C@@]3(F)[C@@H](O)C[C@]2(C)[C@@]1(O)C(=O)CO,,,CHEMBL4014309,J Med Chem,2017.0,,,CHEMBL384467,DEXAMETHASONE,CHEMBL384467,,0,http://qudt.org/vocab/unit#Percent,2995441,,1,0,,Active,Inhibition,%,,,CHEMBL3779755,Mus musculus,"NACHT, LRR and PYD domains-containing protein 3",10090,Active,,INH,,UO_0000187,,,dexamethasone,repair_candidate_watchlist,glucocorticoid representative,"inhibition of nlrp3 inflammasome in lps-primed c57bl/6 mouse bone marrow derived macrophages assessed as reduction in nigericin-induced pyroptosis at 100 to 250 nm preincubated for 1 hr followed by stimulation with atp measured after 30 mins by ldh release assay | b | inhibition |  | nacht, lrr and pyd domains-containing protein 3 | mus musculus | single protein format | chembl4014309",macrophage,atp|ldh,,,weak_or_low_toxicity_signal_gt_50uM,accepted,B_supportive_nonhuman_or_normal_like,accepted_normal_like_viability_assay,\bmouse\b,\batp\b|\bldh\b,,no_quantitative_value
,,18071552,[],CHEMBL4015443,Inhibition of NLRP3 inflammasome in LPS-primed C57BL/6 mouse bone marrow derived macrophages assessed as reduction in ATP-induced IL-1beta production at 10 to 250 nM preincubated for 1 hr followed by stimulation with ATP measured after 30 mins by ELISA,B,,,BAO_0000201,BAO_0000357,single protein format,C[C@@H]1C[C@H]2[C@@H]3CCC4=CC(=O)C=C[C@]4(C)[C@@]3(F)[C@@H](O)C[C@]2(C)[C@@]1(O)C(=O)CO,,,CHEMBL4014309,J Med Chem,2017.0,,,CHEMBL384467,DEXAMETHASONE,CHEMBL384467,,0,http://qudt.org/vocab/unit#Percent,2995441,,1,0,,Not active,Inhibition,%,,,CHEMBL3779755,Mus musculus,"NACHT, LRR and PYD domains-containing protein 3",10090,Not Active,,INH,,UO_0000187,,,dexamethasone,repair_candidate_watchlist,glucocorticoid representative,"inhibition of nlrp3 inflammasome in lps-primed c57bl/6 mouse bone marrow derived macrophages assessed as reduction in atp-induced il-1beta production at 10 to 250 nm preincubated for 1 hr followed by stimulation with atp measured after 30 mins by elisa | b | inhibition |  | nacht, lrr and pyd domains-containing protein 3 | mus musculus | single protein format | chembl4014309",macrophage,atp,,,weak_or_low_toxicity_signal_gt_50uM,accepted,B_supportive_nonhuman_or_normal_like,accepted_normal_like_viability_assay,\bmouse\b,\batp\b,,no_quantitative_value
,,18333957,[],CHEMBL4136751,Cytotoxicity against mouse RAW264.7 cells assessed as survival rate at 200 uM measured in absence of LPS by MTT assay relative to control,A,,,BAO_0000179,BAO_0000219,cell-based format,C[C@@H]1C[C@H]2[C@@H]3CCC4=CC(=O)C=C[C@]4(C)[C@@]3(F)[C@@H](O)C[C@]2(C)[C@@]1(O)C(=O)CO,,,CHEMBL4130603,J Nat Prod,2018.0,,,CHEMBL384467,DEXAMETHASONE,CHEMBL384467,,0,http://qudt.org/vocab/unit#Percent,3044299,=,1,0,=,,Survival,%,,97.7,CHEMBL612557,Mus musculus,RAW264.7,10090,,,Survival,%,UO_0000187,,97.7,dexamethasone,repair_candidate_watchlist,glucocorticoid representative,cytotoxicity against mouse raw264.7 cells assessed as survival rate at 200 um measured in absence of lps by mtt assay relative to control | a | survival | = | raw264.7 | mus musculus | cell-based format | chembl4130603,,cytotoxic|cytotoxicity|survival|mtt|toxicity,,,weak_or_low_toxicity_signal_gt_50uM,accepted,B_supportive_nonhuman_or_normal_like,accepted_normal_like_viability_assay,\bmouse\b,cytotox|\bsurvival\b|\bmtt\b,,no_quantitative_value
,,18333969,[],CHEMBL4136752,Cytotoxicity against mouse RAW264.7 cells assessed as survival rate at 200 uM measured in presence of LPS by MTT assay relative to control,A,,,BAO_0000179,BAO_0000219,cell-based format,C[C@@H]1C[C@H]2[C@@H]3CCC4=CC(=O)C=C[C@]4(C)[C@@]3(F)[C@@H](O)C[C@]2(C)[C@@]1(O)C(=O)CO,,,CHEMBL4130603,J Nat Prod,2018.0,,,CHEMBL384467,DEXAMETHASONE,CHEMBL384467,,0,http://qudt.org/vocab/unit#Percent,3044299,=,1,0,=,,Survival,%,,97.1,CHEMBL612557,Mus musculus,RAW264.7,10090,,,Survival,%,UO_0000187,,97.1,dexamethasone,repair_candidate_watchlist,glucocorticoid representative,cytotoxicity against mouse raw264.7 cells assessed as survival rate at 200 um measured in presence of lps by mtt assay relative to control | a | survival | = | raw264.7 | mus musculus | cell-based format | chembl4130603,,cytotoxic|cytotoxicity|survival|mtt|toxicity,,,weak_or_low_toxicity_signal_gt_50uM,accepted,B_supportive_nonhuman_or_normal_like,accepted_normal_like_viability_assay,\bmouse\b,cytotox|\bsurvival\b|\bmtt\b,,no_quantitative_value
,,18576208,[],CHEMBL4221993,Cytotoxicity against BALB/c mouse J774 cells assessed as reduction in cell viability after 72 hrs by alamarBlue assay,A,,,BAO_0000187,BAO_0000219,cell-based format,C[C@@H]1C[C@H]2[C@@H]3CCC4=CC(=O)C=C[C@]4(C)[C@@]3(F)[C@@H](O)C[C@]2(C)[C@@]1(O)C(=O)CO,,,CHEMBL4219127,Bioorg Med Chem,2018.0,,,CHEMBL384467,DEXAMETHASONE,CHEMBL384467,,0,http://www.openphacts.org/units/Nanomolar,3084537,=,1,1,=,,CC50,nM,,91100.0,CHEMBL614123,Mus musculus,J774,10090,,,CC50,uM,UO_0000065,,91.1,dexamethasone,repair_candidate_watchlist,glucocorticoid representative,cytotoxicity against balb/c mouse j774 cells assessed as reduction in cell viability after 72 hrs by alamarblue assay | a | cc50 | = | j774 | mus musculus | cell-based format | chembl4219127,,cytotoxic|cytotoxicity|cell viability|viability|toxicity,,91.1,weak_or_low_toxicity_signal_gt_50uM,accepted,B_supportive_nonhuman_or_normal_like,accepted_normal_like_viability_assay,\bmouse\b,cytotox|cell viability|\bviability\b,,toxicity_signal
,,18576259,[],CHEMBL4221995,Immunomodulatory activity in BALB/c mouse splenocytes assessed as inhibition of concanavalin A-induced lymphocyte proliferation by measuring [3H]-thymidine uptake after 48 to 72 hrs by scintillation counting analysis,F,,,BAO_0000190,BAO_0000219,cell-based format,C[C@@H]1C[C@H]2[C@@H]3CCC4=CC(=O)C=C[C@]4(C)[C@@]3(F)[C@@H](O)C[C@]2(C)[C@@]1(O)C(=O)CO,,,CHEMBL4219127,Bioorg Med Chem,2018.0,,,CHEMBL384467,DEXAMETHASONE,CHEMBL384467,9.00,0,http://www.openphacts.org/units/Nanomolar,3084537,=,1,1,=,,IC50,nM,,1.0,CHEMBL612422,Mus musculus,Splenocyte,10090,,,IC50,uM,UO_0000065,,0.001,dexamethasone,repair_candidate_watchlist,glucocorticoid representative,immunomodulatory activity in balb/c mouse splenocytes assessed as inhibition of concanavalin a-induced lymphocyte proliferation by measuring [3h]-thymidine uptake after 48 to 72 hrs by scintillation counting analysis | f | ic50 | = | splenocyte | mus musculus | cell-based format | chembl4219127,lymphocyte,proliferation,,0.001,very_high_toxicity_signal_le_1uM,accepted,A_high_confidence_human_normal_like,accepted_normal_like_viability_assay,\blymphocyte\b|\bmouse\b,proliferation,,toxicity_signal
,,18721700,[],CHEMBL4258197,Cytotoxicity against mouse RAW264.7 cells assessed as cell viability at 10 uM after 48 hrs by MTT assay (Rvb = 100%),A,,,BAO_0001103,BAO_0000219,cell-based format,C[C@@H]1C[C@H]2[C@@H]3CCC4=CC(=O)C=C[C@]4(C)[C@@]3(F)[C@@H](O)C[C@]2(C)[C@@]1(O)C(=O)CO,,,CHEMBL4257465,Medchemcomm,2018.0,,,CHEMBL384467,DEXAMETHASONE,CHEMBL384467,,0,http://qudt.org/vocab/unit#Percent,3110383,=,1,0,=,,Activity,%,,100.2,CHEMBL612557,Mus musculus,RAW264.7,10090,,,Activity,%,UO_0000187,,100.2,dexamethasone,repair_candidate_watchlist,glucocorticoid representative,cytotoxicity against mouse raw264.7 cells assessed as cell viability at 10 um after 48 hrs by mtt assay (rvb = 100%) | a | activity | = | raw264.7 | mus musculus | cell-based format | chembl4257465,,cytotoxic|cytotoxicity|cell viability|viability|mtt|toxicity,,,weak_or_low_toxicity_signal_gt_50uM,accepted,B_supportive_nonhuman_or_normal_like,accepted_normal_like_viability_assay,\bmouse\b,cytotox|cell viability|\bviability\b|\bmtt\b,,no_quantitative_value
,,18811957,[],CHEMBL4276127,Immunomodulatory activity in BALB/c mouse splenocytes assessed as inhibition of concanavalin A-induced lymphocyte proliferation by measuring [methyl-3H]-thymidine uptake at 50 uM after 48 hrs,F,,,BAO_0000201,BAO_0000219,cell-based format,C[C@@H]1C[C@H]2[C@@H]3CCC4=CC(=O)C=C[C@]4(C)[C@@]3(F)[C@@H](O)C[C@]2(C)[C@@]1(O)C(=O)CO,,,CHEMBL4270658,Bioorg Med Chem,2018.0,,,CHEMBL384467,DEXAMETHASONE,CHEMBL384467,,0,http://qudt.org/vocab/unit#Percent,3125663,=,1,1,=,,Inhibition,%,,74.6,CHEMBL612422,Mus musculus,Splenocyte,10090,,,INH,%,UO_0000187,,74.6,dexamethasone,repair_candidate_watchlist,glucocorticoid representative,immunomodulatory activity in balb/c mouse splenocytes assessed as inhibition of concanavalin a-induced lymphocyte proliferation by measuring [methyl-3h]-thymidine uptake at 50 um after 48 hrs | f | inhibition | = | splenocyte | mus musculus | cell-based format | chembl4270658,lymphocyte,proliferation,,,weak_or_low_toxicity_signal_gt_50uM,accepted,A_high_confidence_human_normal_like,accepted_normal_like_viability_assay,\blymphocyte\b|\bmouse\b,proliferation,,no_quantitative_value
,,19048855,[],CHEMBL4354283,Cytotoxicity against mouse RAW264.7 cells assessed as inhibition of cell viability preincubated for 1 hr followed by LPS stimulation measured after 24 hrs by WST-1 assay,A,,,BAO_0000190,BAO_0000219,cell-based format,C[C@@H]1C[C@H]2[C@@H]3CCC4=CC(=O)C=C[C@]4(C)[C@@]3(F)[C@@H](O)C[C@]2(C)[C@@]1(O)C(=O)CO,Outside typical range,"Values for this activity type are unusually large/small, so may not be accurate",CHEMBL4351012,Eur J Med Chem,2019.0,,,CHEMBL384467,DEXAMETHASONE,CHEMBL384467,,0,http://www.openphacts.org/units/Nanomolar,3177845,=,1,1,=,,IC50,nM,,159200.0,CHEMBL612557,Mus musculus,RAW264.7,10090,,,IC50,uM,UO_0000065,,159.2,dexamethasone,repair_candidate_watchlist,glucocorticoid representative,cytotoxicity against mouse raw264.7 cells assessed as inhibition of cell viability preincubated for 1 hr followed by lps stimulation measured after 24 hrs by wst-1 assay | a | ic50 | = | raw264.7 | mus musculus | cell-based format | chembl4351012,,cytotoxic|cytotoxicity|cell viability|viability|wst|toxicity,,159.2,weak_or_low_toxicity_signal_gt_50uM,accepted,B_supportive_nonhuman_or_normal_like,accepted_normal_like_viability_assay,\bmouse\b,cytotox|cell viability|\bviability\b|\bwst\b,,toxicity_signal
,,19048883,[],CHEMBL4354284,"Selectivity index, ratio of IC50 for cytotoxicity against mouse RAW264.7 cells to IC50 for antiinflammatory activity in LPS-induced mouse RAW264.7 cells assessed as inhibition of NO release",U,,,BAO_0000179,BAO_0000219,cell-based format,C[C@@H]1C[C@H]2[C@@H]3CCC4=CC(=O)C=C[C@]4(C)[C@@]3(F)[C@@H](O)C[C@]2(C)[C@@]1(O)C(=O)CO,,,CHEMBL4351012,Eur J Med Chem,2019.0,,,CHEMBL384467,DEXAMETHASONE,CHEMBL384467,,0,,3177845,=,1,0,=,,Ratio IC50,,,31.9,CHEMBL612557,Mus musculus,RAW264.7,10090,,,Ratio IC50,,,,31.9,dexamethasone,repair_candidate_watchlist,glucocorticoid representative,"selectivity index, ratio of ic50 for cytotoxicity against mouse raw264.7 cells to ic50 for antiinflammatory activity in lps-induced mouse raw264.7 cells assessed as inhibition of no release | u | ratio ic50 | = | raw264.7 | mus musculus | cell-based format | chembl4351012",,cytotoxic|cytotoxicity|toxicity,,,weak_or_low_toxicity_signal_gt_50uM,accepted,B_supportive_nonhuman_or_normal_like,accepted_normal_like_viability_assay,\bmouse\b,cytotox,,no_quantitative_value
,,19120494,[],CHEMBL4372746,Cytotoxicity against mouse RAW264.7 cells assessed as reduction in cell viability after 24 hrs by CCK8 assay,A,,,BAO_0000187,BAO_0000219,cell-based format,C[C@@H]1C[C@H]2[C@@H]3CCC4=CC(=O)C=C[C@]4(C)[C@@]3(F)[C@@H](O)C[C@]2(C)[C@@]1(O)C(=O)CO,,,CHEMBL4371055,Bioorg Med Chem Lett,2019.0,,,CHEMBL384467,DEXAMETHASONE,CHEMBL384467,,0,http://www.openphacts.org/units/Nanomolar,3190905,>,1,1,>,,CC50,nM,,50000.0,CHEMBL612557,Mus musculus,RAW264.7,10090,,,CC50,uM,UO_0000065,,50.0,dexamethasone,repair_candidate_watchlist,glucocorticoid representative,cytotoxicity against mouse raw264.7 cells assessed as reduction in cell viability after 24 hrs by cck8 assay | a | cc50 | > | raw264.7 | mus musculus | cell-based format | chembl4371055,,cytotoxic|cytotoxicity|cell viability|viability|toxicity,,50.0,moderate_toxicity_signal_le_50uM,accepted,B_supportive_nonhuman_or_normal_like,accepted_normal_like_viability_assay,\bmouse\b,cytotox|cell viability|\bviability\b,,no_toxicity_signal_or_lower_bound
,,19253149,[],CHEMBL4402049,Cytotoxicity against mouse RAW264.7 cells at anti-inflammatory IC50 after 19 hrs by MTT assay,A,,,BAO_0000375,BAO_0000219,cell-based format,C[C@@H]1C[C@H]2[C@@H]3CCC4=CC(=O)C=C[C@]4(C)[C@@]3(F)[C@@H](O)C[C@]2(C)[C@@]1(O)C(=O)CO,,,CHEMBL4400561,Bioorg Med Chem Lett,2019.0,,,CHEMBL384467,DEXAMETHASONE,CHEMBL384467,,0,,3214432,,1,0,,Not toxic,Activity,,,,CHEMBL612557,Mus musculus,RAW264.7,10090,Non-Toxic,,Activity,,,,,dexamethasone,repair_candidate_watchlist,glucocorticoid representative,cytotoxicity against mouse raw264.7 cells at anti-inflammatory ic50 after 19 hrs by mtt assay | a | activity |  | raw264.7 | mus musculus | cell-based format | chembl4400561,,cytotoxic|cytotoxicity|mtt|toxicity,,,weak_or_low_toxicity_signal_gt_50uM,accepted,B_supportive_nonhuman_or_normal_like,accepted_normal_like_viability_assay,\bmouse\b,cytotox|\bmtt\b,,no_quantitative_value
,,20604165,[],CHEMBL4604479,Immunosuppressive activity against BALB/C mouse B lymphocytes assessed as reduction in LPS-induced cell proliferation by measuring [3H]-thymidine uptake incubated for 8 hrs by Beta scintillation counting method,F,,,BAO_0000190,BAO_0000219,cell-based format,C[C@@H]1C[C@H]2[C@@H]3CCC4=CC(=O)C=C[C@]4(C)[C@@]3(F)[C@@H](O)C[C@]2(C)[C@@]1(O)C(=O)CO,,,CHEMBL4602661,J Nat Prod,2020.0,,,CHEMBL384467,DEXAMETHASONE,CHEMBL384467,6.10,0,http://www.openphacts.org/units/Nanomolar,3466075,=,1,1,=,,IC50,nM,,800.0,CHEMBL614724,Mus musculus,B-cell line,10090,,,IC50,uM,UO_0000065,,0.8,dexamethasone,repair_candidate_watchlist,glucocorticoid representative,immunosuppressive activity against balb/c mouse b lymphocytes assessed as reduction in lps-induced cell proliferation by measuring [3h]-thymidine uptake incubated for 8 hrs by beta scintillation counting method | f | ic50 | = | b-cell line | mus musculus | cell-based format | chembl4602661,lymphocyte,proliferation,,0.8,very_high_toxicity_signal_le_1uM,accepted,B_supportive_nonhuman_or_normal_like,accepted_normal_like_viability_assay,\bmouse\b,proliferation,,toxicity_signal
,,20604174,[],CHEMBL4604478,Immunosuppressive activity against BALB/C mouse T lymphocytes assessed as reduction in concanavalin A-induced cell proliferation by measuring [3H]-thymidine uptake incubated for 8 hrs by Beta scintillation counting method,F,,,BAO_0000190,BAO_0000219,cell-based format,C[C@@H]1C[C@H]2[C@@H]3CCC4=CC(=O)C=C[C@]4(C)[C@@]3(F)[C@@H](O)C[C@]2(C)[C@@]1(O)C(=O)CO,,,CHEMBL4602661,J Nat Prod,2020.0,,,CHEMBL384467,DEXAMETHASONE,CHEMBL384467,5.80,0,http://www.openphacts.org/units/Nanomolar,3466075,=,1,1,=,,IC50,nM,,1600.0,CHEMBL614309,,T-cell,,,,IC50,uM,UO_0000065,,1.6,dexamethasone,repair_candidate_watchlist,glucocorticoid representative,immunosuppressive activity against balb/c mouse t lymphocytes assessed as reduction in concanavalin a-induced cell proliferation by measuring [3h]-thymidine uptake incubated for 8 hrs by beta scintillation counting method | f | ic50 | = | t-cell |  | cell-based format | chembl4602661,lymphocyte,proliferation,,1.6,high_toxicity_signal_le_10uM,accepted,B_supportive_nonhuman_or_normal_like,accepted_normal_like_viability_assay,\bmouse\b,proliferation,,toxicity_signal
,,22440808,"[{'comments': None, 'relation': '=', 'result_flag': 0, 'standard_relation': '=', 'standard_text_value': None, 'standard_type': 'Dose', 'standard_units': 'microM', 'standard_value': '100.0', 'text_value': None, 'type': 'Dose', 'units': 'microM', 'value': '100.0'}, {'comments': None, 'relation': '=', 'result_flag': 0, 'standard_relation': '=', 'standard_text_value': None, 'standard_type': 'TIME', 'standard_units': 'hr', 'standard_value': '48.0', 'text_value': None, 'type': 'Time', 'units': 'hrs', 'value': '48.0'}]",CHEMBL4678436,Cytotoxicity against Wistar rat splenocytes assessed as reduction in cell viability at 100 uM after 48 hrs by MTT assay relative to control,A,,,BAO_0001103,BAO_0000221,tissue-based format,C[C@@H]1C[C@H]2[C@@H]3CCC4=CC(=O)C=C[C@]4(C)[C@@]3(F)[C@@H](O)C[C@]2(C)[C@@]1(O)C(=O)CO,,,CHEMBL4673339,J Nat Prod,2020.0,,,CHEMBL384467,DEXAMETHASONE,CHEMBL384467,,0,http://qudt.org/vocab/unit#Percent,3516892,=,1,0,=,,Activity,%,,65.0,CHEMBL612545,,Unchecked,,,,Activity,%,UO_0000187,,65.0,dexamethasone,repair_candidate_watchlist,glucocorticoid representative,cytotoxicity against wistar rat splenocytes assessed as reduction in cell viability at 100 um after 48 hrs by mtt assay relative to control | a | activity | = | unchecked |  | tissue-based format | chembl4673339,,cytotoxic|cytotoxicity|cell viability|viability|mtt|toxicity,,,weak_or_low_toxicity_signal_gt_50uM,accepted,B_supportive_nonhuman_or_normal_like,accepted_normal_like_viability_assay,\brat\b,cytotox|cell viability|\bviability\b|\bmtt\b,,no_quantitative_value
,,23174311,[],CHEMBL4815173,Cytotoxicity against LPS-induced mouse RAW 264.7 cells assessed as cell viability measured by MTT assay,A,,,BAO_0000190,BAO_0000219,cell-based format,C[C@@H]1C[C@H]2[C@@H]3CCC4=CC(=O)C=C[C@]4(C)[C@@]3(F)[C@@H](O)C[C@]2(C)[C@@]1(O)C(=O)CO,,,CHEMBL4813945,Eur J Med Chem,2021.0,,,CHEMBL384467,DEXAMETHASONE,CHEMBL384467,,0,http://www.openphacts.org/units/Nanomolar,3603369,>,1,1,>,,IC50,nM,,50000.0,CHEMBL612557,Mus musculus,RAW264.7,10090,,,IC50,uM,UO_0000065,,50.0,dexamethasone,repair_candidate_watchlist,glucocorticoid representative,cytotoxicity against lps-induced mouse raw 264.7 cells assessed as cell viability measured by mtt assay | a | ic50 | > | raw264.7 | mus musculus | cell-based format | chembl4813945,,cytotoxic|cytotoxicity|cell viability|viability|mtt|toxicity,,50.0,moderate_toxicity_signal_le_50uM,accepted,B_supportive_nonhuman_or_normal_like,accepted_normal_like_viability_assay,\bmouse\b,cytotox|cell viability|\bviability\b|\bmtt\b,,no_toxicity_signal_or_lower_bound
,,23174321,[],CHEMBL4815174,Cytotoxicity against mouse RAW 264.7 cells assessed as cell viability by MTT assay,A,,,BAO_0000190,BAO_0000219,cell-based format,C[C@@H]1C[C@H]2[C@@H]3CCC4=CC(=O)C=C[C@]4(C)[C@@]3(F)[C@@H](O)C[C@]2(C)[C@@]1(O)C(=O)CO,,,CHEMBL4813945,Eur J Med Chem,2021.0,,,CHEMBL384467,DEXAMETHASONE,CHEMBL384467,,0,http://www.openphacts.org/units/Nanomolar,3603369,>,1,1,>,,IC50,nM,,50000.0,CHEMBL612557,Mus musculus,RAW264.7,10090,,,IC50,uM,UO_0000065,,50.0,dexamethasone,repair_candidate_watchlist,glucocorticoid representative,cytotoxicity against mouse raw 264.7 cells assessed as cell viability by mtt assay | a | ic50 | > | raw264.7 | mus musculus | cell-based format | chembl4813945,,cytotoxic|cytotoxicity|cell viability|viability|mtt|toxicity,,50.0,moderate_toxicity_signal_le_50uM,accepted,B_supportive_nonhuman_or_normal_like,accepted_normal_like_viability_assay,\bmouse\b,cytotox|cell viability|\bviability\b|\bmtt\b,,no_toxicity_signal_or_lower_bound
,,23249151,"[{'comments': None, 'relation': '=', 'result_flag': 0, 'standard_relation': '=', 'standard_text_value': None, 'standard_type': 'Dose', 'standard_units': 'microM', 'standard_value': '1.0', 'text_value': None, 'type': 'Dose', 'units': 'microM', 'value': '1.0'}, {'comments': None, 'relation': '=', 'result_flag': 0, 'standard_relation': '=', 'standard_text_value': None, 'standard_type': 'TIME', 'standard_units': 'hr', 'standard_value': '24.0', 'text_value': None, 'type': 'Time', 'units': 'hrs', 'value': '24.0'}]",CHEMBL4830701,Cytotoxicity against C57BL/6J mouse peritoneal macrophages assessed as reduction of cell viability at 1 uM incubated for 24 hrs in presence of LPS by MTT assay,A,,,BAO_0000201,BAO_0000219,cell-based format,C[C@@H]1C[C@H]2[C@@H]3CCC4=CC(=O)C=C[C@]4(C)[C@@]3(F)[C@@H](O)C[C@]2(C)[C@@]1(O)C(=O)CO,,,CHEMBL4828748,Eur J Med Chem,2021.0,,,CHEMBL384467,DEXAMETHASONE,CHEMBL384467,,0,http://qudt.org/vocab/unit#Percent,3616541,=,1,1,=,,Inhibition,%,,17.0,CHEMBL5314330,Mus musculus,Peritoneal macrophage,10090,,,INH,%,UO_0000187,,17.0,dexamethasone,repair_candidate_watchlist,glucocorticoid representative,cytotoxicity against c57bl/6j mouse peritoneal macrophages assessed as reduction of cell viability at 1 um incubated for 24 hrs in presence of lps by mtt assay | a | inhibition | = | peritoneal macrophage | mus musculus | cell-based format | chembl4828748,macrophage,cytotoxic|cytotoxicity|cell viability|viability|mtt|toxicity,,,weak_or_low_toxicity_signal_gt_50uM,accepted,A_high_confidence_human_normal_like,accepted_normal_like_viability_assay,\bmacrophage\b|\bmouse\b,cytotox|cell viability|\bviability\b|\bmtt\b,,no_quantitative_value
,,23258022,"[{'comments': None, 'relation': '=', 'result_flag': 0, 'standard_relation': '=', 'standard_text_value': None, 'standard_type': 'TIME', 'standard_units': 'hr', 'standard_value': '24.0', 'text_value': None, 'type': 'Time', 'units': 'hrs', 'value': '24.0'}]",CHEMBL4832604,Cytotoxicity against mouse RAW264.7 cells assessed as cell viability measured after 24 hrs by CCK8 assay,A,,,BAO_0000375,BAO_0000219,cell-based format,C[C@@H]1C[C@H]2[C@@H]3CCC4=CC(=O)C=C[C@]4(C)[C@@]3(F)[C@@H](O)C[C@]2(C)[C@@]1(O)C(=O)CO,,,CHEMBL4831508,J Nat Prod,2021.0,,,CHEMBL384467,DEXAMETHASONE,CHEMBL384467,,0,,3618342,,1,0,,Not toxic,Activity,,,,CHEMBL612557,Mus musculus,RAW264.7,10090,Non-Toxic,,Activity,,,,,dexamethasone,repair_candidate_watchlist,glucocorticoid representative,cytotoxicity against mouse raw264.7 cells assessed as cell viability measured after 24 hrs by cck8 assay | a | activity |  | raw264.7 | mus musculus | cell-based format | chembl4831508,,cytotoxic|cytotoxicity|cell viability|viability|toxicity,,,weak_or_low_toxicity_signal_gt_50uM,accepted,B_supportive_nonhuman_or_normal_like,accepted_normal_like_viability_assay,\bmouse\b,cytotox|cell viability|\bviability\b,,no_quantitative_value
,,23296104,"[{'comments': None, 'relation': '=', 'result_flag': 0, 'standard_relation': '=', 'standard_text_value': None, 'standard_type': 'DOSE', 'standard_units': 'mg.kg-1', 'standard_value': '5.0', 'text_value': None, 'type': 'Dose', 'units': 'mg/kg', 'value': '5.0'}, {'comments': None, 'relation': '=', 'result_flag': 0, 'standard_relation': '=', 'standard_text_value': None, 'standard_type': 'TIME', 'standard_units': 'hr', 'standard_value': '24.0', 'text_value': None, 'type': 'Time', 'units': 'hrs', 'value': '24.0'}]",CHEMBL4840752,"Effect on C57BL/6 mouse model of LPS induced sepsis assessed as survival rate in 24 hrs at 5 mg/kg, ip (Rvb = 71.4%)",F,,,BAO_0000179,BAO_0000218,organism-based format,C[C@@H]1C[C@H]2[C@@H]3CCC4=CC(=O)C=C[C@]4(C)[C@@]3(F)[C@@H](O)C[C@]2(C)[C@@]1(O)C(=O)CO,,,CHEMBL4840312,Eur J Med Chem,2021.0,,,CHEMBL384467,DEXAMETHASONE,CHEMBL384467,,0,http://qudt.org/vocab/unit#Percent,3625127,=,1,0,=,,Survival,%,,100.0,CHEMBL375,Mus musculus,Mus musculus,10090,,,Survival,%,UO_0000187,,100.0,dexamethasone,repair_candidate_watchlist,glucocorticoid representative,"effect on c57bl/6 mouse model of lps induced sepsis assessed as survival rate in 24 hrs at 5 mg/kg, ip (rvb = 71.4%) | f | survival | = | mus musculus | mus musculus | organism-based format | chembl4840312",,survival,,,weak_or_low_toxicity_signal_gt_50uM,accepted,B_supportive_nonhuman_or_normal_like,accepted_normal_like_viability_assay,\bmouse\b,\bsurvival\b,,no_quantitative_value
,,23296108,"[{'comments': None, 'relation': '=', 'result_flag': 0, 'standard_relation': '=', 'standard_text_value': None, 'standard_type': 'DOSE', 'standard_units': 'mg.kg-1', 'standard_value': '5.0', 'text_value': None, 'type': 'Dose', 'units': 'mg/kg', 'value': '5.0'}, {'comments': None, 'relation': '=', 'result_flag': 0, 'standard_relation': '=', 'standard_text_value': None, 'standard_type': 'TIME', 'standard_units': 'hr', 'standard_value': '72.0', 'text_value': None, 'type': 'Time', 'units': 'hrs', 'value': '72.0'}]",CHEMBL4840755,"Effect on C57BL/6 mouse model of LPS induced sepsis assessed as survival rate in 72 hrs at 5 mg/kg, ip (Rvb = 28.6%)",F,,,BAO_0000179,BAO_0000218,organism-based format,C[C@@H]1C[C@H]2[C@@H]3CCC4=CC(=O)C=C[C@]4(C)[C@@]3(F)[C@@H](O)C[C@]2(C)[C@@]1(O)C(=O)CO,,,CHEMBL4840312,Eur J Med Chem,2021.0,,,CHEMBL384467,DEXAMETHASONE,CHEMBL384467,,0,http://qudt.org/vocab/unit#Percent,3625127,=,1,0,=,,Survival,%,,100.0,CHEMBL375,Mus musculus,Mus musculus,10090,,,Survival,%,UO_0000187,,100.0,dexamethasone,repair_candidate_watchlist,glucocorticoid representative,"effect on c57bl/6 mouse model of lps induced sepsis assessed as survival rate in 72 hrs at 5 mg/kg, ip (rvb = 28.6%) | f | survival | = | mus musculus | mus musculus | organism-based format | chembl4840312",,survival,,,weak_or_low_toxicity_signal_gt_50uM,accepted,B_supportive_nonhuman_or_normal_like,accepted_normal_like_viability_assay,\bmouse\b,\bsurvival\b,,no_quantitative_value
,,24520849,"[{'comments': None, 'relation': '=', 'result_flag': 0, 'standard_relation': '=', 'standard_text_value': None, 'standard_type': 'Compound concentration', 'standard_units': 'uM', 'standard_value': '10.0', 'text_value': None, 'type': 'Compound concentration', 'units': 'uM', 'value': '10.0'}, {'comments': None, 'relation': '=', 'result_flag': 0, 'standard_relation': '=', 'standard_text_value': None, 'standard_type': 'Confluency (%)', 'standard_units': '%', 'standard_value': '24.23', 'text_value': None, 'type': 'Confluency (%)', 'units': '%', 'value': '24.23'}, {'comments': None, 'relation': '=', 'result_flag': 0, 'standard_relation': '=', 'standard_text_value': None, 'standard_type': 'Growth Rate in DMSO (control)', 'standard_units': None, 'standard_value': '1.2', 'text_value': None, 'type': 'Growth Rate in DMSO (control)', 'units': None, 'value': '1.2'}, {'comments': None, 'relation': '=', 'result_flag': 0, 'standard_relation': '=', 'standard_text_value': None, 'standard_type': 'Replicate number', 'standard_units': None, 'standard_value': '1.0', 'text_value': None, 'type': 'Replicate number', 'units': None, 'value': '1.0'}, {'comments': None, 'relation': '=', 'result_flag': 0, 'standard_relation': '=', 'standard_text_value': None, 'standard_type': 'Timepoint', 'standard_units': 'hours', 'standard_value': '0.0', 'text_value': None, 'type': 'Timepoint', 'units': 'hours', 'value': '0.0'}]",CHEMBL4725213,Incucyte cell viability with human fibroblast,T,,,BAO_0000179,BAO_0000219,cell-based format,C[C@@H]1C[C@H]2[C@@H]3CCC4=CC(=O)C=C[C@]4(C)[C@@]3(F)[C@@H](O)C[C@]2(C)[C@@]1(O)C(=O)CO,,,CHEMBL5058564,,2022.0,,,CHEMBL384467,DEXAMETHASONE,CHEMBL384467,,0,,3839448,=,55,0,=,,Growth Rate,,,0.73,CHEMBL5314315,Homo sapiens,Fibroblast,9606,,,Growth Rate,,,,0.73,dexamethasone,repair_candidate_watchlist,glucocorticoid representative,incucyte cell viability with human fibroblast | t | growth rate | = | fibroblast | homo sapiens | cell-based format | chembl5058564,fibroblast,cell viability|viability,,,weak_or_low_toxicity_signal_gt_50uM,accepted,A_high_confidence_human_normal_like,accepted_normal_like_viability_assay,\bfibroblast\b,cell viability|\bviability\b,,no_quantitative_value
,,24523051,"[{'comments': None, 'relation': '=', 'result_flag': 0, 'standard_relation': '=', 'standard_text_value': None, 'standard_type': 'Compound concentration', 'standard_units': 'uM', 'standard_value': '10.0', 'text_value': None, 'type': 'Compound concentration', 'units': 'uM', 'value': '10.0'}, {'comments': None, 'relation': '=', 'result_flag': 0, 'standard_relation': '=', 'standard_text_value': None, 'standard_type': 'Confluency (%)', 'standard_units': '%', 'standard_value': '28.23', 'text_value': None, 'type': 'Confluency (%)', 'units': '%', 'value': '28.23'}, {'comments': None, 'relation': '=', 'result_flag': 0, 'standard_relation': '=', 'standard_text_value': None, 'standard_type': 'Growth Rate in DMSO (control)', 'standard_units': None, 'standard_value': '1.11', 'text_value': None, 'type': 'Growth Rate in DMSO (control)', 'units': None, 'value': '1.11'}, {'comments': None, 'relation': '=', 'result_flag': 0, 'standard_relation': '=', 'standard_text_value': None, 'standard_type': 'Replicate number', 'standard_units': None, 'standard_value': '1.0', 'text_value': None, 'type': 'Replicate number', 'units': None, 'value': '1.0'}, {'comments': None, 'relation': '=', 'result_flag': 0, 'standard_relation': '=', 'standard_text_value': None, 'standard_type': 'Timepoint', 'standard_units': 'hours', 'standard_value': '6.0', 'text_value': None, 'type': 'Timepoint', 'units': 'hours', 'value': '6.0'}]",CHEMBL4725213,Incucyte cell viability with human fibroblast,T,,,BAO_0000179,BAO_0000219,cell-based format,C[C@@H]1C[C@H]2[C@@H]3CCC4=CC(=O)C=C[C@]4(C)[C@@]3(F)[C@@H](O)C[C@]2(C)[C@@]1(O)C(=O)CO,,,CHEMBL5058564,,2022.0,,,CHEMBL384467,DEXAMETHASONE,CHEMBL384467,,0,,3839448,=,55,0,=,,Growth Rate,,,0.88,CHEMBL5314315,Homo sapiens,Fibroblast,9606,,,Growth Rate,,,,0.88,dexamethasone,repair_candidate_watchlist,glucocorticoid representative,incucyte cell viability with human fibroblast | t | growth rate | = | fibroblast | homo sapiens | cell-based format | chembl5058564,fibroblast,cell viability|viability,,,weak_or_low_toxicity_signal_gt_50uM,accepted,A_high_confidence_human_normal_like,accepted_normal_like_viability_assay,\bfibroblast\b,cell viability|\bviability\b,,no_quantitative_value
,,24707223,[],CHEMBL5109053,Cytotoxicity against mouse RAW264.7 by WST-1 vital dye reagent method,F,,,BAO_0000190,BAO_0000219,cell-based format,C[C@@H]1C[C@H]2[C@@H]3CCC4=CC(=O)C=C[C@]4(C)[C@@]3(F)[C@@H](O)C[C@]2(C)[C@@]1(O)C(=O)CO,Outside typical range,"Values for this activity type are unusually large/small, so may not be accurate",CHEMBL5107966,Eur J Med Chem,2022.0,,,CHEMBL384467,DEXAMETHASONE,CHEMBL384467,,0,http://www.openphacts.org/units/Nanomolar,3852843,=,1,1,=,,IC50,nM,,159200.0,CHEMBL612557,Mus musculus,RAW264.7,10090,,,IC50,uM,UO_0000065,,159.2,dexamethasone,repair_candidate_watchlist,glucocorticoid representative,cytotoxicity against mouse raw264.7 by wst-1 vital dye reagent method | f | ic50 | = | raw264.7 | mus musculus | cell-based format | chembl5107966,,cytotoxic|cytotoxicity|wst|toxicity,,159.2,weak_or_low_toxicity_signal_gt_50uM,accepted,B_supportive_nonhuman_or_normal_like,accepted_normal_like_viability_assay,\bmouse\b,cytotox|\bwst\b,,toxicity_signal
,,24784831,"[{'comments': None, 'relation': '=', 'result_flag': 0, 'standard_relation': '=', 'standard_text_value': None, 'standard_type': 'TIME', 'standard_units': 'hr', 'standard_value': '24.0', 'text_value': None, 'type': 'Time', 'units': 'hrs', 'value': '24.0'}]",CHEMBL5130483,Cytotoxicity in LPS-stimulated mouse RAW264.7 cells assessed as reduction in cell viability incubated for 72 hrs by alamar blue dye based colorimetric assay,T,,,BAO_0000187,BAO_0000219,cell-based format,C[C@@H]1C[C@H]2[C@@H]3CCC4=CC(=O)C=C[C@]4(C)[C@@]3(F)[C@@H](O)C[C@]2(C)[C@@]1(O)C(=O)CO,,,CHEMBL5126624,J Nat Prod,2022.0,,,CHEMBL384467,DEXAMETHASONE,CHEMBL384467,,0,http://www.openphacts.org/units/Nanomolar,3868657,=,1,1,=,,CC50,nM,,4400.0,CHEMBL612557,Mus musculus,RAW264.7,10090,,,CC50,uM,UO_0000065,,4.4,dexamethasone,repair_candidate_watchlist,glucocorticoid representative,cytotoxicity in lps-stimulated mouse raw264.7 cells assessed as reduction in cell viability incubated for 72 hrs by alamar blue dye based colorimetric assay | t | cc50 | = | raw264.7 | mus musculus | cell-based format | chembl5126624,,cytotoxic|cytotoxicity|cell viability|viability|toxicity,,4.4,high_toxicity_signal_le_10uM,accepted,B_supportive_nonhuman_or_normal_like,accepted_normal_like_viability_assay,\bmouse\b,cytotox|cell viability|\bviability\b,,toxicity_signal
,,25493289,"[{'comments': None, 'relation': '=', 'result_flag': 0, 'standard_relation': '=', 'standard_text_value': None, 'standard_type': 'DOSE', 'standard_units': 'microM', 'standard_value': '50.0', 'text_value': None, 'type': 'DOSE', 'units': 'microM', 'value': '50.0'}]",CHEMBL5329979,Cytotoxicity against mouse RAW264.7 cells assessed as cell survival rate at 50 uM by MTT assay relative to control,T,,,BAO_0001103,BAO_0000219,cell-based format,C[C@@H]1C[C@H]2[C@@H]3CCC4=CC(=O)C=C[C@]4(C)[C@@]3(F)[C@@H](O)C[C@]2(C)[C@@]1(O)C(=O)CO,,,CHEMBL5329182,Bioorg Med Chem Lett,2023.0,,,CHEMBL384467,DEXAMETHASONE,CHEMBL384467,,0,http://qudt.org/vocab/unit#Percent,3966002,=,1,0,=,,Activity,%,,106.73,CHEMBL612557,Mus musculus,RAW264.7,10090,,,Activity,%,UO_0000187,,106.73,dexamethasone,repair_candidate_watchlist,glucocorticoid representative,cytotoxicity against mouse raw264.7 cells assessed as cell survival rate at 50 um by mtt assay relative to control | t | activity | = | raw264.7 | mus musculus | cell-based format | chembl5329182,,cytotoxic|cytotoxicity|cell survival|survival|mtt|toxicity,,,weak_or_low_toxicity_signal_gt_50uM,accepted,B_supportive_nonhuman_or_normal_like,accepted_normal_like_viability_assay,\bmouse\b,cytotox|cell survival|\bsurvival\b|\bmtt\b,,no_quantitative_value
,,25837596,"[{'comments': None, 'relation': '=', 'result_flag': 0, 'standard_relation': '=', 'standard_text_value': None, 'standard_type': 'DOSE', 'standard_units': 'microM', 'standard_value': '5.0', 'text_value': None, 'type': 'DOSE', 'units': 'microM', 'value': '5.0'}, {'comments': None, 'relation': '=', 'result_flag': 0, 'standard_relation': '=', 'standard_text_value': None, 'standard_type': 'TIME', 'standard_units': 'hr', 'standard_value': '24.0', 'text_value': None, 'type': 'TIME', 'units': 'hrs', 'value': '24.0'}]",CHEMBL5502865,Cytotoxicity against mouse RAW264.7 cells assessed as cell viability at 5 uM measured after 24 hrs incubation by MTT assay relative to control,T,,,BAO_0001103,BAO_0000219,cell-based format,C[C@@H]1C[C@H]2[C@@H]3CCC4=CC(=O)C=C[C@]4(C)[C@@]3(F)[C@@H](O)C[C@]2(C)[C@@]1(O)C(=O)CO,,,CHEMBL5500377,Eur J Med Chem,2024.0,,,CHEMBL384467,DEXAMETHASONE,CHEMBL384467,,0,http://qudt.org/vocab/unit#Percent,4055768,=,1,0,=,,Activity,%,,92.0,CHEMBL612557,Mus musculus,RAW264.7,10090,,,Activity,%,UO_0000187,,92.0,dexamethasone,repair_candidate_watchlist,glucocorticoid representative,cytotoxicity against mouse raw264.7 cells assessed as cell viability at 5 um measured after 24 hrs incubation by mtt assay relative to control | t | activity | = | raw264.7 | mus musculus | cell-based format | chembl5500377,,cytotoxic|cytotoxicity|cell viability|viability|mtt|toxicity,,,weak_or_low_toxicity_signal_gt_50uM,accepted,B_supportive_nonhuman_or_normal_like,accepted_normal_like_viability_assay,\bmouse\b,cytotox|cell viability|\bviability\b|\bmtt\b,,no_quantitative_value
,,25951482,"[{'comments': None, 'relation': '=', 'result_flag': 0, 'standard_relation': '=', 'standard_text_value': None, 'standard_type': 'DOSE', 'standard_units': 'microM', 'standard_value': '20.0', 'text_value': None, 'type': 'DOSE', 'units': 'microM', 'value': '20.0'}, {'comments': None, 'relation': '=', 'result_flag': 0, 'standard_relation': '=', 'standard_text_value': None, 'standard_type': 'TIME', 'standard_units': 'hr', 'standard_value': '24.0', 'text_value': None, 'type': 'TIME', 'units': 'hrs', 'value': '24.0'}]",CHEMBL5536880,Cytotoxicity against mouse RAW264.7 cells assessed as survival rate at 20 uM incubated for 24 hrs by CCK-8 assay relative to control (Rvb = 100 %),T,,,BAO_0000179,BAO_0000219,cell-based format,C[C@@H]1C[C@H]2[C@@H]3CCC4=CC(=O)C=C[C@]4(C)[C@@]3(F)[C@@H](O)C[C@]2(C)[C@@]1(O)C(=O)CO,,,CHEMBL5532759,RSC Med Chem,2024.0,,,CHEMBL384467,DEXAMETHASONE,CHEMBL384467,,0,http://qudt.org/vocab/unit#Percent,4077562,=,1,0,=,,Survival,%,,94.8,CHEMBL612557,Mus musculus,RAW264.7,10090,,,Survival,%,UO_0000187,,94.8,dexamethasone,repair_candidate_watchlist,glucocorticoid representative,cytotoxicity against mouse raw264.7 cells assessed as survival rate at 20 um incubated for 24 hrs by cck-8 assay relative to control (rvb = 100 %) | t | survival | = | raw264.7 | mus musculus | cell-based format | chembl5532759,,cytotoxic|cytotoxicity|survival|toxicity,,,weak_or_low_toxicity_signal_gt_50uM,accepted,B_supportive_nonhuman_or_normal_like,accepted_normal_like_viability_assay,\bmouse\b,cytotox|\bsurvival\b,,no_quantitative_value
,,25971339,"[{'comments': None, 'relation': '=', 'result_flag': 0, 'standard_relation': '=', 'standard_text_value': None, 'standard_type': 'DOSE', 'standard_units': 'mg.kg-1', 'standard_value': '5.0', 'text_value': None, 'type': 'DOSE', 'units': 'mg/kg', 'value': '5.0'}, {'comments': None, 'relation': None, 'result_flag': 0, 'standard_relation': None, 'standard_text_value': 'IV', 'standard_type': 'ROUTE', 'standard_units': None, 'standard_value': None, 'text_value': 'IV', 'type': 'ROUTE', 'units': None, 'value': None}, {'comments': None, 'relation': '=', 'result_flag': 0, 'standard_relation': '=', 'standard_text_value': None, 'standard_type': 'TIME', 'standard_units': 'hr', 'standard_value': '24.0', 'text_value': None, 'type': 'TIME', 'units': 'hrs', 'value': '24.0'}]",CHEMBL5543749,"Protection against LPS-induced sepsis in C57BL/6J mouse model assessed as survival rate at 5 mg/kg, iv measured after 24 hrs relative to control",F,,,BAO_0000179,BAO_0000218,organism-based format,C[C@@H]1C[C@H]2[C@@H]3CCC4=CC(=O)C=C[C@]4(C)[C@@]3(F)[C@@H](O)C[C@]2(C)[C@@]1(O)C(=O)CO,,,CHEMBL5543072,Eur J Med Chem,2024.0,,,CHEMBL384467,DEXAMETHASONE,CHEMBL384467,,0,http://qudt.org/vocab/unit#Percent,4081486,=,1,0,=,,Survival,%,,100.0,CHEMBL375,Mus musculus,Mus musculus,10090,,,Survival,%,UO_0000187,,100.0,dexamethasone,repair_candidate_watchlist,glucocorticoid representative,"protection against lps-induced sepsis in c57bl/6j mouse model assessed as survival rate at 5 mg/kg, iv measured after 24 hrs relative to control | f | survival | = | mus musculus | mus musculus | organism-based format | chembl5543072",,survival,,,weak_or_low_toxicity_signal_gt_50uM,accepted,B_supportive_nonhuman_or_normal_like,accepted_normal_like_viability_assay,\bmouse\b,\bsurvival\b,,no_quantitative_value
,,25971344,"[{'comments': None, 'relation': '=', 'result_flag': 0, 'standard_relation': '=', 'standard_text_value': None, 'standard_type': 'DOSE', 'standard_units': 'mg.kg-1', 'standard_value': '5.0', 'text_value': None, 'type': 'DOSE', 'units': 'mg/kg', 'value': '5.0'}, {'comments': None, 'relation': None, 'result_flag': 0, 'standard_relation': None, 'standard_text_value': 'IV', 'standard_type': 'ROUTE', 'standard_units': None, 'standard_value': None, 'text_value': 'IV', 'type': 'ROUTE', 'units': None, 'value': None}, {'comments': None, 'relation': '=', 'result_flag': 0, 'standard_relation': '=', 'standard_text_value': None, 'standard_type': 'TIME', 'standard_units': 'hr', 'standard_value': '48.0', 'text_value': None, 'type': 'TIME', 'units': 'hrs', 'value': '48.0'}]",CHEMBL5543750,"Protection against LPS-induced sepsis in C57BL/6J mouse model assessed as survival rate at 5 mg/kg, iv measured after 48 hrs relative to control",F,,,BAO_0000179,BAO_0000218,organism-based format,C[C@@H]1C[C@H]2[C@@H]3CCC4=CC(=O)C=C[C@]4(C)[C@@]3(F)[C@@H](O)C[C@]2(C)[C@@]1(O)C(=O)CO,,,CHEMBL5543072,Eur J Med Chem,2024.0,,,CHEMBL384467,DEXAMETHASONE,CHEMBL384467,,0,http://qudt.org/vocab/unit#Percent,4081486,=,1,0,=,,Survival,%,,100.0,CHEMBL375,Mus musculus,Mus musculus,10090,,,Survival,%,UO_0000187,,100.0,dexamethasone,repair_candidate_watchlist,glucocorticoid representative,"protection against lps-induced sepsis in c57bl/6j mouse model assessed as survival rate at 5 mg/kg, iv measured after 48 hrs relative to control | f | survival | = | mus musculus | mus musculus | organism-based format | chembl5543072",,survival,,,weak_or_low_toxicity_signal_gt_50uM,accepted,B_supportive_nonhuman_or_normal_like,accepted_normal_like_viability_assay,\bmouse\b,\bsurvival\b,,no_quantitative_value
,,25971349,"[{'comments': None, 'relation': '=', 'result_flag': 0, 'standard_relation': '=', 'standard_text_value': None, 'standard_type': 'DOSE', 'standard_units': 'mg.kg-1', 'standard_value': '5.0', 'text_value': None, 'type': 'DOSE', 'units': 'mg/kg', 'value': '5.0'}, {'comments': None, 'relation': None, 'result_flag': 0, 'standard_relation': None, 'standard_text_value': 'IV', 'standard_type': 'ROUTE', 'standard_units': None, 'standard_value': None, 'text_value': 'IV', 'type': 'ROUTE', 'units': None, 'value': None}, {'comments': None, 'relation': '=', 'result_flag': 0, 'standard_relation': '=', 'standard_text_value': None, 'standard_type': 'TIME', 'standard_units': 'hr', 'standard_value': '72.0', 'text_value': None, 'type': 'TIME', 'units': 'hrs', 'value': '72.0'}]",CHEMBL5543751,"Protection against LPS-induced sepsis in C57BL/6J mouse model assessed as survival rate at 5 mg/kg, iv measured after 72 hrs relative to control",F,,,BAO_0000179,BAO_0000218,organism-based format,C[C@@H]1C[C@H]2[C@@H]3CCC4=CC(=O)C=C[C@]4(C)[C@@]3(F)[C@@H](O)C[C@]2(C)[C@@]1(O)C(=O)CO,,,CHEMBL5543072,Eur J Med Chem,2024.0,,,CHEMBL384467,DEXAMETHASONE,CHEMBL384467,,0,http://qudt.org/vocab/unit#Percent,4081486,=,1,0,=,,Survival,%,,100.0,CHEMBL375,Mus musculus,Mus musculus,10090,,,Survival,%,UO_0000187,,100.0,dexamethasone,repair_candidate_watchlist,glucocorticoid representative,"protection against lps-induced sepsis in c57bl/6j mouse model assessed as survival rate at 5 mg/kg, iv measured after 72 hrs relative to control | f | survival | = | mus musculus | mus musculus | organism-based format | chembl5543072",,survival,,,weak_or_low_toxicity_signal_gt_50uM,accepted,B_supportive_nonhuman_or_normal_like,accepted_normal_like_viability_assay,\bmouse\b,\bsurvival\b,,no_quantitative_value
,,26043886,"[{'comments': None, 'relation': '=', 'result_flag': 0, 'standard_relation': '=', 'standard_text_value': None, 'standard_type': 'TIME', 'standard_units': 'hr', 'standard_value': '48.0', 'text_value': None, 'type': 'TIME', 'units': 'hrs', 'value': '48.0'}]",CHEMBL5586461,Immunosuppressive activity in BALB/c mouse splenocytes assessed as inhibition of ConA-induced T cell proliferation incubated for 48 hrs by CCK-8 assay,F,,,BAO_0000190,BAO_0000219,cell-based format,C[C@@H]1C[C@H]2[C@@H]3CCC4=CC(=O)C=C[C@]4(C)[C@@]3(F)[C@@H](O)C[C@]2(C)[C@@]1(O)C(=O)CO,,,CHEMBL5584299,J Nat Prod,2024.0,,,CHEMBL384467,DEXAMETHASONE,CHEMBL384467,7.40,0,http://www.openphacts.org/units/Nanomolar,4095769,=,1,1,=,,IC50,nM,,40.0,CHEMBL612422,Mus musculus,Splenocyte,10090,,,IC50,uM,UO_0000065,,0.04,dexamethasone,repair_candidate_watchlist,glucocorticoid representative,immunosuppressive activity in balb/c mouse splenocytes assessed as inhibition of cona-induced t cell proliferation incubated for 48 hrs by cck-8 assay | f | ic50 | = | splenocyte | mus musculus | cell-based format | chembl5584299,,proliferation,,0.04,very_high_toxicity_signal_le_1uM,accepted,B_supportive_nonhuman_or_normal_like,accepted_normal_like_viability_assay,\bmouse\b,proliferation,,toxicity_signal
,,26043899,"[{'comments': None, 'relation': '=', 'result_flag': 0, 'standard_relation': '=', 'standard_text_value': None, 'standard_type': 'TIME', 'standard_units': 'hr', 'standard_value': '48.0', 'text_value': None, 'type': 'TIME', 'units': 'hrs', 'value': '48.0'}]",CHEMBL5586462,Immunosuppressive activity in BALB/c mouse splenocytes assessed as inhibition of LPS-induced B cell proliferation incubated for 48 hrs by CCK-8 assay,F,,,BAO_0000190,BAO_0000219,cell-based format,C[C@@H]1C[C@H]2[C@@H]3CCC4=CC(=O)C=C[C@]4(C)[C@@]3(F)[C@@H](O)C[C@]2(C)[C@@]1(O)C(=O)CO,,,CHEMBL5584299,J Nat Prod,2024.0,,,CHEMBL384467,DEXAMETHASONE,CHEMBL384467,6.33,0,http://www.openphacts.org/units/Nanomolar,4095769,=,1,1,=,,IC50,nM,,470.0,CHEMBL612422,Mus musculus,Splenocyte,10090,,,IC50,uM,UO_0000065,,0.47,dexamethasone,repair_candidate_watchlist,glucocorticoid representative,immunosuppressive activity in balb/c mouse splenocytes assessed as inhibition of lps-induced b cell proliferation incubated for 48 hrs by cck-8 assay | f | ic50 | = | splenocyte | mus musculus | cell-based format | chembl5584299,,proliferation,,0.47,very_high_toxicity_signal_le_1uM,accepted,B_supportive_nonhuman_or_normal_like,accepted_normal_like_viability_assay,\bmouse\b,proliferation,,toxicity_signal
,,26047007,[],CHEMBL5587731,Cytotoxicity against mouse RAW264.7 cells assessed as inhibition of cell viability by MTT assay relative to control,T,,,BAO_0000190,BAO_0000219,cell-based format,C[C@@H]1C[C@H]2[C@@H]3CCC4=CC(=O)C=C[C@]4(C)[C@@]3(F)[C@@H](O)C[C@]2(C)[C@@]1(O)C(=O)CO,,,CHEMBL5584329,RSC Med Chem,2024.0,,,CHEMBL384467,DEXAMETHASONE,CHEMBL384467,,0,http://www.openphacts.org/units/Nanomolar,4096385,>,1,1,>,,IC50,nM,,40000.0,CHEMBL612557,Mus musculus,RAW264.7,10090,,,IC50,uM,UO_0000065,,40.0,dexamethasone,repair_candidate_watchlist,glucocorticoid representative,cytotoxicity against mouse raw264.7 cells assessed as inhibition of cell viability by mtt assay relative to control | t | ic50 | > | raw264.7 | mus musculus | cell-based format | chembl5584329,,cytotoxic|cytotoxicity|cell viability|viability|mtt|toxicity,,40.0,moderate_toxicity_signal_le_50uM,accepted,B_supportive_nonhuman_or_normal_like,accepted_normal_like_viability_assay,\bmouse\b,cytotox|cell viability|\bviability\b|\bmtt\b,,no_toxicity_signal_or_lower_bound
,,26198299,"[{'comments': None, 'relation': '>', 'result_flag': 0, 'standard_relation': '>', 'standard_text_value': None, 'standard_type': 'DOSE', 'standard_units': 'microM', 'standard_value': '40.0', 'text_value': None, 'type': 'DOSE', 'units': 'microM', 'value': '40.0'}, {'comments': None, 'relation': '=', 'result_flag': 0, 'standard_relation': '=', 'standard_text_value': None, 'standard_type': 'TIME', 'standard_units': 'hr', 'standard_value': '24.0', 'text_value': None, 'type': 'TIME', 'units': 'hrs', 'value': '24.0'}]",CHEMBL5638630,Antiproliferative activity against LPS-induced mouse RAW264.7 cells assessed as reduction in cell viability > 40 uM incubated for 24 hrs by CCK-8 assay,F,,,BAO_0000375,BAO_0000219,cell-based format,C[C@@H]1C[C@H]2[C@@H]3CCC4=CC(=O)C=C[C@]4(C)[C@@]3(F)[C@@H](O)C[C@]2(C)[C@@]1(O)C(=O)CO,,,CHEMBL5634181,J Nat Prod,2024.0,,,CHEMBL384467,DEXAMETHASONE,CHEMBL384467,,0,,4135706,,1,0,,Not active,Activity,,,,CHEMBL612557,Mus musculus,RAW264.7,10090,Not Active,,Activity,,,,,dexamethasone,repair_candidate_watchlist,glucocorticoid representative,antiproliferative activity against lps-induced mouse raw264.7 cells assessed as reduction in cell viability > 40 um incubated for 24 hrs by cck-8 assay | f | activity |  | raw264.7 | mus musculus | cell-based format | chembl5634181,,cell viability|viability,,,weak_or_low_toxicity_signal_gt_50uM,accepted,B_supportive_nonhuman_or_normal_like,accepted_normal_like_viability_assay,\bmouse\b,cell viability|\bviability\b,,no_quantitative_value
,,29082816,"[{'comments': None, 'relation': '=', 'result_flag': 0, 'standard_relation': '=', 'standard_text_value': None, 'standard_type': 'TIME', 'standard_units': 'hr', 'standard_value': '24.0', 'text_value': None, 'type': 'TIME', 'units': 'hrs', 'value': '24.0'}]",CHEMBL6080417,Cytotoxicity against mouse RAW264.7 cells incubated for 24 hrs by MTT assay,F,,,BAO_0000190,BAO_0000219,cell-based format,C[C@@H]1C[C@H]2[C@@H]3CCC4=CC(=O)C=C[C@]4(C)[C@@]3(F)[C@@H](O)C[C@]2(C)[C@@]1(O)C(=O)CO,,,CHEMBL6078664,J Nat Prod,2024.0,,,CHEMBL384467,DEXAMETHASONE,CHEMBL384467,,0,http://www.openphacts.org/units/Nanomolar,4664544,>,1,1,>,,IC50,nM,,50000.0,CHEMBL612557,Mus musculus,RAW264.7,10090,,,IC50,uM,UO_0000065,,50.0,dexamethasone,repair_candidate_watchlist,glucocorticoid representative,cytotoxicity against mouse raw264.7 cells incubated for 24 hrs by mtt assay | f | ic50 | > | raw264.7 | mus musculus | cell-based format | chembl6078664,,cytotoxic|cytotoxicity|mtt|toxicity,,50.0,moderate_toxicity_signal_le_50uM,accepted,B_supportive_nonhuman_or_normal_like,accepted_normal_like_viability_assay,\bmouse\b,cytotox|\bmtt\b,,no_toxicity_signal_or_lower_bound
,,208929,[],CHEMBL807575,Inhibition of concanavalin A stimulated rat splenocyte proliferation,F,,,BAO_0000188,BAO_0000019,assay format,C[C@]12C=CC(=O)C=C1CC[C@@H]1[C@@H]2[C@@H](O)C[C@@]2(C)[C@H]1CC[C@]2(O)C(=O)CO,,,CHEMBL1144889,J Med Chem,2003.0,,,CHEMBL131,PREDNISOLONE,CHEMBL131,7.71,0,http://www.openphacts.org/units/Nanomolar,3267,=,1,1,=,,EC50,nM,,19.6,CHEMBL3368,Rattus norvegicus,Glucocorticoid receptor,10116,,,EC50,nM,UO_0000065,,19.6,prednisolone,repair_candidate_watchlist,glucocorticoid representative,inhibition of concanavalin a stimulated rat splenocyte proliferation | f | ec50 | = | glucocorticoid receptor | rattus norvegicus | assay format | chembl1144889,,proliferation,,0.019600000000000003,very_high_toxicity_signal_le_1uM,accepted,B_supportive_nonhuman_or_normal_like,accepted_normal_like_viability_assay,\brat\b,proliferation,,toxicity_signal
,,208930,[],CHEMBL807576,Inhibition of concanavalin A stimulated rat splenocyte proliferation compared to Dexamethasone,F,,,BAO_0000656,BAO_0000019,assay format,C[C@]12C=CC(=O)C=C1CC[C@@H]1[C@@H]2[C@@H](O)C[C@@]2(C)[C@H]1CC[C@]2(O)C(=O)CO,,,CHEMBL1144889,J Med Chem,2003.0,,,CHEMBL131,PREDNISOLONE,CHEMBL131,,0,http://qudt.org/vocab/unit#Percent,3267,=,1,0,=,,Efficacy,%,,97.0,CHEMBL3368,Rattus norvegicus,Glucocorticoid receptor,10116,,,Efficacy,%,UO_0000187,,97.0,prednisolone,repair_candidate_watchlist,glucocorticoid representative,inhibition of concanavalin a stimulated rat splenocyte proliferation compared to dexamethasone | f | efficacy | = | glucocorticoid receptor | rattus norvegicus | assay format | chembl1144889,,proliferation,,,weak_or_low_toxicity_signal_gt_50uM,accepted,B_supportive_nonhuman_or_normal_like,accepted_normal_like_viability_assay,\brat\b,proliferation,,no_quantitative_value
,,2268336,[],CHEMBL1018614,Inhibition of PHA-induced BALB/c mouse T cell proliferation at 10 uM,A,,,BAO_0000201,BAO_0000219,cell-based format,C[C@]12C=CC(=O)C=C1CC[C@@H]1[C@@H]2[C@@H](O)C[C@@]2(C)[C@H]1CC[C@]2(O)C(=O)CO,,,CHEMBL1152873,Bioorg Med Chem Lett,2009.0,,,CHEMBL131,PREDNISOLONE,CHEMBL131,,0,http://qudt.org/vocab/unit#Percent,730513,=,1,1,=,,Inhibition,%,,84.0,CHEMBL612558,,ADMET,,,,INH,%,UO_0000187,,84.0,prednisolone,repair_candidate_watchlist,glucocorticoid representative,inhibition of pha-induced balb/c mouse t cell proliferation at 10 um | a | inhibition | = | admet |  | cell-based format | chembl1152873,,proliferation,,,weak_or_low_toxicity_signal_gt_50uM,accepted,B_supportive_nonhuman_or_normal_like,accepted_normal_like_viability_assay,\bmouse\b,proliferation,,no_quantitative_value
,,2268357,[],CHEMBL1018616,Cytotoxicity against BALB/c mouse B cells assessed as cell viability,A,,,BAO_0000190,BAO_0000219,cell-based format,C[C@]12C=CC(=O)C=C1CC[C@@H]1[C@@H]2[C@@H](O)C[C@@]2(C)[C@H]1CC[C@]2(O)C(=O)CO,,,CHEMBL1152873,Bioorg Med Chem Lett,2009.0,,,CHEMBL131,PREDNISOLONE,CHEMBL131,,0,http://www.openphacts.org/units/Nanomolar,730513,>,1,1,>,,IC50,nM,,10000.0,CHEMBL612558,,ADMET,,,,IC50,uM,UO_0000065,,10.0,prednisolone,repair_candidate_watchlist,glucocorticoid representative,cytotoxicity against balb/c mouse b cells assessed as cell viability | a | ic50 | > | admet |  | cell-based format | chembl1152873,,cytotoxic|cytotoxicity|cell viability|viability|toxicity,,10.0,high_toxicity_signal_le_10uM,accepted,B_supportive_nonhuman_or_normal_like,accepted_normal_like_viability_assay,\bmouse\b,cytotox|cell viability|\bviability\b,,no_toxicity_signal_or_lower_bound
"{'action_type': 'SUBSTRATE', 'description': 'Carried by a transporter, possibly competing with the natural substrate for transport', 'parent_type': 'OTHER'}",substrate [+],10997929,[],CHEMBL2077058,TP_TRANSPORTER: increase in brain concentration in mdr1a(-/-) mouse,F,,,BAO_0000375,BAO_0000218,organism-based format,C[C@]12C=CC(=O)C=C1CC[C@@H]1[C@@H]2[C@@H](O)C[C@@]2(C)[C@H]1CC[C@]2(O)C(=O)CO,,,CHEMBL2073785,J Endocrinol,2002.0,,,CHEMBL131,PREDNISOLONE,CHEMBL131,,0,,1670153,,18,0,,,Activity,,,,CHEMBL2573,Mus musculus,ATP-dependent translocase ABCB1,10090,,,Activity,,,,,prednisolone,repair_candidate_watchlist,glucocorticoid representative,tp_transporter: increase in brain concentration in mdr1a(-/-) mouse | f | activity |  | atp-dependent translocase abcb1 | mus musculus | organism-based format | chembl2073785,,atp,,,weak_or_low_toxicity_signal_gt_50uM,accepted,B_supportive_nonhuman_or_normal_like,accepted_normal_like_viability_assay,\bmouse\b,\batp\b,,no_quantitative_value
,,14623517,[],CHEMBL3254086,Cytotoxicity against mouse L1210 cells assessed as growth inhibition measured at 72 hrs by trypan blue exclusion assay,F,,,BAO_0003036,BAO_0000219,cell-based format,C[C@]12C=CC(=O)C=C1CC[C@@H]1[C@@H]2[C@@H](O)C[C@@]2(C)[C@H]1CC[C@]2(O)C(=O)CO,,,CHEMBL3244344,J Med Chem,1979.0,,,CHEMBL131,PREDNISOLONE,CHEMBL131,,0,http://www.openphacts.org/units/Micromolar,2090798,=,1,0,=,,ED50,uM,,100.0,CHEMBL386,Mus musculus,L1210,10090,,,ED50,uM,UO_0000064,,100.0,prednisolone,repair_candidate_watchlist,glucocorticoid representative,cytotoxicity against mouse l1210 cells assessed as growth inhibition measured at 72 hrs by trypan blue exclusion assay | f | ed50 | = | l1210 | mus musculus | cell-based format | chembl3244344,,cytotoxic|cytotoxicity|growth inhibition|toxicity,,100.0,weak_or_low_toxicity_signal_gt_50uM,accepted,B_supportive_nonhuman_or_normal_like,accepted_normal_like_viability_assay,\bmouse\b,cytotox|growth inhibition,,toxicity_signal
,Inactive,17895956,[],CHEMBL3991685,"Kinobeads (epsilon), multiple immobilized ATP-competitive broad spectrum kinase inhibitors, used to assess residual binding of ~300 proteins simultaneously from cell lysate in the presence of a compound. Quantitative readout performed by mass spectrometry.",B,,,BAO_0000034,BAO_0000220,subcellular format,CC[C@@H]1C(=O)N(C)c2cnc(Nc3ccc(C(=O)NC4CCN(C)CC4)cc3OC)nc2N1C1CCCC1,,,CHEMBL3991601,Science,2017.0,,,CHEMBL513909,BI-2536,CHEMBL513909,,0,http://www.openphacts.org/units/Nanomolar,2973502,>,48,1,>,,Kd,nM,,30000.0,CHEMBL5319,Homo sapiens,Epithelial discoidin domain-containing receptor 1,9606,,,Kd apparent,nM,UO_0000065,,30000.0,BI-2536,removal_axis_candidate,PLK / Aurora / mitotic checkpoint,"kinobeads (epsilon), multiple immobilized atp-competitive broad spectrum kinase inhibitors, used to assess residual binding of ~300 proteins simultaneously from cell lysate in the presence of a compound. quantitative readout performed by mass spectrometry. | b | kd | > | epithelial discoidin domain-containing receptor 1 | homo sapiens | subcellular format | chembl3991601",epithelial,atp,,30.0,moderate_toxicity_signal_le_50uM,accepted,A_high_confidence_human_normal_like,accepted_normal_like_viability_assay,\bepithelial\b,\batp\b,,no_toxicity_signal_or_lower_bound
,Inactive,17903177,[],CHEMBL3991717,"Kinobeads (epsilon), multiple immobilized ATP-competitive broad spectrum kinase inhibitors, used to assess residual binding of ~300 proteins simultaneously from cell lysate in the presence of a compound. Quantitative readout performed by mass spectrometry.",B,,,BAO_0000034,BAO_0000220,subcellular format,CC[C@@H]1C(=O)N(C)c2cnc(Nc3ccc(C(=O)NC4CCN(C)CC4)cc3OC)nc2N1C1CCCC1,,,CHEMBL3991601,Science,2017.0,,,CHEMBL513909,BI-2536,CHEMBL513909,,0,http://www.openphacts.org/units/Nanomolar,2973502,>,48,1,>,,Kd,nM,,30000.0,CHEMBL3650,Homo sapiens,Fibroblast growth factor receptor 1,9606,,,Kd apparent,nM,UO_0000065,,30000.0,BI-2536,removal_axis_candidate,PLK / Aurora / mitotic checkpoint,"kinobeads (epsilon), multiple immobilized atp-competitive broad spectrum kinase inhibitors, used to assess residual binding of ~300 proteins simultaneously from cell lysate in the presence of a compound. quantitative readout performed by mass spectrometry. | b | kd | > | fibroblast growth factor receptor 1 | homo sapiens | subcellular format | chembl3991601",fibroblast,atp,,30.0,moderate_toxicity_signal_le_50uM,accepted,A_high_confidence_human_normal_like,accepted_normal_like_viability_assay,\bfibroblast\b,\batp\b,,no_toxicity_signal_or_lower_bound
,Inactive,17919138,[],CHEMBL3991789,"Kinobeads (epsilon), multiple immobilized ATP-competitive broad spectrum kinase inhibitors, used to assess residual binding of ~300 proteins simultaneously from cell lysate in the presence of a compound. Quantitative readout performed by mass spectrometry.",B,,,BAO_0000034,BAO_0000220,subcellular format,CC[C@@H]1C(=O)N(C)c2cnc(Nc3ccc(C(=O)NC4CCN(C)CC4)cc3OC)nc2N1C1CCCC1,,,CHEMBL3991601,Science,2017.0,,,CHEMBL513909,BI-2536,CHEMBL513909,,0,http://www.openphacts.org/units/Nanomolar,2973502,>,48,1,>,,Kd,nM,,30000.0,CHEMBL3717,Homo sapiens,Hepatocyte growth factor receptor,9606,,,Kd apparent,nM,UO_0000065,,30000.0,BI-2536,removal_axis_candidate,PLK / Aurora / mitotic checkpoint,"kinobeads (epsilon), multiple immobilized atp-competitive broad spectrum kinase inhibitors, used to assess residual binding of ~300 proteins simultaneously from cell lysate in the presence of a compound. quantitative readout performed by mass spectrometry. | b | kd | > | hepatocyte growth factor receptor | homo sapiens | subcellular format | chembl3991601",hepatocyte,atp,,30.0,moderate_toxicity_signal_le_50uM,accepted,A_high_confidence_human_normal_like,accepted_normal_like_viability_assay,\bhepatocyte\b,\batp\b,,no_toxicity_signal_or_lower_bound
,Inactive,17919467,[],CHEMBL3991791,"Kinobeads (epsilon), multiple immobilized ATP-competitive broad spectrum kinase inhibitors, used to assess residual binding of ~300 proteins simultaneously from cell lysate in the presence of a compound. Quantitative readout performed by mass spectrometry.",B,,,BAO_0000034,BAO_0000220,subcellular format,CC[C@@H]1C(=O)N(C)c2cnc(Nc3ccc(C(=O)NC4CCN(C)CC4)cc3OC)nc2N1C1CCCC1,,,CHEMBL3991601,Science,2017.0,,,CHEMBL513909,BI-2536,CHEMBL513909,,0,http://www.openphacts.org/units/Nanomolar,2973502,>,48,1,>,,Kd,nM,,30000.0,CHEMBL2689,Homo sapiens,Macrophage-stimulating protein receptor,9606,,,Kd apparent,nM,UO_0000065,,30000.0,BI-2536,removal_axis_candidate,PLK / Aurora / mitotic checkpoint,"kinobeads (epsilon), multiple immobilized atp-competitive broad spectrum kinase inhibitors, used to assess residual binding of ~300 proteins simultaneously from cell lysate in the presence of a compound. quantitative readout performed by mass spectrometry. | b | kd | > | macrophage-stimulating protein receptor | homo sapiens | subcellular format | chembl3991601",macrophage,atp,,30.0,moderate_toxicity_signal_le_50uM,accepted,A_high_confidence_human_normal_like,accepted_normal_like_viability_assay,\bmacrophage\b,\batp\b,,no_toxicity_signal_or_lower_bound
,,22867760,"[{'comments': None, 'relation': '=', 'result_flag': 0, 'standard_relation': '=', 'standard_text_value': None, 'standard_type': 'Compound concentration', 'standard_units': 'uM', 'standard_value': '10.0', 'text_value': None, 'type': 'Compound concentration', 'units': 'uM', 'value': '10.0'}, {'comments': None, 'relation': '=', 'result_flag': 0, 'standard_relation': '=', 'standard_text_value': None, 'standard_type': 'Confluency (%)', 'standard_units': '%', 'standard_value': '66.0', 'text_value': None, 'type': 'Confluency (%)', 'units': '%', 'value': '66.0'}, {'comments': None, 'relation': '=', 'result_flag': 0, 'standard_relation': '=', 'standard_text_value': None, 'standard_type': 'Growth Rate in DMSO (control)', 'standard_units': None, 'standard_value': '1.0', 'text_value': None, 'type': 'Growth Rate in DMSO (control)', 'units': None, 'value': '1.0'}, {'comments': None, 'relation': '=', 'result_flag': 0, 'standard_relation': '=', 'standard_text_value': None, 'standard_type': 'Replicate number', 'standard_units': None, 'standard_value': '1.0', 'text_value': None, 'type': 'Replicate number', 'units': None, 'value': '1.0'}, {'comments': None, 'relation': '=', 'result_flag': 0, 'standard_relation': '=', 'standard_text_value': None, 'standard_type': 'Timepoint', 'standard_units': 'hours', 'standard_value': '0.0', 'text_value': None, 'type': 'Timepoint', 'units': 'hours', 'value': '0.0'}]",CHEMBL4725213,Incucyte cell viability with human fibroblast,T,,,BAO_0000179,BAO_0000219,cell-based format,CC[C@@H]1C(=O)N(C)c2cnc(Nc3ccc(C(=O)NC4CCN(C)CC4)cc3OC)nc2N1C1CCCC1,,,CHEMBL4689842,,2021.0,,,CHEMBL513909,BI-2536,CHEMBL513909,,0,,3526136,=,55,0,=,,Growth Rate,,,0.0,CHEMBL5314315,Homo sapiens,Fibroblast,9606,,,Growth Rate,,,,0.0,BI-2536,removal_axis_candidate,PLK / Aurora / mitotic checkpoint,incucyte cell viability with human fibroblast | t | growth rate | = | fibroblast | homo sapiens | cell-based format | chembl4689842,fibroblast,cell viability|viability,,,weak_or_low_toxicity_signal_gt_50uM,accepted,A_high_confidence_human_normal_like,accepted_normal_like_viability_assay,\bfibroblast\b,cell viability|\bviability\b,,no_quantitative_value
,,22867761,"[{'comments': None, 'relation': '=', 'result_flag': 0, 'standard_relation': '=', 'standard_text_value': None, 'standard_type': 'Compound concentration', 'standard_units': 'uM', 'standard_value': '10.0', 'text_value': None, 'type': 'Compound concentration', 'units': 'uM', 'value': '10.0'}, {'comments': None, 'relation': '=', 'result_flag': 0, 'standard_relation': '=', 'standard_text_value': None, 'standard_type': 'Confluency (%)', 'standard_units': '%', 'standard_value': '23.0', 'text_value': None, 'type': 'Confluency (%)', 'units': '%', 'value': '23.0'}, {'comments': None, 'relation': '=', 'result_flag': 0, 'standard_relation': '=', 'standard_text_value': None, 'standard_type': 'Growth Rate in DMSO (control)', 'standard_units': None, 'standard_value': '1.0', 'text_value': None, 'type': 'Growth Rate in DMSO (control)', 'units': None, 'value': '1.0'}, {'comments': None, 'relation': '=', 'result_flag': 0, 'standard_relation': '=', 'standard_text_value': None, 'standard_type': 'Replicate number', 'standard_units': None, 'standard_value': '2.0', 'text_value': None, 'type': 'Replicate number', 'units': None, 'value': '2.0'}, {'comments': None, 'relation': '=', 'result_flag': 0, 'standard_relation': '=', 'standard_text_value': None, 'standard_type': 'Timepoint', 'standard_units': 'hours', 'standard_value': '0.0', 'text_value': None, 'type': 'Timepoint', 'units': 'hours', 'value': '0.0'}]",CHEMBL4725213,Incucyte cell viability with human fibroblast,T,,,BAO_0000179,BAO_0000219,cell-based format,CC[C@@H]1C(=O)N(C)c2cnc(Nc3ccc(C(=O)NC4CCN(C)CC4)cc3OC)nc2N1C1CCCC1,,,CHEMBL4689842,,2021.0,,,CHEMBL513909,BI-2536,CHEMBL513909,,0,,3526136,=,55,0,=,,Growth Rate,,,0.0,CHEMBL5314315,Homo sapiens,Fibroblast,9606,,,Growth Rate,,,,0.0,BI-2536,removal_axis_candidate,PLK / Aurora / mitotic checkpoint,incucyte cell viability with human fibroblast | t | growth rate | = | fibroblast | homo sapiens | cell-based format | chembl4689842,fibroblast,cell viability|viability,,,weak_or_low_toxicity_signal_gt_50uM,accepted,A_high_confidence_human_normal_like,accepted_normal_like_viability_assay,\bfibroblast\b,cell viability|\bviability\b,,no_quantitative_value
,,22867772,"[{'comments': None, 'relation': '=', 'result_flag': 0, 'standard_relation': '=', 'standard_text_value': None, 'standard_type': 'Compound concentration', 'standard_units': 'uM', 'standard_value': '10.0', 'text_value': None, 'type': 'Compound concentration', 'units': 'uM', 'value': '10.0'}, {'comments': None, 'relation': '=', 'result_flag': 0, 'standard_relation': '=', 'standard_text_value': None, 'standard_type': 'Confluency (%)', 'standard_units': '%', 'standard_value': '77.0', 'text_value': None, 'type': 'Confluency (%)', 'units': '%', 'value': '77.0'}, {'comments': None, 'relation': '=', 'result_flag': 0, 'standard_relation': '=', 'standard_text_value': None, 'standard_type': 'Growth Rate in DMSO (control)', 'standard_units': None, 'standard_value': '1.0', 'text_value': None, 'type': 'Growth Rate in DMSO (control)', 'units': None, 'value': '1.0'}, {'comments': None, 'relation': '=', 'result_flag': 0, 'standard_relation': '=', 'standard_text_value': None, 'standard_type': 'Replicate number', 'standard_units': None, 'standard_value': '1.0', 'text_value': None, 'type': 'Replicate number', 'units': None, 'value': '1.0'}, {'comments': None, 'relation': '=', 'result_flag': 0, 'standard_relation': '=', 'standard_text_value': None, 'standard_type': 'Timepoint', 'standard_units': 'hours', 'standard_value': '12.0', 'text_value': None, 'type': 'Timepoint', 'units': 'hours', 'value': '12.0'}]",CHEMBL4725213,Incucyte cell viability with human fibroblast,T,,,BAO_0000179,BAO_0000219,cell-based format,CC[C@@H]1C(=O)N(C)c2cnc(Nc3ccc(C(=O)NC4CCN(C)CC4)cc3OC)nc2N1C1CCCC1,,,CHEMBL4689842,,2021.0,,,CHEMBL513909,BI-2536,CHEMBL513909,,0,,3526136,=,55,0,=,,Growth Rate,,,1.0,CHEMBL5314315,Homo sapiens,Fibroblast,9606,,,Growth Rate,,,,1.0,BI-2536,removal_axis_candidate,PLK / Aurora / mitotic checkpoint,incucyte cell viability with human fibroblast | t | growth rate | = | fibroblast | homo sapiens | cell-based format | chembl4689842,fibroblast,cell viability|viability,,,weak_or_low_toxicity_signal_gt_50uM,accepted,A_high_confidence_human_normal_like,accepted_normal_like_viability_assay,\bfibroblast\b,cell viability|\bviability\b,,no_quantitative_value
,,22867778,"[{'comments': None, 'relation': '=', 'result_flag': 0, 'standard_relation': '=', 'standard_text_value': None, 'standard_type': 'Compound concentration', 'standard_units': 'uM', 'standard_value': '10.0', 'text_value': None, 'type': 'Compound concentration', 'units': 'uM', 'value': '10.0'}, {'comments': None, 'relation': '=', 'result_flag': 0, 'standard_relation': '=', 'standard_text_value': None, 'standard_type': 'Confluency (%)', 'standard_units': '%', 'standard_value': '77.0', 'text_value': None, 'type': 'Confluency (%)', 'units': '%', 'value': '77.0'}, {'comments': None, 'relation': '=', 'result_flag': 0, 'standard_relation': '=', 'standard_text_value': None, 'standard_type': 'Growth Rate in DMSO (control)', 'standard_units': None, 'standard_value': '1.0', 'text_value': None, 'type': 'Growth Rate in DMSO (control)', 'units': None, 'value': '1.0'}, {'comments': None, 'relation': '=', 'result_flag': 0, 'standard_relation': '=', 'standard_text_value': None, 'standard_type': 'Replicate number', 'standard_units': None, 'standard_value': '1.0', 'text_value': None, 'type': 'Replicate number', 'units': None, 'value': '1.0'}, {'comments': None, 'relation': '=', 'result_flag': 0, 'standard_relation': '=', 'standard_text_value': None, 'standard_type': 'Timepoint', 'standard_units': 'hours', 'standard_value': '18.0', 'text_value': None, 'type': 'Timepoint', 'units': 'hours', 'value': '18.0'}]",CHEMBL4725213,Incucyte cell viability with human fibroblast,T,,,BAO_0000179,BAO_0000219,cell-based format,CC[C@@H]1C(=O)N(C)c2cnc(Nc3ccc(C(=O)NC4CCN(C)CC4)cc3OC)nc2N1C1CCCC1,,,CHEMBL4689842,,2021.0,,,CHEMBL513909,BI-2536,CHEMBL513909,,0,,3526136,=,55,0,=,,Growth Rate,,,0.0,CHEMBL5314315,Homo sapiens,Fibroblast,9606,,,Growth Rate,,,,0.0,BI-2536,removal_axis_candidate,PLK / Aurora / mitotic checkpoint,incucyte cell viability with human fibroblast | t | growth rate | = | fibroblast | homo sapiens | cell-based format | chembl4689842,fibroblast,cell viability|viability,,,weak_or_low_toxicity_signal_gt_50uM,accepted,A_high_confidence_human_normal_like,accepted_normal_like_viability_assay,\bfibroblast\b,cell viability|\bviability\b,,no_quantitative_value
,,22867779,"[{'comments': None, 'relation': '=', 'result_flag': 0, 'standard_relation': '=', 'standard_text_value': None, 'standard_type': 'Compound concentration', 'standard_units': 'uM', 'standard_value': '10.0', 'text_value': None, 'type': 'Compound concentration', 'units': 'uM', 'value': '10.0'}, {'comments': None, 'relation': '=', 'result_flag': 0, 'standard_relation': '=', 'standard_text_value': None, 'standard_type': 'Confluency (%)', 'standard_units': '%', 'standard_value': '31.0', 'text_value': None, 'type': 'Confluency (%)', 'units': '%', 'value': '31.0'}, {'comments': None, 'relation': '=', 'result_flag': 0, 'standard_relation': '=', 'standard_text_value': None, 'standard_type': 'Growth Rate in DMSO (control)', 'standard_units': None, 'standard_value': '1.0', 'text_value': None, 'type': 'Growth Rate in DMSO (control)', 'units': None, 'value': '1.0'}, {'comments': None, 'relation': '=', 'result_flag': 0, 'standard_relation': '=', 'standard_text_value': None, 'standard_type': 'Replicate number', 'standard_units': None, 'standard_value': '2.0', 'text_value': None, 'type': 'Replicate number', 'units': None, 'value': '2.0'}, {'comments': None, 'relation': '=', 'result_flag': 0, 'standard_relation': '=', 'standard_text_value': None, 'standard_type': 'Timepoint', 'standard_units': 'hours', 'standard_value': '18.0', 'text_value': None, 'type': 'Timepoint', 'units': 'hours', 'value': '18.0'}]",CHEMBL4725213,Incucyte cell viability with human fibroblast,T,,,BAO_0000179,BAO_0000219,cell-based format,CC[C@@H]1C(=O)N(C)c2cnc(Nc3ccc(C(=O)NC4CCN(C)CC4)cc3OC)nc2N1C1CCCC1,,,CHEMBL4689842,,2021.0,,,CHEMBL513909,BI-2536,CHEMBL513909,,0,,3526136,=,55,0,=,,Growth Rate,,,1.0,CHEMBL5314315,Homo sapiens,Fibroblast,9606,,,Growth Rate,,,,1.0,BI-2536,removal_axis_candidate,PLK / Aurora / mitotic checkpoint,incucyte cell viability with human fibroblast | t | growth rate | = | fibroblast | homo sapiens | cell-based format | chembl4689842,fibroblast,cell viability|viability,,,weak_or_low_toxicity_signal_gt_50uM,accepted,A_high_confidence_human_normal_like,accepted_normal_like_viability_assay,\bfibroblast\b,cell viability|\bviability\b,,no_quantitative_value
,,22867784,"[{'comments': None, 'relation': '=', 'result_flag': 0, 'standard_relation': '=', 'standard_text_value': None, 'standard_type': 'Compound concentration', 'standard_units': 'uM', 'standard_value': '10.0', 'text_value': None, 'type': 'Compound concentration', 'units': 'uM', 'value': '10.0'}, {'comments': None, 'relation': '=', 'result_flag': 0, 'standard_relation': '=', 'standard_text_value': None, 'standard_type': 'Confluency (%)', 'standard_units': '%', 'standard_value': '76.0', 'text_value': None, 'type': 'Confluency (%)', 'units': '%', 'value': '76.0'}, {'comments': None, 'relation': '=', 'result_flag': 0, 'standard_relation': '=', 'standard_text_value': None, 'standard_type': 'Growth Rate in DMSO (control)', 'standard_units': None, 'standard_value': '1.0', 'text_value': None, 'type': 'Growth Rate in DMSO (control)', 'units': None, 'value': '1.0'}, {'comments': None, 'relation': '=', 'result_flag': 0, 'standard_relation': '=', 'standard_text_value': None, 'standard_type': 'Replicate number', 'standard_units': None, 'standard_value': '1.0', 'text_value': None, 'type': 'Replicate number', 'units': None, 'value': '1.0'}, {'comments': None, 'relation': '=', 'result_flag': 0, 'standard_relation': '=', 'standard_text_value': None, 'standard_type': 'Timepoint', 'standard_units': 'hours', 'standard_value': '24.0', 'text_value': None, 'type': 'Timepoint', 'units': 'hours', 'value': '24.0'}]",CHEMBL4725213,Incucyte cell viability with human fibroblast,T,,,BAO_0000179,BAO_0000219,cell-based format,CC[C@@H]1C(=O)N(C)c2cnc(Nc3ccc(C(=O)NC4CCN(C)CC4)cc3OC)nc2N1C1CCCC1,,,CHEMBL4689842,,2021.0,,,CHEMBL513909,BI-2536,CHEMBL513909,,0,,3526136,=,55,0,=,,Growth Rate,,,0.0,CHEMBL5314315,Homo sapiens,Fibroblast,9606,,,Growth Rate,,,,0.0,BI-2536,removal_axis_candidate,PLK / Aurora / mitotic checkpoint,incucyte cell viability with human fibroblast | t | growth rate | = | fibroblast | homo sapiens | cell-based format | chembl4689842,fibroblast,cell viability|viability,,,weak_or_low_toxicity_signal_gt_50uM,accepted,A_high_confidence_human_normal_like,accepted_normal_like_viability_assay,\bfibroblast\b,cell viability|\bviability\b,,no_quantitative_value
,,22867785,"[{'comments': None, 'relation': '=', 'result_flag': 0, 'standard_relation': '=', 'standard_text_value': None, 'standard_type': 'Compound concentration', 'standard_units': 'uM', 'standard_value': '10.0', 'text_value': None, 'type': 'Compound concentration', 'units': 'uM', 'value': '10.0'}, {'comments': None, 'relation': '=', 'result_flag': 0, 'standard_relation': '=', 'standard_text_value': None, 'standard_type': 'Confluency (%)', 'standard_units': '%', 'standard_value': '30.0', 'text_value': None, 'type': 'Confluency (%)', 'units': '%', 'value': '30.0'}, {'comments': None, 'relation': '=', 'result_flag': 0, 'standard_relation': '=', 'standard_text_value': None, 'standard_type': 'Growth Rate in DMSO (control)', 'standard_units': None, 'standard_value': '1.0', 'text_value': None, 'type': 'Growth Rate in DMSO (control)', 'units': None, 'value': '1.0'}, {'comments': None, 'relation': '=', 'result_flag': 0, 'standard_relation': '=', 'standard_text_value': None, 'standard_type': 'Replicate number', 'standard_units': None, 'standard_value': '2.0', 'text_value': None, 'type': 'Replicate number', 'units': None, 'value': '2.0'}, {'comments': None, 'relation': '=', 'result_flag': 0, 'standard_relation': '=', 'standard_text_value': None, 'standard_type': 'Timepoint', 'standard_units': 'hours', 'standard_value': '24.0', 'text_value': None, 'type': 'Timepoint', 'units': 'hours', 'value': '24.0'}]",CHEMBL4725213,Incucyte cell viability with human fibroblast,T,,,BAO_0000179,BAO_0000219,cell-based format,CC[C@@H]1C(=O)N(C)c2cnc(Nc3ccc(C(=O)NC4CCN(C)CC4)cc3OC)nc2N1C1CCCC1,,,CHEMBL4689842,,2021.0,,,CHEMBL513909,BI-2536,CHEMBL513909,,0,,3526136,=,55,0,=,,Growth Rate,,,0.0,CHEMBL5314315,Homo sapiens,Fibroblast,9606,,,Growth Rate,,,,0.0,BI-2536,removal_axis_candidate,PLK / Aurora / mitotic checkpoint,incucyte cell viability with human fibroblast | t | growth rate | = | fibroblast | homo sapiens | cell-based format | chembl4689842,fibroblast,cell viability|viability,,,weak_or_low_toxicity_signal_gt_50uM,accepted,A_high_confidence_human_normal_like,accepted_normal_like_viability_assay,\bfibroblast\b,cell viability|\bviability\b,,no_quantitative_value
,,24376526,"[{'comments': None, 'relation': '=', 'result_flag': 0, 'standard_relation': '=', 'standard_text_value': None, 'standard_type': 'TIME', 'standard_units': 'hr', 'standard_value': '72.0', 'text_value': None, 'type': 'Time', 'units': 'hrs', 'value': '72.0'}]",CHEMBL5037296,Antiproliferative activity against human RPE cells expressing wild-type PLK1 assessed as reduction in cell viability after 72 hrs by MTT assay,F,,,BAO_0000190,BAO_0000219,cell-based format,CC[C@@H]1C(=O)N(C)c2cnc(Nc3ccc(C(=O)NC4CCN(C)CC4)cc3OC)nc2N1C1CCCC1,,,CHEMBL5036328,J Med Chem,2021.0,,,CHEMBL513909,BI-2536,CHEMBL513909,7.57,0,http://www.openphacts.org/units/Nanomolar,3776444,=,1,1,=,,IC50,nM,,27.1,CHEMBL612545,,Unchecked,,,,IC50,nM,UO_0000065,,27.1,BI-2536,removal_axis_candidate,PLK / Aurora / mitotic checkpoint,antiproliferative activity against human rpe cells expressing wild-type plk1 assessed as reduction in cell viability after 72 hrs by mtt assay | f | ic50 | = | unchecked |  | cell-based format | chembl5036328,rpe,cell viability|viability|mtt,,0.027100000000000003,very_high_toxicity_signal_le_1uM,accepted,A_high_confidence_human_normal_like,accepted_normal_like_viability_assay,\brpe\b,cell viability|\bviability\b|\bmtt\b,,toxicity_signal
,,24376530,"[{'comments': None, 'relation': '=', 'result_flag': 0, 'standard_relation': '=', 'standard_text_value': None, 'standard_type': 'TIME', 'standard_units': 'hr', 'standard_value': '72.0', 'text_value': None, 'type': 'Time', 'units': 'hrs', 'value': '72.0'}]",CHEMBL5037297,Antiproliferative activity against human RPE cells expressing C67V mutant PLK1 assessed as reduction in cell viability after 72 hrs by MTT assay,F,,,BAO_0000190,BAO_0000219,cell-based format,CC[C@@H]1C(=O)N(C)c2cnc(Nc3ccc(C(=O)NC4CCN(C)CC4)cc3OC)nc2N1C1CCCC1,,,CHEMBL5036328,J Med Chem,2021.0,,,CHEMBL513909,BI-2536,CHEMBL513909,,0,http://www.openphacts.org/units/Nanomolar,3776444,>,1,1,>,,IC50,nM,,600.0,CHEMBL612545,,Unchecked,,,,IC50,nM,UO_0000065,,600.0,BI-2536,removal_axis_candidate,PLK / Aurora / mitotic checkpoint,antiproliferative activity against human rpe cells expressing c67v mutant plk1 assessed as reduction in cell viability after 72 hrs by mtt assay | f | ic50 | > | unchecked |  | cell-based format | chembl5036328,rpe,cell viability|viability|mtt,,0.6,very_high_toxicity_signal_le_1uM,accepted,A_high_confidence_human_normal_like,accepted_normal_like_viability_assay,\brpe\b,cell viability|\bviability\b|\bmtt\b,,no_toxicity_signal_or_lower_bound
,,24791941,"[{'comments': None, 'relation': '=', 'result_flag': 0, 'standard_relation': '=', 'standard_text_value': None, 'standard_type': 'TIME', 'standard_units': 'hr', 'standard_value': '72.0', 'text_value': None, 'type': 'Time', 'units': 'hrs', 'value': '72.0'}]",CHEMBL5132747,Antiproliferative activity against human RPE cells expressing wild-type PLK1 assessed as reduction in cell viability measured after 72 hrs by MTT assay,F,,,BAO_0000190,BAO_0000219,cell-based format,CC[C@@H]1C(=O)N(C)c2cnc(Nc3ccc(C(=O)NC4CCN(C)CC4)cc3OC)nc2N1C1CCCC1,,,CHEMBL5131394,Eur J Med Chem,2022.0,,,CHEMBL513909,BI-2536,CHEMBL513909,4.57,0,http://www.openphacts.org/units/Nanomolar,3870012,=,1,1,=,,IC50,nM,,27100.0,CHEMBL612545,,Unchecked,,,,IC50,uM,UO_0000065,,27.1,BI-2536,removal_axis_candidate,PLK / Aurora / mitotic checkpoint,antiproliferative activity against human rpe cells expressing wild-type plk1 assessed as reduction in cell viability measured after 72 hrs by mtt assay | f | ic50 | = | unchecked |  | cell-based format | chembl5131394,rpe,cell viability|viability|mtt,,27.1,moderate_toxicity_signal_le_50uM,accepted,A_high_confidence_human_normal_like,accepted_normal_like_viability_assay,\brpe\b,cell viability|\bviability\b|\bmtt\b,,toxicity_signal
,,25365667,"[{'comments': None, 'relation': '=', 'result_flag': 0, 'standard_relation': '=', 'standard_text_value': None, 'standard_type': 'Compound concentration', 'standard_units': 'uM', 'standard_value': '10.0', 'text_value': None, 'type': 'Compound concentration', 'units': 'uM', 'value': '10.0'}, {'comments': None, 'relation': '=', 'result_flag': 0, 'standard_relation': '=', 'standard_text_value': None, 'standard_type': 'Confluency (%)', 'standard_units': '%', 'standard_value': '13.25', 'text_value': None, 'type': 'Confluency (%)', 'units': '%', 'value': '13.25'}, {'comments': None, 'relation': '=', 'result_flag': 0, 'standard_relation': '=', 'standard_text_value': None, 'standard_type': 'Growth Rate in DMSO (control)', 'standard_units': None, 'standard_value': '1.03', 'text_value': None, 'type': 'Growth Rate in DMSO (control)', 'units': None, 'value': '1.03'}, {'comments': None, 'relation': '=', 'result_flag': 0, 'standard_relation': '=', 'standard_text_value': None, 'standard_type': 'Replicate number', 'standard_units': None, 'standard_value': '1.0', 'text_value': None, 'type': 'Replicate number', 'units': None, 'value': '1.0'}, {'comments': None, 'relation': '=', 'result_flag': 0, 'standard_relation': '=', 'standard_text_value': None, 'standard_type': 'Timepoint', 'standard_units': 'hours', 'standard_value': '18.0', 'text_value': None, 'type': 'Timepoint', 'units': 'hours', 'value': '18.0'}]",CHEMBL4725213,Incucyte cell viability with human fibroblast,T,,,BAO_0000179,BAO_0000219,cell-based format,CC[C@@H]1C(=O)N(C)c2cnc(Nc3ccc(C(=O)NC4CCN(C)CC4)cc3OC)nc2N1C1CCCC1,,,CHEMBL5303304,,2023.0,,,CHEMBL513909,BI-2536,CHEMBL513909,,0,,3942457,=,55,0,=,,Growth Rate,,,0.76,CHEMBL5314315,Homo sapiens,Fibroblast,9606,,,Growth Rate,,,,0.76,BI-2536,removal_axis_candidate,PLK / Aurora / mitotic checkpoint,incucyte cell viability with human fibroblast | t | growth rate | = | fibroblast | homo sapiens | cell-based format | chembl5303304,fibroblast,cell viability|viability,,,weak_or_low_toxicity_signal_gt_50uM,accepted,A_high_confidence_human_normal_like,accepted_normal_like_viability_assay,\bfibroblast\b,cell viability|\bviability\b,,no_quantitative_value
,,25365949,"[{'comments': None, 'relation': '=', 'result_flag': 0, 'standard_relation': '=', 'standard_text_value': None, 'standard_type': 'Compound concentration', 'standard_units': 'uM', 'standard_value': '10.0', 'text_value': None, 'type': 'Compound concentration', 'units': 'uM', 'value': '10.0'}, {'comments': None, 'relation': '=', 'result_flag': 0, 'standard_relation': '=', 'standard_text_value': None, 'standard_type': 'Confluency (%)', 'standard_units': '%', 'standard_value': '23.35', 'text_value': None, 'type': 'Confluency (%)', 'units': '%', 'value': '23.35'}, {'comments': None, 'relation': '=', 'result_flag': 0, 'standard_relation': '=', 'standard_text_value': None, 'standard_type': 'Growth Rate in DMSO (control)', 'standard_units': None, 'standard_value': '1.06', 'text_value': None, 'type': 'Growth Rate in DMSO (control)', 'units': None, 'value': '1.06'}, {'comments': None, 'relation': '=', 'result_flag': 0, 'standard_relation': '=', 'standard_text_value': None, 'standard_type': 'Replicate number', 'standard_units': None, 'standard_value': '2.0', 'text_value': None, 'type': 'Replicate number', 'units': None, 'value': '2.0'}, {'comments': None, 'relation': '=', 'result_flag': 0, 'standard_relation': '=', 'standard_text_value': None, 'standard_type': 'Timepoint', 'standard_units': 'hours', 'standard_value': '18.0', 'text_value': None, 'type': 'Timepoint', 'units': 'hours', 'value': '18.0'}]",CHEMBL4725213,Incucyte cell viability with human fibroblast,T,,,BAO_0000179,BAO_0000219,cell-based format,CC[C@@H]1C(=O)N(C)c2cnc(Nc3ccc(C(=O)NC4CCN(C)CC4)cc3OC)nc2N1C1CCCC1,,,CHEMBL5303304,,2023.0,,,CHEMBL513909,BI-2536,CHEMBL513909,,0,,3942457,=,55,0,=,,Growth Rate,,,0.83,CHEMBL5314315,Homo sapiens,Fibroblast,9606,,,Growth Rate,,,,0.83,BI-2536,removal_axis_candidate,PLK / Aurora / mitotic checkpoint,incucyte cell viability with human fibroblast | t | growth rate | = | fibroblast | homo sapiens | cell-based format | chembl5303304,fibroblast,cell viability|viability,,,weak_or_low_toxicity_signal_gt_50uM,accepted,A_high_confidence_human_normal_like,accepted_normal_like_viability_assay,\bfibroblast\b,cell viability|\bviability\b,,no_quantitative_value
,,25366231,"[{'comments': None, 'relation': '=', 'result_flag': 0, 'standard_relation': '=', 'standard_text_value': None, 'standard_type': 'Compound concentration', 'standard_units': 'uM', 'standard_value': '10.0', 'text_value': None, 'type': 'Compound concentration', 'units': 'uM', 'value': '10.0'}, {'comments': None, 'relation': '=', 'result_flag': 0, 'standard_relation': '=', 'standard_text_value': None, 'standard_type': 'Confluency (%)', 'standard_units': '%', 'standard_value': '12.7', 'text_value': None, 'type': 'Confluency (%)', 'units': '%', 'value': '12.7'}, {'comments': None, 'relation': '=', 'result_flag': 0, 'standard_relation': '=', 'standard_text_value': None, 'standard_type': 'Growth Rate in DMSO (control)', 'standard_units': None, 'standard_value': '1.01', 'text_value': None, 'type': 'Growth Rate in DMSO (control)', 'units': None, 'value': '1.01'}, {'comments': None, 'relation': '=', 'result_flag': 0, 'standard_relation': '=', 'standard_text_value': None, 'standard_type': 'Replicate number', 'standard_units': None, 'standard_value': '1.0', 'text_value': None, 'type': 'Replicate number', 'units': None, 'value': '1.0'}, {'comments': None, 'relation': '=', 'result_flag': 0, 'standard_relation': '=', 'standard_text_value': None, 'standard_type': 'Timepoint', 'standard_units': 'hours', 'standard_value': '24.0', 'text_value': None, 'type': 'Timepoint', 'units': 'hours', 'value': '24.0'}]",CHEMBL4725213,Incucyte cell viability with human fibroblast,T,,,BAO_0000179,BAO_0000219,cell-based format,CC[C@@H]1C(=O)N(C)c2cnc(Nc3ccc(C(=O)NC4CCN(C)CC4)cc3OC)nc2N1C1CCCC1,,,CHEMBL5303304,,2023.0,,,CHEMBL513909,BI-2536,CHEMBL513909,,0,,3942457,=,55,0,=,,Growth Rate,,,0.41,CHEMBL5314315,Homo sapiens,Fibroblast,9606,,,Growth Rate,,,,0.41,BI-2536,removal_axis_candidate,PLK / Aurora / mitotic checkpoint,incucyte cell viability with human fibroblast | t | growth rate | = | fibroblast | homo sapiens | cell-based format | chembl5303304,fibroblast,cell viability|viability,,,weak_or_low_toxicity_signal_gt_50uM,accepted,A_high_confidence_human_normal_like,accepted_normal_like_viability_assay,\bfibroblast\b,cell viability|\bviability\b,,no_quantitative_value
,,25366513,"[{'comments': None, 'relation': '=', 'result_flag': 0, 'standard_relation': '=', 'standard_text_value': None, 'standard_type': 'Compound concentration', 'standard_units': 'uM', 'standard_value': '10.0', 'text_value': None, 'type': 'Compound concentration', 'units': 'uM', 'value': '10.0'}, {'comments': None, 'relation': '=', 'result_flag': 0, 'standard_relation': '=', 'standard_text_value': None, 'standard_type': 'Confluency (%)', 'standard_units': '%', 'standard_value': '23.13', 'text_value': None, 'type': 'Confluency (%)', 'units': '%', 'value': '23.13'}, {'comments': None, 'relation': '=', 'result_flag': 0, 'standard_relation': '=', 'standard_text_value': None, 'standard_type': 'Growth Rate in DMSO (control)', 'standard_units': None, 'standard_value': '1.02', 'text_value': None, 'type': 'Growth Rate in DMSO (control)', 'units': None, 'value': '1.02'}, {'comments': None, 'relation': '=', 'result_flag': 0, 'standard_relation': '=', 'standard_text_value': None, 'standard_type': 'Replicate number', 'standard_units': None, 'standard_value': '2.0', 'text_value': None, 'type': 'Replicate number', 'units': None, 'value': '2.0'}, {'comments': None, 'relation': '=', 'result_flag': 0, 'standard_relation': '=', 'standard_text_value': None, 'standard_type': 'Timepoint', 'standard_units': 'hours', 'standard_value': '24.0', 'text_value': None, 'type': 'Timepoint', 'units': 'hours', 'value': '24.0'}]",CHEMBL4725213,Incucyte cell viability with human fibroblast,T,,,BAO_0000179,BAO_0000219,cell-based format,CC[C@@H]1C(=O)N(C)c2cnc(Nc3ccc(C(=O)NC4CCN(C)CC4)cc3OC)nc2N1C1CCCC1,,,CHEMBL5303304,,2023.0,,,CHEMBL513909,BI-2536,CHEMBL513909,,0,,3942457,=,55,0,=,,Growth Rate,,,0.46,CHEMBL5314315,Homo sapiens,Fibroblast,9606,,,Growth Rate,,,,0.46,BI-2536,removal_axis_candidate,PLK / Aurora / mitotic checkpoint,incucyte cell viability with human fibroblast | t | growth rate | = | fibroblast | homo sapiens | cell-based format | chembl5303304,fibroblast,cell viability|viability,,,weak_or_low_toxicity_signal_gt_50uM,accepted,A_high_confidence_human_normal_like,accepted_normal_like_viability_assay,\bfibroblast\b,cell viability|\bviability\b,,no_quantitative_value
,,25369367,"[{'comments': None, 'relation': '=', 'result_flag': 0, 'standard_relation': '=', 'standard_text_value': None, 'standard_type': 'Compound concentration', 'standard_units': 'uM', 'standard_value': '10.0', 'text_value': None, 'type': 'Compound concentration', 'units': 'uM', 'value': '10.0'}, {'comments': None, 'relation': '=', 'result_flag': 0, 'standard_relation': '=', 'standard_text_value': None, 'standard_type': 'Confluency (%)', 'standard_units': '%', 'standard_value': '20.5', 'text_value': None, 'type': 'Confluency (%)', 'units': '%', 'value': '20.5'}, {'comments': None, 'relation': '=', 'result_flag': 0, 'standard_relation': '=', 'standard_text_value': None, 'standard_type': 'Growth Rate in DMSO (control)', 'standard_units': None, 'standard_value': '6.08', 'text_value': None, 'type': 'Growth Rate in DMSO (control)', 'units': None, 'value': '6.08'}, {'comments': None, 'relation': '=', 'result_flag': 0, 'standard_relation': '=', 'standard_text_value': None, 'standard_type': 'Replicate number', 'standard_units': None, 'standard_value': '2.0', 'text_value': None, 'type': 'Replicate number', 'units': None, 'value': '2.0'}, {'comments': None, 'relation': '=', 'result_flag': 0, 'standard_relation': '=', 'standard_text_value': None, 'standard_type': 'Timepoint', 'standard_units': 'hours', 'standard_value': '0.0', 'text_value': None, 'type': 'Timepoint', 'units': 'hours', 'value': '0.0'}]",CHEMBL4725213,Incucyte cell viability with human fibroblast,T,,,BAO_0000179,BAO_0000219,cell-based format,CC[C@@H]1C(=O)N(C)c2cnc(Nc3ccc(C(=O)NC4CCN(C)CC4)cc3OC)nc2N1C1CCCC1,,,CHEMBL5303304,,2023.0,,,CHEMBL513909,BI-2536,CHEMBL513909,,0,,3942457,=,55,0,=,,Growth Rate,,,-0.99,CHEMBL5314315,Homo sapiens,Fibroblast,9606,,,Growth Rate,,,,-0.99,BI-2536,removal_axis_candidate,PLK / Aurora / mitotic checkpoint,incucyte cell viability with human fibroblast | t | growth rate | = | fibroblast | homo sapiens | cell-based format | chembl5303304,fibroblast,cell viability|viability,,,weak_or_low_toxicity_signal_gt_50uM,accepted,A_high_confidence_human_normal_like,accepted_normal_like_viability_assay,\bfibroblast\b,cell viability|\bviability\b,,no_quantitative_value
,,25369719,"[{'comments': None, 'relation': '=', 'result_flag': 0, 'standard_relation': '=', 'standard_text_value': None, 'standard_type': 'Compound concentration', 'standard_units': 'uM', 'standard_value': '10.0', 'text_value': None, 'type': 'Compound concentration', 'units': 'uM', 'value': '10.0'}, {'comments': None, 'relation': '=', 'result_flag': 0, 'standard_relation': '=', 'standard_text_value': None, 'standard_type': 'Confluency (%)', 'standard_units': '%', 'standard_value': '13.25', 'text_value': None, 'type': 'Confluency (%)', 'units': '%', 'value': '13.25'}, {'comments': None, 'relation': '=', 'result_flag': 0, 'standard_relation': '=', 'standard_text_value': None, 'standard_type': 'Growth Rate in DMSO (control)', 'standard_units': None, 'standard_value': '1.03', 'text_value': None, 'type': 'Growth Rate in DMSO (control)', 'units': None, 'value': '1.03'}, {'comments': None, 'relation': '=', 'result_flag': 0, 'standard_relation': '=', 'standard_text_value': None, 'standard_type': 'Replicate number', 'standard_units': None, 'standard_value': '1.0', 'text_value': None, 'type': 'Replicate number', 'units': None, 'value': '1.0'}, {'comments': None, 'relation': '=', 'result_flag': 0, 'standard_relation': '=', 'standard_text_value': None, 'standard_type': 'Timepoint', 'standard_units': 'hours', 'standard_value': '18.0', 'text_value': None, 'type': 'Timepoint', 'units': 'hours', 'value': '18.0'}]",CHEMBL4725213,Incucyte cell viability with human fibroblast,T,,,BAO_0000179,BAO_0000219,cell-based format,CC[C@@H]1C(=O)N(C)c2cnc(Nc3ccc(C(=O)NC4CCN(C)CC4)cc3OC)nc2N1C1CCCC1,,,CHEMBL5303304,,2023.0,,,CHEMBL513909,BI-2536,CHEMBL513909,,0,,3942457,=,55,0,=,,Growth Rate,,,0.76,CHEMBL5314315,Homo sapiens,Fibroblast,9606,,,Growth Rate,,,,0.76,BI-2536,removal_axis_candidate,PLK / Aurora / mitotic checkpoint,incucyte cell viability with human fibroblast | t | growth rate | = | fibroblast | homo sapiens | cell-based format | chembl5303304,fibroblast,cell viability|viability,,,weak_or_low_toxicity_signal_gt_50uM,accepted,A_high_confidence_human_normal_like,accepted_normal_like_viability_assay,\bfibroblast\b,cell viability|\bviability\b,,no_quantitative_value
,,25369739,"[{'comments': None, 'relation': '=', 'result_flag': 0, 'standard_relation': '=', 'standard_text_value': None, 'standard_type': 'Compound concentration', 'standard_units': 'uM', 'standard_value': '10.0', 'text_value': None, 'type': 'Compound concentration', 'units': 'uM', 'value': '10.0'}, {'comments': None, 'relation': '=', 'result_flag': 0, 'standard_relation': '=', 'standard_text_value': None, 'standard_type': 'Confluency (%)', 'standard_units': '%', 'standard_value': '23.35', 'text_value': None, 'type': 'Confluency (%)', 'units': '%', 'value': '23.35'}, {'comments': None, 'relation': '=', 'result_flag': 0, 'standard_relation': '=', 'standard_text_value': None, 'standard_type': 'Growth Rate in DMSO (control)', 'standard_units': None, 'standard_value': '1.06', 'text_value': None, 'type': 'Growth Rate in DMSO (control)', 'units': None, 'value': '1.06'}, {'comments': None, 'relation': '=', 'result_flag': 0, 'standard_relation': '=', 'standard_text_value': None, 'standard_type': 'Replicate number', 'standard_units': None, 'standard_value': '2.0', 'text_value': None, 'type': 'Replicate number', 'units': None, 'value': '2.0'}, {'comments': None, 'relation': '=', 'result_flag': 0, 'standard_relation': '=', 'standard_text_value': None, 'standard_type': 'Timepoint', 'standard_units': 'hours', 'standard_value': '18.0', 'text_value': None, 'type': 'Timepoint', 'units': 'hours', 'value': '18.0'}]",CHEMBL4725213,Incucyte cell viability with human fibroblast,T,,,BAO_0000179,BAO_0000219,cell-based format,CC[C@@H]1C(=O)N(C)c2cnc(Nc3ccc(C(=O)NC4CCN(C)CC4)cc3OC)nc2N1C1CCCC1,,,CHEMBL5303304,,2023.0,,,CHEMBL513909,BI-2536,CHEMBL513909,,0,,3942457,=,55,0,=,,Growth Rate,,,0.83,CHEMBL5314315,Homo sapiens,Fibroblast,9606,,,Growth Rate,,,,0.83,BI-2536,removal_axis_candidate,PLK / Aurora / mitotic checkpoint,incucyte cell viability with human fibroblast | t | growth rate | = | fibroblast | homo sapiens | cell-based format | chembl5303304,fibroblast,cell viability|viability,,,weak_or_low_toxicity_signal_gt_50uM,accepted,A_high_confidence_human_normal_like,accepted_normal_like_viability_assay,\bfibroblast\b,cell viability|\bviability\b,,no_quantitative_value
,,25369843,"[{'comments': None, 'relation': '=', 'result_flag': 0, 'standard_relation': '=', 'standard_text_value': None, 'standard_type': 'Compound concentration', 'standard_units': 'uM', 'standard_value': '10.0', 'text_value': None, 'type': 'Compound concentration', 'units': 'uM', 'value': '10.0'}, {'comments': None, 'relation': '=', 'result_flag': 0, 'standard_relation': '=', 'standard_text_value': None, 'standard_type': 'Confluency (%)', 'standard_units': '%', 'standard_value': '12.7', 'text_value': None, 'type': 'Confluency (%)', 'units': '%', 'value': '12.7'}, {'comments': None, 'relation': '=', 'result_flag': 0, 'standard_relation': '=', 'standard_text_value': None, 'standard_type': 'Growth Rate in DMSO (control)', 'standard_units': None, 'standard_value': '1.01', 'text_value': None, 'type': 'Growth Rate in DMSO (control)', 'units': None, 'value': '1.01'}, {'comments': None, 'relation': '=', 'result_flag': 0, 'standard_relation': '=', 'standard_text_value': None, 'standard_type': 'Replicate number', 'standard_units': None, 'standard_value': '1.0', 'text_value': None, 'type': 'Replicate number', 'units': None, 'value': '1.0'}, {'comments': None, 'relation': '=', 'result_flag': 0, 'standard_relation': '=', 'standard_text_value': None, 'standard_type': 'Timepoint', 'standard_units': 'hours', 'standard_value': '24.0', 'text_value': None, 'type': 'Timepoint', 'units': 'hours', 'value': '24.0'}]",CHEMBL4725213,Incucyte cell viability with human fibroblast,T,,,BAO_0000179,BAO_0000219,cell-based format,CC[C@@H]1C(=O)N(C)c2cnc(Nc3ccc(C(=O)NC4CCN(C)CC4)cc3OC)nc2N1C1CCCC1,,,CHEMBL5303304,,2023.0,,,CHEMBL513909,BI-2536,CHEMBL513909,,0,,3942457,=,55,0,=,,Growth Rate,,,0.41,CHEMBL5314315,Homo sapiens,Fibroblast,9606,,,Growth Rate,,,,0.41,BI-2536,removal_axis_candidate,PLK / Aurora / mitotic checkpoint,incucyte cell viability with human fibroblast | t | growth rate | = | fibroblast | homo sapiens | cell-based format | chembl5303304,fibroblast,cell viability|viability,,,weak_or_low_toxicity_signal_gt_50uM,accepted,A_high_confidence_human_normal_like,accepted_normal_like_viability_assay,\bfibroblast\b,cell viability|\bviability\b,,no_quantitative_value
,,25369863,"[{'comments': None, 'relation': '=', 'result_flag': 0, 'standard_relation': '=', 'standard_text_value': None, 'standard_type': 'Compound concentration', 'standard_units': 'uM', 'standard_value': '10.0', 'text_value': None, 'type': 'Compound concentration', 'units': 'uM', 'value': '10.0'}, {'comments': None, 'relation': '=', 'result_flag': 0, 'standard_relation': '=', 'standard_text_value': None, 'standard_type': 'Confluency (%)', 'standard_units': '%', 'standard_value': '23.13', 'text_value': None, 'type': 'Confluency (%)', 'units': '%', 'value': '23.13'}, {'comments': None, 'relation': '=', 'result_flag': 0, 'standard_relation': '=', 'standard_text_value': None, 'standard_type': 'Growth Rate in DMSO (control)', 'standard_units': None, 'standard_value': '1.02', 'text_value': None, 'type': 'Growth Rate in DMSO (control)', 'units': None, 'value': '1.02'}, {'comments': None, 'relation': '=', 'result_flag': 0, 'standard_relation': '=', 'standard_text_value': None, 'standard_type': 'Replicate number', 'standard_units': None, 'standard_value': '2.0', 'text_value': None, 'type': 'Replicate number', 'units': None, 'value': '2.0'}, {'comments': None, 'relation': '=', 'result_flag': 0, 'standard_relation': '=', 'standard_text_value': None, 'standard_type': 'Timepoint', 'standard_units': 'hours', 'standard_value': '24.0', 'text_value': None, 'type': 'Timepoint', 'units': 'hours', 'value': '24.0'}]",CHEMBL4725213,Incucyte cell viability with human fibroblast,T,,,BAO_0000179,BAO_0000219,cell-based format,CC[C@@H]1C(=O)N(C)c2cnc(Nc3ccc(C(=O)NC4CCN(C)CC4)cc3OC)nc2N1C1CCCC1,,,CHEMBL5303304,,2023.0,,,CHEMBL513909,BI-2536,CHEMBL513909,,0,,3942457,=,55,0,=,,Growth Rate,,,0.46,CHEMBL5314315,Homo sapiens,Fibroblast,9606,,,Growth Rate,,,,0.46,BI-2536,removal_axis_candidate,PLK / Aurora / mitotic checkpoint,incucyte cell viability with human fibroblast | t | growth rate | = | fibroblast | homo sapiens | cell-based format | chembl5303304,fibroblast,cell viability|viability,,,weak_or_low_toxicity_signal_gt_50uM,accepted,A_high_confidence_human_normal_like,accepted_normal_like_viability_assay,\bfibroblast\b,cell viability|\bviability\b,,no_quantitative_value
,,26238842,"[{'comments': None, 'relation': '=', 'result_flag': 0, 'standard_relation': '=', 'standard_text_value': None, 'standard_type': 'TIME', 'standard_units': 'hr', 'standard_value': '72.0', 'text_value': None, 'type': 'TIME', 'units': 'hrs', 'value': '72.0'}]",CHEMBL5662867,Cytotoxicity against human HUVEC cells assessed as inhibition in cell growth incubated for 72 hrs by Alamar Blue dye based fluorescence spectrophotometric analysis,T,,,BAO_0000188,BAO_0000219,cell-based format,CC[C@@H]1C(=O)N(C)c2cnc(Nc3ccc(C(=O)NC4CCN(C)CC4)cc3OC)nc2N1C1CCCC1,,,CHEMBL5661973,Curr Biol,2007.0,,,CHEMBL513909,BI-2536,CHEMBL513909,7.92,0,http://www.openphacts.org/units/Nanomolar,4137303,=,72,1,=,,EC50,nM,,12.0,CHEMBL613979,Homo sapiens,HUVEC,9606,,,EC50,nM,UO_0000065,,12.0,BI-2536,removal_axis_candidate,PLK / Aurora / mitotic checkpoint,cytotoxicity against human huvec cells assessed as inhibition in cell growth incubated for 72 hrs by alamar blue dye based fluorescence spectrophotometric analysis | t | ec50 | = | huvec | homo sapiens | cell-based format | chembl5661973,huvec,cytotoxic|cytotoxicity|toxicity,,0.012,very_high_toxicity_signal_le_1uM,accepted,A_high_confidence_human_normal_like,accepted_normal_like_viability_assay,\bhuvec\b,cytotox,,toxicity_signal
,,26238843,"[{'comments': None, 'relation': '=', 'result_flag': 0, 'standard_relation': '=', 'standard_text_value': None, 'standard_type': 'TIME', 'standard_units': 'hr', 'standard_value': '72.0', 'text_value': None, 'type': 'TIME', 'units': 'hrs', 'value': '72.0'}]",CHEMBL5662868,Cytotoxicity against rat NRK cells assessed as inhibition in cell growth incubated for 72 hrs by Alamar Blue dye based fluorescence spectrophotometric analysis,T,,,BAO_0000188,BAO_0000219,cell-based format,CC[C@@H]1C(=O)N(C)c2cnc(Nc3ccc(C(=O)NC4CCN(C)CC4)cc3OC)nc2N1C1CCCC1,,,CHEMBL5661973,Curr Biol,2007.0,,,CHEMBL513909,BI-2536,CHEMBL513909,7.92,0,http://www.openphacts.org/units/Nanomolar,4137303,=,72,1,=,,EC50,nM,,12.0,CHEMBL613518,Rattus norvegicus,NRK,10116,,,EC50,nM,UO_0000065,,12.0,BI-2536,removal_axis_candidate,PLK / Aurora / mitotic checkpoint,cytotoxicity against rat nrk cells assessed as inhibition in cell growth incubated for 72 hrs by alamar blue dye based fluorescence spectrophotometric analysis | t | ec50 | = | nrk | rattus norvegicus | cell-based format | chembl5661973,,cytotoxic|cytotoxicity|toxicity,,0.012,very_high_toxicity_signal_le_1uM,accepted,B_supportive_nonhuman_or_normal_like,accepted_normal_like_viability_assay,\brat\b,cytotox,,toxicity_signal
,,15622914,[],CHEMBL3586972,Competitive inhibition of recombinant mouse aurora kinase A expressed in insect Sf9 cells in presence of ATP,B,,,BAO_0000192,BAO_0000219,cell-based format,COc1cc(Nc2ncc3c(n2)-c2ccc(Cl)cc2C(c2c(F)cccc2OC)=NC3)ccc1C(=O)O,,,CHEMBL3585345,ACS Med Chem Lett,2015.0,"{'bei': '18.35', 'le': '0.35', 'lle': '3.77', 'sei': '8.99'}",,CHEMBL483158,ALISERTIB,CHEMBL483158,9.52,0,http://www.openphacts.org/units/Nanomolar,2484916,=,1,1,=,,Ki,nM,,0.3,CHEMBL2211,Mus musculus,Aurora kinase A,10090,,,Ki,nM,UO_0000065,,0.3,alisertib,removal_axis_candidate,PLK / Aurora / mitotic checkpoint,competitive inhibition of recombinant mouse aurora kinase a expressed in insect sf9 cells in presence of atp | b | ki | = | aurora kinase a | mus musculus | cell-based format | chembl3585345,,atp,,0.0003,very_high_toxicity_signal_le_1uM,accepted,B_supportive_nonhuman_or_normal_like,accepted_normal_like_viability_assay,\bmouse\b,\batp\b,,toxicity_signal
,,15622939,[],CHEMBL3586964,Inhibition of recombinant mouse aurora kinase A expressed in insect Sf9 cells using biotin-GLRRASLG as substrate in presence of [gamma-33P]ATP,B,,,BAO_0000190,BAO_0000219,cell-based format,COc1cc(Nc2ncc3c(n2)-c2ccc(Cl)cc2C(c2c(F)cccc2OC)=NC3)ccc1C(=O)O,,,CHEMBL3585345,ACS Med Chem Lett,2015.0,"{'bei': '17.34', 'le': '0.33', 'lle': '3.25', 'sei': '8.50'}",,CHEMBL483158,ALISERTIB,CHEMBL483158,9.00,0,http://www.openphacts.org/units/Nanomolar,2484916,=,1,1,=,,IC50,nM,,1.0,CHEMBL2211,Mus musculus,Aurora kinase A,10090,,,IC50,nM,UO_0000065,,1.0,alisertib,removal_axis_candidate,PLK / Aurora / mitotic checkpoint,inhibition of recombinant mouse aurora kinase a expressed in insect sf9 cells using biotin-glrraslg as substrate in presence of [gamma-33p]atp | b | ic50 | = | aurora kinase a | mus musculus | cell-based format | chembl3585345,,atp,,0.001,very_high_toxicity_signal_le_1uM,accepted,B_supportive_nonhuman_or_normal_like,accepted_normal_like_viability_assay,\bmouse\b,\batp\b,,toxicity_signal
,Inactive,17896018,[],CHEMBL3991685,"Kinobeads (epsilon), multiple immobilized ATP-competitive broad spectrum kinase inhibitors, used to assess residual binding of ~300 proteins simultaneously from cell lysate in the presence of a compound. Quantitative readout performed by mass spectrometry.",B,,,BAO_0000034,BAO_0000220,subcellular format,COc1cc(Nc2ncc3c(n2)-c2ccc(Cl)cc2C(c2c(F)cccc2OC)=NC3)ccc1C(=O)O,,,CHEMBL3991601,Science,2017.0,,,CHEMBL483158,ALISERTIB,CHEMBL483158,,0,http://www.openphacts.org/units/Nanomolar,2973567,>,48,1,>,,Kd,nM,,30000.0,CHEMBL5319,Homo sapiens,Epithelial discoidin domain-containing receptor 1,9606,,,Kd apparent,nM,UO_0000065,,30000.0,alisertib,removal_axis_candidate,PLK / Aurora / mitotic checkpoint,"kinobeads (epsilon), multiple immobilized atp-competitive broad spectrum kinase inhibitors, used to assess residual binding of ~300 proteins simultaneously from cell lysate in the presence of a compound. quantitative readout performed by mass spectrometry. | b | kd | > | epithelial discoidin domain-containing receptor 1 | homo sapiens | subcellular format | chembl3991601",epithelial,atp,,30.0,moderate_toxicity_signal_le_50uM,accepted,A_high_confidence_human_normal_like,accepted_normal_like_viability_assay,\bepithelial\b,\batp\b,,no_toxicity_signal_or_lower_bound
,Inactive,17903259,[],CHEMBL3991717,"Kinobeads (epsilon), multiple immobilized ATP-competitive broad spectrum kinase inhibitors, used to assess residual binding of ~300 proteins simultaneously from cell lysate in the presence of a compound. Quantitative readout performed by mass spectrometry.",B,,,BAO_0000034,BAO_0000220,subcellular format,COc1cc(Nc2ncc3c(n2)-c2ccc(Cl)cc2C(c2c(F)cccc2OC)=NC3)ccc1C(=O)O,,,CHEMBL3991601,Science,2017.0,,,CHEMBL483158,ALISERTIB,CHEMBL483158,,0,http://www.openphacts.org/units/Nanomolar,2973567,>,48,1,>,,Kd,nM,,30000.0,CHEMBL3650,Homo sapiens,Fibroblast growth factor receptor 1,9606,,,Kd apparent,nM,UO_0000065,,30000.0,alisertib,removal_axis_candidate,PLK / Aurora / mitotic checkpoint,"kinobeads (epsilon), multiple immobilized atp-competitive broad spectrum kinase inhibitors, used to assess residual binding of ~300 proteins simultaneously from cell lysate in the presence of a compound. quantitative readout performed by mass spectrometry. | b | kd | > | fibroblast growth factor receptor 1 | homo sapiens | subcellular format | chembl3991601",fibroblast,atp,,30.0,moderate_toxicity_signal_le_50uM,accepted,A_high_confidence_human_normal_like,accepted_normal_like_viability_assay,\bfibroblast\b,\batp\b,,no_toxicity_signal_or_lower_bound
,Inactive,17919133,[],CHEMBL3991789,"Kinobeads (epsilon), multiple immobilized ATP-competitive broad spectrum kinase inhibitors, used to assess residual binding of ~300 proteins simultaneously from cell lysate in the presence of a compound. Quantitative readout performed by mass spectrometry.",B,,,BAO_0000034,BAO_0000220,subcellular format,COc1cc(Nc2ncc3c(n2)-c2ccc(Cl)cc2C(c2c(F)cccc2OC)=NC3)ccc1C(=O)O,,,CHEMBL3991601,Science,2017.0,,,CHEMBL483158,ALISERTIB,CHEMBL483158,,0,http://www.openphacts.org/units/Nanomolar,2973567,>,48,1,>,,Kd,nM,,30000.0,CHEMBL3717,Homo sapiens,Hepatocyte growth factor receptor,9606,,,Kd apparent,nM,UO_0000065,,30000.0,alisertib,removal_axis_candidate,PLK / Aurora / mitotic checkpoint,"kinobeads (epsilon), multiple immobilized atp-competitive broad spectrum kinase inhibitors, used to assess residual binding of ~300 proteins simultaneously from cell lysate in the presence of a compound. quantitative readout performed by mass spectrometry. | b | kd | > | hepatocyte growth factor receptor | homo sapiens | subcellular format | chembl3991601",hepatocyte,atp,,30.0,moderate_toxicity_signal_le_50uM,accepted,A_high_confidence_human_normal_like,accepted_normal_like_viability_assay,\bhepatocyte\b,\batp\b,,no_toxicity_signal_or_lower_bound
,Inactive,17919409,[],CHEMBL3991791,"Kinobeads (epsilon), multiple immobilized ATP-competitive broad spectrum kinase inhibitors, used to assess residual binding of ~300 proteins simultaneously from cell lysate in the presence of a compound. Quantitative readout performed by mass spectrometry.",B,,,BAO_0000034,BAO_0000220,subcellular format,COc1cc(Nc2ncc3c(n2)-c2ccc(Cl)cc2C(c2c(F)cccc2OC)=NC3)ccc1C(=O)O,,,CHEMBL3991601,Science,2017.0,,,CHEMBL483158,ALISERTIB,CHEMBL483158,,0,http://www.openphacts.org/units/Nanomolar,2973567,>,48,1,>,,Kd,nM,,30000.0,CHEMBL2689,Homo sapiens,Macrophage-stimulating protein receptor,9606,,,Kd apparent,nM,UO_0000065,,30000.0,alisertib,removal_axis_candidate,PLK / Aurora / mitotic checkpoint,"kinobeads (epsilon), multiple immobilized atp-competitive broad spectrum kinase inhibitors, used to assess residual binding of ~300 proteins simultaneously from cell lysate in the presence of a compound. quantitative readout performed by mass spectrometry. | b | kd | > | macrophage-stimulating protein receptor | homo sapiens | subcellular format | chembl3991601",macrophage,atp,,30.0,moderate_toxicity_signal_le_50uM,accepted,A_high_confidence_human_normal_like,accepted_normal_like_viability_assay,\bmacrophage\b,\batp\b,,no_toxicity_signal_or_lower_bound
,,24359306,"[{'comments': None, 'relation': '=', 'result_flag': 0, 'standard_relation': '=', 'standard_text_value': None, 'standard_type': 'DOSE', 'standard_units': 'mg.kg-1', 'standard_value': '100.0', 'text_value': None, 'type': 'Dose', 'units': 'mg/kg', 'value': '100.0'}, {'comments': None, 'relation': '=', 'result_flag': 0, 'standard_relation': '=', 'standard_text_value': '<=24', 'standard_type': 'TIME', 'standard_units': 'hr', 'standard_value': None, 'text_value': '<=24', 'type': 'Time', 'units': 'hrs', 'value': None}]",CHEMBL5034136,"Induction of apoptosis in human NCI-H82 cells xenografted in athymic nu/nu nude mouse assessed as increase in cleaved PARP1 protein expression level at 100 mg/kg, po measured up to 24 hrs by Western blot analysis",F,,,BAO_0000375,BAO_0000218,organism-based format,COc1cc(Nc2ncc3c(n2)-c2ccc(Cl)cc2C(c2c(F)cccc2OC)=NC3)ccc1C(=O)O,,,CHEMBL5033992,J Med Chem,2021.0,,,CHEMBL483158,ALISERTIB,CHEMBL483158,,0,,3774368,,1,0,,Active,Activity,,,,CHEMBL612545,,Unchecked,,Active,,Activity,,,,,alisertib,removal_axis_candidate,PLK / Aurora / mitotic checkpoint,"induction of apoptosis in human nci-h82 cells xenografted in athymic nu/nu nude mouse assessed as increase in cleaved parp1 protein expression level at 100 mg/kg, po measured up to 24 hrs by western blot analysis | f | activity |  | unchecked |  | organism-based format | chembl5033992",,apoptosis,,,weak_or_low_toxicity_signal_gt_50uM,accepted,B_supportive_nonhuman_or_normal_like,accepted_normal_like_viability_assay,\bmouse\b,apoptosis,,no_quantitative_value
,,24521460,"[{'comments': None, 'relation': '=', 'result_flag': 0, 'standard_relation': '=', 'standard_text_value': None, 'standard_type': 'Compound concentration', 'standard_units': 'uM', 'standard_value': '10.0', 'text_value': None, 'type': 'Compound concentration', 'units': 'uM', 'value': '10.0'}, {'comments': None, 'relation': '=', 'result_flag': 0, 'standard_relation': '=', 'standard_text_value': None, 'standard_type': 'Confluency (%)', 'standard_units': '%', 'standard_value': '16.99', 'text_value': None, 'type': 'Confluency (%)', 'units': '%', 'value': '16.99'}, {'comments': None, 'relation': '=', 'result_flag': 0, 'standard_relation': '=', 'standard_text_value': None, 'standard_type': 'Growth Rate in DMSO (control)', 'standard_units': None, 'standard_value': '1.1', 'text_value': None, 'type': 'Growth Rate in DMSO (control)', 'units': None, 'value': '1.1'}, {'comments': None, 'relation': '=', 'result_flag': 0, 'standard_relation': '=', 'standard_text_value': None, 'standard_type': 'Replicate number', 'standard_units': None, 'standard_value': '2.0', 'text_value': None, 'type': 'Replicate number', 'units': None, 'value': '2.0'}, {'comments': None, 'relation': '=', 'result_flag': 0, 'standard_relation': '=', 'standard_text_value': None, 'standard_type': 'Timepoint', 'standard_units': 'hours', 'standard_value': '0.0', 'text_value': None, 'type': 'Timepoint', 'units': 'hours', 'value': '0.0'}]",CHEMBL4725213,Incucyte cell viability with human fibroblast,T,,,BAO_0000179,BAO_0000219,cell-based format,COc1cc(Nc2ncc3c(n2)-c2ccc(Cl)cc2C(c2c(F)cccc2OC)=NC3)ccc1C(=O)O,,,CHEMBL5058564,,2022.0,,,CHEMBL483158,ALISERTIB,CHEMBL483158,,0,,3839705,=,55,0,=,,Growth Rate,,,0.68,CHEMBL5314315,Homo sapiens,Fibroblast,9606,,,Growth Rate,,,,0.68,alisertib,removal_axis_candidate,PLK / Aurora / mitotic checkpoint,incucyte cell viability with human fibroblast | t | growth rate | = | fibroblast | homo sapiens | cell-based format | chembl5058564,fibroblast,cell viability|viability,,,weak_or_low_toxicity_signal_gt_50uM,accepted,A_high_confidence_human_normal_like,accepted_normal_like_viability_assay,\bfibroblast\b,cell viability|\bviability\b,,no_quantitative_value
,,24523347,"[{'comments': None, 'relation': '=', 'result_flag': 0, 'standard_relation': '=', 'standard_text_value': None, 'standard_type': 'Compound concentration', 'standard_units': 'uM', 'standard_value': '10.0', 'text_value': None, 'type': 'Compound concentration', 'units': 'uM', 'value': '10.0'}, {'comments': None, 'relation': '=', 'result_flag': 0, 'standard_relation': '=', 'standard_text_value': None, 'standard_type': 'Confluency (%)', 'standard_units': '%', 'standard_value': '11.8', 'text_value': None, 'type': 'Confluency (%)', 'units': '%', 'value': '11.8'}, {'comments': None, 'relation': '=', 'result_flag': 0, 'standard_relation': '=', 'standard_text_value': None, 'standard_type': 'Growth Rate in DMSO (control)', 'standard_units': None, 'standard_value': '1.11', 'text_value': None, 'type': 'Growth Rate in DMSO (control)', 'units': None, 'value': '1.11'}, {'comments': None, 'relation': '=', 'result_flag': 0, 'standard_relation': '=', 'standard_text_value': None, 'standard_type': 'Replicate number', 'standard_units': None, 'standard_value': '1.0', 'text_value': None, 'type': 'Replicate number', 'units': None, 'value': '1.0'}, {'comments': None, 'relation': '=', 'result_flag': 0, 'standard_relation': '=', 'standard_text_value': None, 'standard_type': 'Timepoint', 'standard_units': 'hours', 'standard_value': '6.0', 'text_value': None, 'type': 'Timepoint', 'units': 'hours', 'value': '6.0'}]",CHEMBL4725213,Incucyte cell viability with human fibroblast,T,,,BAO_0000179,BAO_0000219,cell-based format,COc1cc(Nc2ncc3c(n2)-c2ccc(Cl)cc2C(c2c(F)cccc2OC)=NC3)ccc1C(=O)O,,,CHEMBL5058564,,2022.0,,,CHEMBL483158,ALISERTIB,CHEMBL483158,,0,,3839705,=,55,0,=,,Growth Rate,,,-0.97,CHEMBL5314315,Homo sapiens,Fibroblast,9606,,,Growth Rate,,,,-0.97,alisertib,removal_axis_candidate,PLK / Aurora / mitotic checkpoint,incucyte cell viability with human fibroblast | t | growth rate | = | fibroblast | homo sapiens | cell-based format | chembl5058564,fibroblast,cell viability|viability,,,weak_or_low_toxicity_signal_gt_50uM,accepted,A_high_confidence_human_normal_like,accepted_normal_like_viability_assay,\bfibroblast\b,cell viability|\bviability\b,,no_quantitative_value
,,24523662,"[{'comments': None, 'relation': '=', 'result_flag': 0, 'standard_relation': '=', 'standard_text_value': None, 'standard_type': 'Compound concentration', 'standard_units': 'uM', 'standard_value': '10.0', 'text_value': None, 'type': 'Compound concentration', 'units': 'uM', 'value': '10.0'}, {'comments': None, 'relation': '=', 'result_flag': 0, 'standard_relation': '=', 'standard_text_value': None, 'standard_type': 'Confluency (%)', 'standard_units': '%', 'standard_value': '17.61', 'text_value': None, 'type': 'Confluency (%)', 'units': '%', 'value': '17.61'}, {'comments': None, 'relation': '=', 'result_flag': 0, 'standard_relation': '=', 'standard_text_value': None, 'standard_type': 'Growth Rate in DMSO (control)', 'standard_units': None, 'standard_value': '1.2', 'text_value': None, 'type': 'Growth Rate in DMSO (control)', 'units': None, 'value': '1.2'}, {'comments': None, 'relation': '=', 'result_flag': 0, 'standard_relation': '=', 'standard_text_value': None, 'standard_type': 'Replicate number', 'standard_units': None, 'standard_value': '2.0', 'text_value': None, 'type': 'Replicate number', 'units': None, 'value': '2.0'}, {'comments': None, 'relation': '=', 'result_flag': 0, 'standard_relation': '=', 'standard_text_value': None, 'standard_type': 'Timepoint', 'standard_units': 'hours', 'standard_value': '6.0', 'text_value': None, 'type': 'Timepoint', 'units': 'hours', 'value': '6.0'}]",CHEMBL4725213,Incucyte cell viability with human fibroblast,T,,,BAO_0000179,BAO_0000219,cell-based format,COc1cc(Nc2ncc3c(n2)-c2ccc(Cl)cc2C(c2c(F)cccc2OC)=NC3)ccc1C(=O)O,,,CHEMBL5058564,,2022.0,,,CHEMBL483158,ALISERTIB,CHEMBL483158,,0,,3839705,=,55,0,=,,Growth Rate,,,-0.09,CHEMBL5314315,Homo sapiens,Fibroblast,9606,,,Growth Rate,,,,-0.09,alisertib,removal_axis_candidate,PLK / Aurora / mitotic checkpoint,incucyte cell viability with human fibroblast | t | growth rate | = | fibroblast | homo sapiens | cell-based format | chembl5058564,fibroblast,cell viability|viability,,,weak_or_low_toxicity_signal_gt_50uM,accepted,A_high_confidence_human_normal_like,accepted_normal_like_viability_assay,\bfibroblast\b,cell viability|\bviability\b,,no_quantitative_value
,,24525549,"[{'comments': None, 'relation': '=', 'result_flag': 0, 'standard_relation': '=', 'standard_text_value': None, 'standard_type': 'Compound concentration', 'standard_units': 'uM', 'standard_value': '10.0', 'text_value': None, 'type': 'Compound concentration', 'units': 'uM', 'value': '10.0'}, {'comments': None, 'relation': '=', 'result_flag': 0, 'standard_relation': '=', 'standard_text_value': None, 'standard_type': 'Confluency (%)', 'standard_units': '%', 'standard_value': '11.91', 'text_value': None, 'type': 'Confluency (%)', 'units': '%', 'value': '11.91'}, {'comments': None, 'relation': '=', 'result_flag': 0, 'standard_relation': '=', 'standard_text_value': None, 'standard_type': 'Growth Rate in DMSO (control)', 'standard_units': None, 'standard_value': '1.03', 'text_value': None, 'type': 'Growth Rate in DMSO (control)', 'units': None, 'value': '1.03'}, {'comments': None, 'relation': '=', 'result_flag': 0, 'standard_relation': '=', 'standard_text_value': None, 'standard_type': 'Replicate number', 'standard_units': None, 'standard_value': '1.0', 'text_value': None, 'type': 'Replicate number', 'units': None, 'value': '1.0'}, {'comments': None, 'relation': '=', 'result_flag': 0, 'standard_relation': '=', 'standard_text_value': None, 'standard_type': 'Timepoint', 'standard_units': 'hours', 'standard_value': '12.0', 'text_value': None, 'type': 'Timepoint', 'units': 'hours', 'value': '12.0'}]",CHEMBL4725213,Incucyte cell viability with human fibroblast,T,,,BAO_0000179,BAO_0000219,cell-based format,COc1cc(Nc2ncc3c(n2)-c2ccc(Cl)cc2C(c2c(F)cccc2OC)=NC3)ccc1C(=O)O,,,CHEMBL5058564,,2022.0,,,CHEMBL483158,ALISERTIB,CHEMBL483158,,0,,3839705,=,55,0,=,,Growth Rate,,,-0.79,CHEMBL5314315,Homo sapiens,Fibroblast,9606,,,Growth Rate,,,,-0.79,alisertib,removal_axis_candidate,PLK / Aurora / mitotic checkpoint,incucyte cell viability with human fibroblast | t | growth rate | = | fibroblast | homo sapiens | cell-based format | chembl5058564,fibroblast,cell viability|viability,,,weak_or_low_toxicity_signal_gt_50uM,accepted,A_high_confidence_human_normal_like,accepted_normal_like_viability_assay,\bfibroblast\b,cell viability|\bviability\b,,no_quantitative_value
,,24525864,"[{'comments': None, 'relation': '=', 'result_flag': 0, 'standard_relation': '=', 'standard_text_value': None, 'standard_type': 'Compound concentration', 'standard_units': 'uM', 'standard_value': '10.0', 'text_value': None, 'type': 'Compound concentration', 'units': 'uM', 'value': '10.0'}, {'comments': None, 'relation': '=', 'result_flag': 0, 'standard_relation': '=', 'standard_text_value': None, 'standard_type': 'Confluency (%)', 'standard_units': '%', 'standard_value': '16.59', 'text_value': None, 'type': 'Confluency (%)', 'units': '%', 'value': '16.59'}, {'comments': None, 'relation': '=', 'result_flag': 0, 'standard_relation': '=', 'standard_text_value': None, 'standard_type': 'Growth Rate in DMSO (control)', 'standard_units': None, 'standard_value': '1.06', 'text_value': None, 'type': 'Growth Rate in DMSO (control)', 'units': None, 'value': '1.06'}, {'comments': None, 'relation': '=', 'result_flag': 0, 'standard_relation': '=', 'standard_text_value': None, 'standard_type': 'Replicate number', 'standard_units': None, 'standard_value': '2.0', 'text_value': None, 'type': 'Replicate number', 'units': None, 'value': '2.0'}, {'comments': None, 'relation': '=', 'result_flag': 0, 'standard_relation': '=', 'standard_text_value': None, 'standard_type': 'Timepoint', 'standard_units': 'hours', 'standard_value': '12.0', 'text_value': None, 'type': 'Timepoint', 'units': 'hours', 'value': '12.0'}]",CHEMBL4725213,Incucyte cell viability with human fibroblast,T,,,BAO_0000179,BAO_0000219,cell-based format,COc1cc(Nc2ncc3c(n2)-c2ccc(Cl)cc2C(c2c(F)cccc2OC)=NC3)ccc1C(=O)O,,,CHEMBL5058564,,2022.0,,,CHEMBL483158,ALISERTIB,CHEMBL483158,,0,,3839705,=,55,0,=,,Growth Rate,,,-0.17,CHEMBL5314315,Homo sapiens,Fibroblast,9606,,,Growth Rate,,,,-0.17,alisertib,removal_axis_candidate,PLK / Aurora / mitotic checkpoint,incucyte cell viability with human fibroblast | t | growth rate | = | fibroblast | homo sapiens | cell-based format | chembl5058564,fibroblast,cell viability|viability,,,weak_or_low_toxicity_signal_gt_50uM,accepted,A_high_confidence_human_normal_like,accepted_normal_like_viability_assay,\bfibroblast\b,cell viability|\bviability\b,,no_quantitative_value
,,24527751,"[{'comments': None, 'relation': '=', 'result_flag': 0, 'standard_relation': '=', 'standard_text_value': None, 'standard_type': 'Compound concentration', 'standard_units': 'uM', 'standard_value': '10.0', 'text_value': None, 'type': 'Compound concentration', 'units': 'uM', 'value': '10.0'}, {'comments': None, 'relation': '=', 'result_flag': 0, 'standard_relation': '=', 'standard_text_value': None, 'standard_type': 'Confluency (%)', 'standard_units': '%', 'standard_value': '12.38', 'text_value': None, 'type': 'Confluency (%)', 'units': '%', 'value': '12.38'}, {'comments': None, 'relation': '=', 'result_flag': 0, 'standard_relation': '=', 'standard_text_value': None, 'standard_type': 'Growth Rate in DMSO (control)', 'standard_units': None, 'standard_value': '1.02', 'text_value': None, 'type': 'Growth Rate in DMSO (control)', 'units': None, 'value': '1.02'}, {'comments': None, 'relation': '=', 'result_flag': 0, 'standard_relation': '=', 'standard_text_value': None, 'standard_type': 'Replicate number', 'standard_units': None, 'standard_value': '1.0', 'text_value': None, 'type': 'Replicate number', 'units': None, 'value': '1.0'}, {'comments': None, 'relation': '=', 'result_flag': 0, 'standard_relation': '=', 'standard_text_value': None, 'standard_type': 'Timepoint', 'standard_units': 'hours', 'standard_value': '18.0', 'text_value': None, 'type': 'Timepoint', 'units': 'hours', 'value': '18.0'}]",CHEMBL4725213,Incucyte cell viability with human fibroblast,T,,,BAO_0000179,BAO_0000219,cell-based format,COc1cc(Nc2ncc3c(n2)-c2ccc(Cl)cc2C(c2c(F)cccc2OC)=NC3)ccc1C(=O)O,,,CHEMBL5058564,,2022.0,,,CHEMBL483158,ALISERTIB,CHEMBL483158,,0,,3839705,=,55,0,=,,Growth Rate,,,-0.64,CHEMBL5314315,Homo sapiens,Fibroblast,9606,,,Growth Rate,,,,-0.64,alisertib,removal_axis_candidate,PLK / Aurora / mitotic checkpoint,incucyte cell viability with human fibroblast | t | growth rate | = | fibroblast | homo sapiens | cell-based format | chembl5058564,fibroblast,cell viability|viability,,,weak_or_low_toxicity_signal_gt_50uM,accepted,A_high_confidence_human_normal_like,accepted_normal_like_viability_assay,\bfibroblast\b,cell viability|\bviability\b,,no_quantitative_value
,,24528066,"[{'comments': None, 'relation': '=', 'result_flag': 0, 'standard_relation': '=', 'standard_text_value': None, 'standard_type': 'Compound concentration', 'standard_units': 'uM', 'standard_value': '10.0', 'text_value': None, 'type': 'Compound concentration', 'units': 'uM', 'value': '10.0'}, {'comments': None, 'relation': '=', 'result_flag': 0, 'standard_relation': '=', 'standard_text_value': None, 'standard_type': 'Confluency (%)', 'standard_units': '%', 'standard_value': '16.4', 'text_value': None, 'type': 'Confluency (%)', 'units': '%', 'value': '16.4'}, {'comments': None, 'relation': '=', 'result_flag': 0, 'standard_relation': '=', 'standard_text_value': None, 'standard_type': 'Growth Rate in DMSO (control)', 'standard_units': None, 'standard_value': '1.04', 'text_value': None, 'type': 'Growth Rate in DMSO (control)', 'units': None, 'value': '1.04'}, {'comments': None, 'relation': '=', 'result_flag': 0, 'standard_relation': '=', 'standard_text_value': None, 'standard_type': 'Replicate number', 'standard_units': None, 'standard_value': '2.0', 'text_value': None, 'type': 'Replicate number', 'units': None, 'value': '2.0'}, {'comments': None, 'relation': '=', 'result_flag': 0, 'standard_relation': '=', 'standard_text_value': None, 'standard_type': 'Timepoint', 'standard_units': 'hours', 'standard_value': '18.0', 'text_value': None, 'type': 'Timepoint', 'units': 'hours', 'value': '18.0'}]",CHEMBL4725213,Incucyte cell viability with human fibroblast,T,,,BAO_0000179,BAO_0000219,cell-based format,COc1cc(Nc2ncc3c(n2)-c2ccc(Cl)cc2C(c2c(F)cccc2OC)=NC3)ccc1C(=O)O,,,CHEMBL5058564,,2022.0,,,CHEMBL483158,ALISERTIB,CHEMBL483158,,0,,3839705,=,55,0,=,,Growth Rate,,,-0.13,CHEMBL5314315,Homo sapiens,Fibroblast,9606,,,Growth Rate,,,,-0.13,alisertib,removal_axis_candidate,PLK / Aurora / mitotic checkpoint,incucyte cell viability with human fibroblast | t | growth rate | = | fibroblast | homo sapiens | cell-based format | chembl5058564,fibroblast,cell viability|viability,,,weak_or_low_toxicity_signal_gt_50uM,accepted,A_high_confidence_human_normal_like,accepted_normal_like_viability_assay,\bfibroblast\b,cell viability|\bviability\b,,no_quantitative_value
,,24529952,"[{'comments': None, 'relation': '=', 'result_flag': 0, 'standard_relation': '=', 'standard_text_value': None, 'standard_type': 'Compound concentration', 'standard_units': 'uM', 'standard_value': '10.0', 'text_value': None, 'type': 'Compound concentration', 'units': 'uM', 'value': '10.0'}, {'comments': None, 'relation': '=', 'result_flag': 0, 'standard_relation': '=', 'standard_text_value': None, 'standard_type': 'Confluency (%)', 'standard_units': '%', 'standard_value': '12.44', 'text_value': None, 'type': 'Confluency (%)', 'units': '%', 'value': '12.44'}, {'comments': None, 'relation': '=', 'result_flag': 0, 'standard_relation': '=', 'standard_text_value': None, 'standard_type': 'Growth Rate in DMSO (control)', 'standard_units': None, 'standard_value': '1.04', 'text_value': None, 'type': 'Growth Rate in DMSO (control)', 'units': None, 'value': '1.04'}, {'comments': None, 'relation': '=', 'result_flag': 0, 'standard_relation': '=', 'standard_text_value': None, 'standard_type': 'Replicate number', 'standard_units': None, 'standard_value': '1.0', 'text_value': None, 'type': 'Replicate number', 'units': None, 'value': '1.0'}, {'comments': None, 'relation': '=', 'result_flag': 0, 'standard_relation': '=', 'standard_text_value': None, 'standard_type': 'Timepoint', 'standard_units': 'hours', 'standard_value': '24.0', 'text_value': None, 'type': 'Timepoint', 'units': 'hours', 'value': '24.0'}]",CHEMBL4725213,Incucyte cell viability with human fibroblast,T,,,BAO_0000179,BAO_0000219,cell-based format,COc1cc(Nc2ncc3c(n2)-c2ccc(Cl)cc2C(c2c(F)cccc2OC)=NC3)ccc1C(=O)O,,,CHEMBL5058564,,2022.0,,,CHEMBL483158,ALISERTIB,CHEMBL483158,,0,,3839705,=,55,0,=,,Growth Rate,,,-0.39,CHEMBL5314315,Homo sapiens,Fibroblast,9606,,,Growth Rate,,,,-0.39,alisertib,removal_axis_candidate,PLK / Aurora / mitotic checkpoint,incucyte cell viability with human fibroblast | t | growth rate | = | fibroblast | homo sapiens | cell-based format | chembl5058564,fibroblast,cell viability|viability,,,weak_or_low_toxicity_signal_gt_50uM,accepted,A_high_confidence_human_normal_like,accepted_normal_like_viability_assay,\bfibroblast\b,cell viability|\bviability\b,,no_quantitative_value
,,24530267,"[{'comments': None, 'relation': '=', 'result_flag': 0, 'standard_relation': '=', 'standard_text_value': None, 'standard_type': 'Compound concentration', 'standard_units': 'uM', 'standard_value': '10.0', 'text_value': None, 'type': 'Compound concentration', 'units': 'uM', 'value': '10.0'}, {'comments': None, 'relation': '=', 'result_flag': 0, 'standard_relation': '=', 'standard_text_value': None, 'standard_type': 'Confluency (%)', 'standard_units': '%', 'standard_value': '16.66', 'text_value': None, 'type': 'Confluency (%)', 'units': '%', 'value': '16.66'}, {'comments': None, 'relation': '=', 'result_flag': 0, 'standard_relation': '=', 'standard_text_value': None, 'standard_type': 'Growth Rate in DMSO (control)', 'standard_units': None, 'standard_value': '1.02', 'text_value': None, 'type': 'Growth Rate in DMSO (control)', 'units': None, 'value': '1.02'}, {'comments': None, 'relation': '=', 'result_flag': 0, 'standard_relation': '=', 'standard_text_value': None, 'standard_type': 'Replicate number', 'standard_units': None, 'standard_value': '2.0', 'text_value': None, 'type': 'Replicate number', 'units': None, 'value': '2.0'}, {'comments': None, 'relation': '=', 'result_flag': 0, 'standard_relation': '=', 'standard_text_value': None, 'standard_type': 'Timepoint', 'standard_units': 'hours', 'standard_value': '24.0', 'text_value': None, 'type': 'Timepoint', 'units': 'hours', 'value': '24.0'}]",CHEMBL4725213,Incucyte cell viability with human fibroblast,T,,,BAO_0000179,BAO_0000219,cell-based format,COc1cc(Nc2ncc3c(n2)-c2ccc(Cl)cc2C(c2c(F)cccc2OC)=NC3)ccc1C(=O)O,,,CHEMBL5058564,,2022.0,,,CHEMBL483158,ALISERTIB,CHEMBL483158,,0,,3839705,=,55,0,=,,Growth Rate,,,-0.09,CHEMBL5314315,Homo sapiens,Fibroblast,9606,,,Growth Rate,,,,-0.09,alisertib,removal_axis_candidate,PLK / Aurora / mitotic checkpoint,incucyte cell viability with human fibroblast | t | growth rate | = | fibroblast | homo sapiens | cell-based format | chembl5058564,fibroblast,cell viability|viability,,,weak_or_low_toxicity_signal_gt_50uM,accepted,A_high_confidence_human_normal_like,accepted_normal_like_viability_assay,\bfibroblast\b,cell viability|\bviability\b,,no_quantitative_value
,,26050333,"[{'comments': None, 'relation': '=', 'result_flag': 0, 'standard_relation': '=', 'standard_text_value': None, 'standard_type': 'DOSE_Lower', 'standard_units': 'nM', 'standard_value': '0.2', 'text_value': None, 'type': 'DOSE_Lower', 'units': 'nM', 'value': '0.2'}, {'comments': None, 'relation': '=', 'result_flag': 0, 'standard_relation': '=', 'standard_text_value': None, 'standard_type': 'DOSE_Upper', 'standard_units': 'nM', 'standard_value': '100.0', 'text_value': None, 'type': 'DOSE_Upper', 'units': 'nM', 'value': '100.0'}, {'comments': None, 'relation': '=', 'result_flag': 0, 'standard_relation': '=', 'standard_text_value': None, 'standard_type': 'TIME', 'standard_units': 'hr', 'standard_value': '72.0', 'text_value': None, 'type': 'TIME', 'units': 'hrs', 'value': '72.0'}]",CHEMBL5588804,Cytotoxicity against non-cycling human PBMC cells at 0.2 to 100 nM measured after 72 hrs by CellTiter-Blue assay,T,,,BAO_0000375,BAO_0000219,cell-based format,COc1cc(Nc2ncc3c(n2)-c2ccc(Cl)cc2C(c2c(F)cccc2OC)=NC3)ccc1C(=O)O,,,CHEMBL5584349,J Med Chem,2024.0,,,CHEMBL483158,ALISERTIB,CHEMBL483158,,0,,4096970,,1,0,,Not toxic,Activity,,,,CHEMBL612545,,Unchecked,,Non-Toxic,,Activity,,,,,alisertib,removal_axis_candidate,PLK / Aurora / mitotic checkpoint,cytotoxicity against non-cycling human pbmc cells at 0.2 to 100 nm measured after 72 hrs by celltiter-blue assay | t | activity |  | unchecked |  | cell-based format | chembl5584349,pbmc,cytotoxic|cytotoxicity|celltiter|toxicity,,,weak_or_low_toxicity_signal_gt_50uM,accepted,A_high_confidence_human_normal_like,accepted_normal_like_viability_assay,\bpbmc\b,cytotox|celltiter,,no_quantitative_value
,,18087365,[],CHEMBL4019121,Cytotoxicity against mouse primary hepatocytes assessed as reduction in cell viability at 5 to 20 uM after 24 hrs by MTT assay,A,,,BAO_0000375,BAO_0000219,cell-based format,CCNC(=O)c1noc(-c2cc(C(C)C)c(O)cc2O)c1-c1ccc(CN2CCOCC2)cc1,,,CHEMBL4017501,J Med Chem,2017.0,,,CHEMBL252164,LUMINESPIB,CHEMBL252164,,0,,2998942,,1,0,,Toxic,Activity,,,,CHEMBL3140324,Mus musculus,Hepatocyte,10090,Toxic,,Activity,,,,,NVP-AUY922,removal_axis_candidate,HSP / proteostasis,cytotoxicity against mouse primary hepatocytes assessed as reduction in cell viability at 5 to 20 um after 24 hrs by mtt assay | a | activity |  | hepatocyte | mus musculus | cell-based format | chembl4017501,primary|hepatocyte,cytotoxic|cytotoxicity|cell viability|viability|mtt|toxicity,,,weak_or_low_toxicity_signal_gt_50uM,accepted,A_high_confidence_human_normal_like,accepted_normal_like_viability_assay,\bprimary\b|\bhepatocyte\b|\bmouse\b,cytotox|cell viability|\bviability\b|\bmtt\b,,no_quantitative_value
,,22780262,"[{'comments': None, 'relation': '=', 'result_flag': 0, 'standard_relation': '=', 'standard_text_value': None, 'standard_type': 'DOSE', 'standard_units': 'mg.kg-1', 'standard_value': '10.0', 'text_value': None, 'type': 'Dose', 'units': 'mg/kg', 'value': '10.0'}, {'comments': None, 'relation': '=', 'result_flag': 0, 'standard_relation': '=', 'standard_text_value': None, 'standard_type': 'TIME', 'standard_units': 'hr', 'standard_value': '48.0', 'text_value': None, 'type': 'Time', 'units': 'day', 'value': '2.0'}]",CHEMBL4707055,"Ocular toxicity in Sprague-Dawley rat retina damage model assessed as induction of retinal cell death at 10 mg/kg, iv administered for 2 consecutive days by TUNEL staining based analysis",T,,,BAO_0000375,BAO_0000218,organism-based format,CCNC(=O)c1noc(-c2cc(C(C)C)c(O)cc2O)c1-c1ccc(CN2CCOCC2)cc1,,,CHEMBL4706476,J Med Chem,2016.0,,,CHEMBL252164,LUMINESPIB,CHEMBL252164,,0,,3537176,,1,0,,Toxic,Activity,,,,CHEMBL612558,,ADMET,,Toxic,,Activity,,,,,NVP-AUY922,removal_axis_candidate,HSP / proteostasis,"ocular toxicity in sprague-dawley rat retina damage model assessed as induction of retinal cell death at 10 mg/kg, iv administered for 2 consecutive days by tunel staining based analysis | t | activity |  | admet |  | organism-based format | chembl4706476",,toxicity,,,weak_or_low_toxicity_signal_gt_50uM,accepted,B_supportive_nonhuman_or_normal_like,accepted_normal_like_viability_assay,\brat\b,cell death,,no_quantitative_value
,,23192463,[],CHEMBL4818826,Cytotoxicity against mouse 661W cells by MTT based vision related toxicity assay,A,,,BAO_0000181,BAO_0000219,cell-based format,CCNC(=O)c1noc(-c2cc(C(C)C)c(O)cc2O)c1-c1ccc(CN2CCOCC2)cc1,,,CHEMBL4814073,Eur J Med Chem,2021.0,,,CHEMBL252164,LUMINESPIB,CHEMBL252164,,0,http://www.openphacts.org/units/Micromolar,3606577,=,1,0,=,,Activity,uM,,0.4,CHEMBL4483223,Mus musculus,661W,10090,,,Activity,uM,UO_0000064,,0.4,NVP-AUY922,removal_axis_candidate,HSP / proteostasis,cytotoxicity against mouse 661w cells by mtt based vision related toxicity assay | a | activity | = | 661w | mus musculus | cell-based format | chembl4814073,,cytotoxic|cytotoxicity|mtt|toxicity,,0.4,very_high_toxicity_signal_le_1uM,accepted,B_supportive_nonhuman_or_normal_like,accepted_normal_like_viability_assay,\bmouse\b,cytotox|\bmtt\b,,toxicity_signal
,,26347027,"[{'comments': None, 'relation': '=', 'result_flag': 0, 'standard_relation': '=', 'standard_text_value': None, 'standard_type': 'Compound concentration', 'standard_units': 'uM', 'standard_value': '10.0', 'text_value': None, 'type': 'Compound concentration', 'units': 'uM', 'value': '10.0'}, {'comments': None, 'relation': '=', 'result_flag': 0, 'standard_relation': '=', 'standard_text_value': None, 'standard_type': 'Confluency (%)', 'standard_units': '%', 'standard_value': '13.23', 'text_value': None, 'type': 'Confluency (%)', 'units': '%', 'value': '13.23'}, {'comments': None, 'relation': '=', 'result_flag': 0, 'standard_relation': '=', 'standard_text_value': None, 'standard_type': 'Growth Rate in DMSO (control)', 'standard_units': None, 'standard_value': '1.0', 'text_value': None, 'type': 'Growth Rate in DMSO (control)', 'units': None, 'value': '1.0'}, {'comments': None, 'relation': '=', 'result_flag': 0, 'standard_relation': '=', 'standard_text_value': None, 'standard_type': 'Replicate number', 'standard_units': None, 'standard_value': '1.0', 'text_value': None, 'type': 'Replicate number', 'units': None, 'value': '1.0'}, {'comments': None, 'relation': '=', 'result_flag': 0, 'standard_relation': '=', 'standard_text_value': None, 'standard_type': 'Timepoint', 'standard_units': 'hours', 'standard_value': '24.0', 'text_value': None, 'type': 'Timepoint', 'units': 'hours', 'value': '24.0'}]",CHEMBL4725213,Incucyte cell viability with human fibroblast,T,,,BAO_0000179,BAO_0000219,cell-based format,CCNC(=O)c1noc(-c2cc(C(C)C)c(O)cc2O)c1-c1ccc(CN2CCOCC2)cc1,,,CHEMBL5724709,,2024.0,,,CHEMBL252164,LUMINESPIB,CHEMBL252164,,0,,4142122,=,55,0,=,,Growth Rate,,,-0.02,CHEMBL5314315,Homo sapiens,Fibroblast,9606,,,Growth Rate,,,,-0.02,NVP-AUY922,removal_axis_candidate,HSP / proteostasis,incucyte cell viability with human fibroblast | t | growth rate | = | fibroblast | homo sapiens | cell-based format | chembl5724709,fibroblast,cell viability|viability,,,weak_or_low_toxicity_signal_gt_50uM,accepted,A_high_confidence_human_normal_like,accepted_normal_like_viability_assay,\bfibroblast\b,cell viability|\bviability\b,,no_quantitative_value
,,26347254,"[{'comments': None, 'relation': '=', 'result_flag': 0, 'standard_relation': '=', 'standard_text_value': None, 'standard_type': 'Compound concentration', 'standard_units': 'uM', 'standard_value': '10.0', 'text_value': None, 'type': 'Compound concentration', 'units': 'uM', 'value': '10.0'}, {'comments': None, 'relation': '=', 'result_flag': 0, 'standard_relation': '=', 'standard_text_value': None, 'standard_type': 'Confluency (%)', 'standard_units': '%', 'standard_value': '12.46', 'text_value': None, 'type': 'Confluency (%)', 'units': '%', 'value': '12.46'}, {'comments': None, 'relation': '=', 'result_flag': 0, 'standard_relation': '=', 'standard_text_value': None, 'standard_type': 'Growth Rate in DMSO (control)', 'standard_units': None, 'standard_value': '1.0', 'text_value': None, 'type': 'Growth Rate in DMSO (control)', 'units': None, 'value': '1.0'}, {'comments': None, 'relation': '=', 'result_flag': 0, 'standard_relation': '=', 'standard_text_value': None, 'standard_type': 'Replicate number', 'standard_units': None, 'standard_value': '2.0', 'text_value': None, 'type': 'Replicate number', 'units': None, 'value': '2.0'}, {'comments': None, 'relation': '=', 'result_flag': 0, 'standard_relation': '=', 'standard_text_value': None, 'standard_type': 'Timepoint', 'standard_units': 'hours', 'standard_value': '24.0', 'text_value': None, 'type': 'Timepoint', 'units': 'hours', 'value': '24.0'}]",CHEMBL4725213,Incucyte cell viability with human fibroblast,T,,,BAO_0000179,BAO_0000219,cell-based format,CCNC(=O)c1noc(-c2cc(C(C)C)c(O)cc2O)c1-c1ccc(CN2CCOCC2)cc1,,,CHEMBL5724709,,2024.0,,,CHEMBL252164,LUMINESPIB,CHEMBL252164,,0,,4142122,=,55,0,=,,Growth Rate,,,-0.27,CHEMBL5314315,Homo sapiens,Fibroblast,9606,,,Growth Rate,,,,-0.27,NVP-AUY922,removal_axis_candidate,HSP / proteostasis,incucyte cell viability with human fibroblast | t | growth rate | = | fibroblast | homo sapiens | cell-based format | chembl5724709,fibroblast,cell viability|viability,,,weak_or_low_toxicity_signal_gt_50uM,accepted,A_high_confidence_human_normal_like,accepted_normal_like_viability_assay,\bfibroblast\b,cell viability|\bviability\b,,no_quantitative_value
,,29059072,"[{'comments': None, 'relation': '=', 'result_flag': 0, 'standard_relation': '=', 'standard_text_value': None, 'standard_type': 'TIME', 'standard_units': 'hr', 'standard_value': '96.0', 'text_value': None, 'type': 'TIME', 'units': 'hrs', 'value': '96.0'}]",CHEMBL6072709,Cytotoxicity against human IMR-90 cells assessed as inhibition of cell proliferation incubated for 96 hrs by MTT assay,T,,,BAO_0000190,BAO_0000219,cell-based format,CCNC(=O)c1noc(-c2cc(C(C)C)c(O)cc2O)c1-c1ccc(CN2CCOCC2)cc1,,,CHEMBL6071159,Eur J Med Chem,2024.0,,,CHEMBL252164,LUMINESPIB,CHEMBL252164,5.27,0,http://www.openphacts.org/units/Nanomolar,4659927,=,1,1,=,,IC50,nM,,5410.0,CHEMBL612577,Homo sapiens,IMR-90,9606,,,IC50,uM,UO_0000065,,5.41,NVP-AUY922,removal_axis_candidate,HSP / proteostasis,cytotoxicity against human imr-90 cells assessed as inhibition of cell proliferation incubated for 96 hrs by mtt assay | t | ic50 | = | imr-90 | homo sapiens | cell-based format | chembl6071159,imr-90,cytotoxic|cytotoxicity|proliferation|mtt|toxicity,,5.41,high_toxicity_signal_le_10uM,accepted,A_high_confidence_human_normal_like,accepted_normal_like_viability_assay,\bimr[- ]?90\b,cytotox|proliferation|\bmtt\b,,toxicity_signal
,,29059078,"[{'comments': None, 'relation': '=', 'result_flag': 0, 'standard_relation': '=', 'standard_text_value': None, 'standard_type': 'TIME', 'standard_units': 'hr', 'standard_value': '48.0', 'text_value': None, 'type': 'TIME', 'units': 'hrs', 'value': '48.0'}]",CHEMBL6072710,Cytotoxicity against human IMR-90 cells preincubated 48 hrs with compound followed by 48 incubation in compound free medium by MTT assay,T,,,BAO_0000190,BAO_0000219,cell-based format,CCNC(=O)c1noc(-c2cc(C(C)C)c(O)cc2O)c1-c1ccc(CN2CCOCC2)cc1,,,CHEMBL6071159,Eur J Med Chem,2024.0,,,CHEMBL252164,LUMINESPIB,CHEMBL252164,4.52,0,http://www.openphacts.org/units/Nanomolar,4659927,=,1,1,=,,IC50,nM,,29980.0,CHEMBL612577,Homo sapiens,IMR-90,9606,,,IC50,uM,UO_0000065,,29.98,NVP-AUY922,removal_axis_candidate,HSP / proteostasis,cytotoxicity against human imr-90 cells preincubated 48 hrs with compound followed by 48 incubation in compound free medium by mtt assay | t | ic50 | = | imr-90 | homo sapiens | cell-based format | chembl6071159,imr-90,cytotoxic|cytotoxicity|mtt|toxicity,,29.98,moderate_toxicity_signal_le_50uM,accepted,A_high_confidence_human_normal_like,accepted_normal_like_viability_assay,\bimr[- ]?90\b,cytotox|\bmtt\b,,toxicity_signal
,,18087364,[],CHEMBL4019121,Cytotoxicity against mouse primary hepatocytes assessed as reduction in cell viability at 5 to 20 uM after 24 hrs by MTT assay,A,,,BAO_0000375,BAO_0000219,cell-based format,CO[C@H]1/C=C\C=C(/C)C(=O)NC2=CC(=O)C(NCCN(C)C)=C(C[C@@H](C)C[C@H](OC)[C@H](O)[C@@H](C)/C=C(\C)[C@@H]1OC(N)=O)C2=O,,,CHEMBL4017501,J Med Chem,2017.0,,,CHEMBL383824,ALVESPIMYCIN,CHEMBL383824,,0,,2998941,,1,0,,Toxic,Activity,,,,CHEMBL3140324,Mus musculus,Hepatocyte,10090,Toxic,,Activity,,,,,alvespimycin,removal_axis_candidate,HSP / proteostasis,cytotoxicity against mouse primary hepatocytes assessed as reduction in cell viability at 5 to 20 um after 24 hrs by mtt assay | a | activity |  | hepatocyte | mus musculus | cell-based format | chembl4017501,primary|hepatocyte,cytotoxic|cytotoxicity|cell viability|viability|mtt|toxicity,,,weak_or_low_toxicity_signal_gt_50uM,accepted,A_high_confidence_human_normal_like,accepted_normal_like_viability_assay,\bprimary\b|\bhepatocyte\b|\bmouse\b,cytotox|cell viability|\bviability\b|\bmtt\b,,no_quantitative_value
,Inactive,17896081,[],CHEMBL3991685,"Kinobeads (epsilon), multiple immobilized ATP-competitive broad spectrum kinase inhibitors, used to assess residual binding of ~300 proteins simultaneously from cell lysate in the presence of a compound. Quantitative readout performed by mass spectrometry.",B,,,BAO_0000034,BAO_0000220,subcellular format,Cn1cc(-c2[nH]c3cc(NC(=O)[C@H](N)C4CCCCC4)cc4c3c2C=NNC4=O)cn1,,,CHEMBL3991601,Science,2017.0,,,CHEMBL3990456,,CHEMBL3990456,,0,http://www.openphacts.org/units/Nanomolar,2973511,>,48,1,>,,Kd,nM,,30000.0,CHEMBL5319,Homo sapiens,Epithelial discoidin domain-containing receptor 1,9606,,,Kd apparent,nM,UO_0000065,,30000.0,PF-477736,removal_axis_candidate,CHK / DDR checkpoint,"kinobeads (epsilon), multiple immobilized atp-competitive broad spectrum kinase inhibitors, used to assess residual binding of ~300 proteins simultaneously from cell lysate in the presence of a compound. quantitative readout performed by mass spectrometry. | b | kd | > | epithelial discoidin domain-containing receptor 1 | homo sapiens | subcellular format | chembl3991601",epithelial,atp,,30.0,moderate_toxicity_signal_le_50uM,accepted,A_high_confidence_human_normal_like,accepted_normal_like_viability_assay,\bepithelial\b,\batp\b,,no_toxicity_signal_or_lower_bound
,Active,17903249,"[{'comments': None, 'relation': '=', 'result_flag': 1, 'standard_relation': '=', 'standard_text_value': None, 'standard_type': 'r', 'standard_units': None, 'standard_value': '0.85', 'text_value': None, 'type': 'r', 'units': None, 'value': '0.85'}]",CHEMBL3991717,"Kinobeads (epsilon), multiple immobilized ATP-competitive broad spectrum kinase inhibitors, used to assess residual binding of ~300 proteins simultaneously from cell lysate in the presence of a compound. Quantitative readout performed by mass spectrometry.",B,,,BAO_0000034,BAO_0000220,subcellular format,Cn1cc(-c2[nH]c3cc(NC(=O)[C@H](N)C4CCCCC4)cc4c3c2C=NNC4=O)cn1,,,CHEMBL3991601,Science,2017.0,"{'bei': '16.01', 'le': '0.30', 'lle': '4.23', 'sei': '5.16'}",,CHEMBL3990456,,CHEMBL3990456,6.72,0,http://www.openphacts.org/units/Nanomolar,2973511,=,48,1,=,,Kd,nM,,192.0,CHEMBL3650,Homo sapiens,Fibroblast growth factor receptor 1,9606,,,Kd apparent,nM,UO_0000065,,192.0,PF-477736,removal_axis_candidate,CHK / DDR checkpoint,"kinobeads (epsilon), multiple immobilized atp-competitive broad spectrum kinase inhibitors, used to assess residual binding of ~300 proteins simultaneously from cell lysate in the presence of a compound. quantitative readout performed by mass spectrometry. | b | kd | = | fibroblast growth factor receptor 1 | homo sapiens | subcellular format | chembl3991601",fibroblast,atp,,0.192,very_high_toxicity_signal_le_1uM,accepted,A_high_confidence_human_normal_like,accepted_normal_like_viability_assay,\bfibroblast\b,\batp\b,,toxicity_signal
,Inactive,17919001,[],CHEMBL3991789,"Kinobeads (epsilon), multiple immobilized ATP-competitive broad spectrum kinase inhibitors, used to assess residual binding of ~300 proteins simultaneously from cell lysate in the presence of a compound. Quantitative readout performed by mass spectrometry.",B,,,BAO_0000034,BAO_0000220,subcellular format,Cn1cc(-c2[nH]c3cc(NC(=O)[C@H](N)C4CCCCC4)cc4c3c2C=NNC4=O)cn1,,,CHEMBL3991601,Science,2017.0,,,CHEMBL3990456,,CHEMBL3990456,,0,http://www.openphacts.org/units/Nanomolar,2973511,>,48,1,>,,Kd,nM,,30000.0,CHEMBL3717,Homo sapiens,Hepatocyte growth factor receptor,9606,,,Kd apparent,nM,UO_0000065,,30000.0,PF-477736,removal_axis_candidate,CHK / DDR checkpoint,"kinobeads (epsilon), multiple immobilized atp-competitive broad spectrum kinase inhibitors, used to assess residual binding of ~300 proteins simultaneously from cell lysate in the presence of a compound. quantitative readout performed by mass spectrometry. | b | kd | > | hepatocyte growth factor receptor | homo sapiens | subcellular format | chembl3991601",hepatocyte,atp,,30.0,moderate_toxicity_signal_le_50uM,accepted,A_high_confidence_human_normal_like,accepted_normal_like_viability_assay,\bhepatocyte\b,\batp\b,,no_toxicity_signal_or_lower_bound
,Inactive,17919352,[],CHEMBL3991791,"Kinobeads (epsilon), multiple immobilized ATP-competitive broad spectrum kinase inhibitors, used to assess residual binding of ~300 proteins simultaneously from cell lysate in the presence of a compound. Quantitative readout performed by mass spectrometry.",B,,,BAO_0000034,BAO_0000220,subcellular format,Cn1cc(-c2[nH]c3cc(NC(=O)[C@H](N)C4CCCCC4)cc4c3c2C=NNC4=O)cn1,,,CHEMBL3991601,Science,2017.0,,,CHEMBL3990456,,CHEMBL3990456,,0,http://www.openphacts.org/units/Nanomolar,2973511,>,48,1,>,,Kd,nM,,30000.0,CHEMBL2689,Homo sapiens,Macrophage-stimulating protein receptor,9606,,,Kd apparent,nM,UO_0000065,,30000.0,PF-477736,removal_axis_candidate,CHK / DDR checkpoint,"kinobeads (epsilon), multiple immobilized atp-competitive broad spectrum kinase inhibitors, used to assess residual binding of ~300 proteins simultaneously from cell lysate in the presence of a compound. quantitative readout performed by mass spectrometry. | b | kd | > | macrophage-stimulating protein receptor | homo sapiens | subcellular format | chembl3991601",macrophage,atp,,30.0,moderate_toxicity_signal_le_50uM,accepted,A_high_confidence_human_normal_like,accepted_normal_like_viability_assay,\bmacrophage\b,\batp\b,,no_toxicity_signal_or_lower_bound
,,22871870,"[{'comments': None, 'relation': '=', 'result_flag': 0, 'standard_relation': '=', 'standard_text_value': None, 'standard_type': 'Compound concentration', 'standard_units': 'uM', 'standard_value': '10.0', 'text_value': None, 'type': 'Compound concentration', 'units': 'uM', 'value': '10.0'}, {'comments': None, 'relation': '=', 'result_flag': 0, 'standard_relation': '=', 'standard_text_value': None, 'standard_type': 'Confluency (%)', 'standard_units': '%', 'standard_value': '61.0', 'text_value': None, 'type': 'Confluency (%)', 'units': '%', 'value': '61.0'}, {'comments': None, 'relation': '=', 'result_flag': 0, 'standard_relation': '=', 'standard_text_value': None, 'standard_type': 'Growth Rate in DMSO (control)', 'standard_units': None, 'standard_value': '1.0', 'text_value': None, 'type': 'Growth Rate in DMSO (control)', 'units': None, 'value': '1.0'}, {'comments': None, 'relation': '=', 'result_flag': 0, 'standard_relation': '=', 'standard_text_value': None, 'standard_type': 'Replicate number', 'standard_units': None, 'standard_value': '1.0', 'text_value': None, 'type': 'Replicate number', 'units': None, 'value': '1.0'}, {'comments': None, 'relation': '=', 'result_flag': 0, 'standard_relation': '=', 'standard_text_value': None, 'standard_type': 'Timepoint', 'standard_units': 'hours', 'standard_value': '0.0', 'text_value': None, 'type': 'Timepoint', 'units': 'hours', 'value': '0.0'}]",CHEMBL4725213,Incucyte cell viability with human fibroblast,T,,,BAO_0000179,BAO_0000219,cell-based format,Cn1cc(-c2[nH]c3cc(NC(=O)[C@H](N)C4CCCCC4)cc4c3c2C=NNC4=O)cn1,,,CHEMBL4689842,,2021.0,,,CHEMBL3990456,,CHEMBL3990456,,0,,3526093,=,55,0,=,,Growth Rate,,,0.0,CHEMBL5314315,Homo sapiens,Fibroblast,9606,,,Growth Rate,,,,0.0,PF-477736,removal_axis_candidate,CHK / DDR checkpoint,incucyte cell viability with human fibroblast | t | growth rate | = | fibroblast | homo sapiens | cell-based format | chembl4689842,fibroblast,cell viability|viability,,,weak_or_low_toxicity_signal_gt_50uM,accepted,A_high_confidence_human_normal_like,accepted_normal_like_viability_assay,\bfibroblast\b,cell viability|\bviability\b,,no_quantitative_value
,,22871871,"[{'comments': None, 'relation': '=', 'result_flag': 0, 'standard_relation': '=', 'standard_text_value': None, 'standard_type': 'Compound concentration', 'standard_units': 'uM', 'standard_value': '10.0', 'text_value': None, 'type': 'Compound concentration', 'units': 'uM', 'value': '10.0'}, {'comments': None, 'relation': '=', 'result_flag': 0, 'standard_relation': '=', 'standard_text_value': None, 'standard_type': 'Confluency (%)', 'standard_units': '%', 'standard_value': '22.0', 'text_value': None, 'type': 'Confluency (%)', 'units': '%', 'value': '22.0'}, {'comments': None, 'relation': '=', 'result_flag': 0, 'standard_relation': '=', 'standard_text_value': None, 'standard_type': 'Growth Rate in DMSO (control)', 'standard_units': None, 'standard_value': '1.0', 'text_value': None, 'type': 'Growth Rate in DMSO (control)', 'units': None, 'value': '1.0'}, {'comments': None, 'relation': '=', 'result_flag': 0, 'standard_relation': '=', 'standard_text_value': None, 'standard_type': 'Replicate number', 'standard_units': None, 'standard_value': '2.0', 'text_value': None, 'type': 'Replicate number', 'units': None, 'value': '2.0'}, {'comments': None, 'relation': '=', 'result_flag': 0, 'standard_relation': '=', 'standard_text_value': None, 'standard_type': 'Timepoint', 'standard_units': 'hours', 'standard_value': '0.0', 'text_value': None, 'type': 'Timepoint', 'units': 'hours', 'value': '0.0'}]",CHEMBL4725213,Incucyte cell viability with human fibroblast,T,,,BAO_0000179,BAO_0000219,cell-based format,Cn1cc(-c2[nH]c3cc(NC(=O)[C@H](N)C4CCCCC4)cc4c3c2C=NNC4=O)cn1,,,CHEMBL4689842,,2021.0,,,CHEMBL3990456,,CHEMBL3990456,,0,,3526093,=,55,0,=,,Growth Rate,,,0.0,CHEMBL5314315,Homo sapiens,Fibroblast,9606,,,Growth Rate,,,,0.0,PF-477736,removal_axis_candidate,CHK / DDR checkpoint,incucyte cell viability with human fibroblast | t | growth rate | = | fibroblast | homo sapiens | cell-based format | chembl4689842,fibroblast,cell viability|viability,,,weak_or_low_toxicity_signal_gt_50uM,accepted,A_high_confidence_human_normal_like,accepted_normal_like_viability_assay,\bfibroblast\b,cell viability|\bviability\b,,no_quantitative_value
,,22871888,"[{'comments': None, 'relation': '=', 'result_flag': 0, 'standard_relation': '=', 'standard_text_value': None, 'standard_type': 'Compound concentration', 'standard_units': 'uM', 'standard_value': '10.0', 'text_value': None, 'type': 'Compound concentration', 'units': 'uM', 'value': '10.0'}, {'comments': None, 'relation': '=', 'result_flag': 0, 'standard_relation': '=', 'standard_text_value': None, 'standard_type': 'Confluency (%)', 'standard_units': '%', 'standard_value': '84.0', 'text_value': None, 'type': 'Confluency (%)', 'units': '%', 'value': '84.0'}, {'comments': None, 'relation': '=', 'result_flag': 0, 'standard_relation': '=', 'standard_text_value': None, 'standard_type': 'Growth Rate in DMSO (control)', 'standard_units': None, 'standard_value': '1.0', 'text_value': None, 'type': 'Growth Rate in DMSO (control)', 'units': None, 'value': '1.0'}, {'comments': None, 'relation': '=', 'result_flag': 0, 'standard_relation': '=', 'standard_text_value': None, 'standard_type': 'Replicate number', 'standard_units': None, 'standard_value': '1.0', 'text_value': None, 'type': 'Replicate number', 'units': None, 'value': '1.0'}, {'comments': None, 'relation': '=', 'result_flag': 0, 'standard_relation': '=', 'standard_text_value': None, 'standard_type': 'Timepoint', 'standard_units': 'hours', 'standard_value': '18.0', 'text_value': None, 'type': 'Timepoint', 'units': 'hours', 'value': '18.0'}]",CHEMBL4725213,Incucyte cell viability with human fibroblast,T,,,BAO_0000179,BAO_0000219,cell-based format,Cn1cc(-c2[nH]c3cc(NC(=O)[C@H](N)C4CCCCC4)cc4c3c2C=NNC4=O)cn1,,,CHEMBL4689842,,2021.0,,,CHEMBL3990456,,CHEMBL3990456,,0,,3526093,=,55,0,=,,Growth Rate,,,1.0,CHEMBL5314315,Homo sapiens,Fibroblast,9606,,,Growth Rate,,,,1.0,PF-477736,removal_axis_candidate,CHK / DDR checkpoint,incucyte cell viability with human fibroblast | t | growth rate | = | fibroblast | homo sapiens | cell-based format | chembl4689842,fibroblast,cell viability|viability,,,weak_or_low_toxicity_signal_gt_50uM,accepted,A_high_confidence_human_normal_like,accepted_normal_like_viability_assay,\bfibroblast\b,cell viability|\bviability\b,,no_quantitative_value
,,22871894,"[{'comments': None, 'relation': '=', 'result_flag': 0, 'standard_relation': '=', 'standard_text_value': None, 'standard_type': 'Compound concentration', 'standard_units': 'uM', 'standard_value': '10.0', 'text_value': None, 'type': 'Compound concentration', 'units': 'uM', 'value': '10.0'}, {'comments': None, 'relation': '=', 'result_flag': 0, 'standard_relation': '=', 'standard_text_value': None, 'standard_type': 'Confluency (%)', 'standard_units': '%', 'standard_value': '83.0', 'text_value': None, 'type': 'Confluency (%)', 'units': '%', 'value': '83.0'}, {'comments': None, 'relation': '=', 'result_flag': 0, 'standard_relation': '=', 'standard_text_value': None, 'standard_type': 'Growth Rate in DMSO (control)', 'standard_units': None, 'standard_value': '1.0', 'text_value': None, 'type': 'Growth Rate in DMSO (control)', 'units': None, 'value': '1.0'}, {'comments': None, 'relation': '=', 'result_flag': 0, 'standard_relation': '=', 'standard_text_value': None, 'standard_type': 'Replicate number', 'standard_units': None, 'standard_value': '1.0', 'text_value': None, 'type': 'Replicate number', 'units': None, 'value': '1.0'}, {'comments': None, 'relation': '=', 'result_flag': 0, 'standard_relation': '=', 'standard_text_value': None, 'standard_type': 'Timepoint', 'standard_units': 'hours', 'standard_value': '24.0', 'text_value': None, 'type': 'Timepoint', 'units': 'hours', 'value': '24.0'}]",CHEMBL4725213,Incucyte cell viability with human fibroblast,T,,,BAO_0000179,BAO_0000219,cell-based format,Cn1cc(-c2[nH]c3cc(NC(=O)[C@H](N)C4CCCCC4)cc4c3c2C=NNC4=O)cn1,,,CHEMBL4689842,,2021.0,,,CHEMBL3990456,,CHEMBL3990456,,0,,3526093,=,55,0,=,,Growth Rate,,,1.0,CHEMBL5314315,Homo sapiens,Fibroblast,9606,,,Growth Rate,,,,1.0,PF-477736,removal_axis_candidate,CHK / DDR checkpoint,incucyte cell viability with human fibroblast | t | growth rate | = | fibroblast | homo sapiens | cell-based format | chembl4689842,fibroblast,cell viability|viability,,,weak_or_low_toxicity_signal_gt_50uM,accepted,A_high_confidence_human_normal_like,accepted_normal_like_viability_assay,\bfibroblast\b,cell viability|\bviability\b,,no_quantitative_value
,,22871895,"[{'comments': None, 'relation': '=', 'result_flag': 0, 'standard_relation': '=', 'standard_text_value': None, 'standard_type': 'Compound concentration', 'standard_units': 'uM', 'standard_value': '10.0', 'text_value': None, 'type': 'Compound concentration', 'units': 'uM', 'value': '10.0'}, {'comments': None, 'relation': '=', 'result_flag': 0, 'standard_relation': '=', 'standard_text_value': None, 'standard_type': 'Confluency (%)', 'standard_units': '%', 'standard_value': '33.0', 'text_value': None, 'type': 'Confluency (%)', 'units': '%', 'value': '33.0'}, {'comments': None, 'relation': '=', 'result_flag': 0, 'standard_relation': '=', 'standard_text_value': None, 'standard_type': 'Growth Rate in DMSO (control)', 'standard_units': None, 'standard_value': '1.0', 'text_value': None, 'type': 'Growth Rate in DMSO (control)', 'units': None, 'value': '1.0'}, {'comments': None, 'relation': '=', 'result_flag': 0, 'standard_relation': '=', 'standard_text_value': None, 'standard_type': 'Replicate number', 'standard_units': None, 'standard_value': '2.0', 'text_value': None, 'type': 'Replicate number', 'units': None, 'value': '2.0'}, {'comments': None, 'relation': '=', 'result_flag': 0, 'standard_relation': '=', 'standard_text_value': None, 'standard_type': 'Timepoint', 'standard_units': 'hours', 'standard_value': '24.0', 'text_value': None, 'type': 'Timepoint', 'units': 'hours', 'value': '24.0'}]",CHEMBL4725213,Incucyte cell viability with human fibroblast,T,,,BAO_0000179,BAO_0000219,cell-based format,Cn1cc(-c2[nH]c3cc(NC(=O)[C@H](N)C4CCCCC4)cc4c3c2C=NNC4=O)cn1,,,CHEMBL4689842,,2021.0,,,CHEMBL3990456,,CHEMBL3990456,,0,,3526093,=,55,0,=,,Growth Rate,,,1.0,CHEMBL5314315,Homo sapiens,Fibroblast,9606,,,Growth Rate,,,,1.0,PF-477736,removal_axis_candidate,CHK / DDR checkpoint,incucyte cell viability with human fibroblast | t | growth rate | = | fibroblast | homo sapiens | cell-based format | chembl4689842,fibroblast,cell viability|viability,,,weak_or_low_toxicity_signal_gt_50uM,accepted,A_high_confidence_human_normal_like,accepted_normal_like_viability_assay,\bfibroblast\b,cell viability|\bviability\b,,no_quantitative_value
