drug_key,name,moa,target,n_cell_lines_total,annotation_text,analysis_group,strict_repair,broad_repair,cytotoxic,source_dataset,is_definition_compound
BRD-K04430056-236-02-1,7-nitroindazole,nitric oxide synthase inhibitor,"NOS1, NOS2, NOS3",413,"7-nitroindazole | nitric oxide synthase inhibitor | nos1, nos2, nos3 |  | ",broad repair/protective,False,True,False,PRISM Secondary dose-response,True
BRD-K55462201-001-07-3,AM-404,"cyclooxygenase inhibitor, FAAH inhibitor, TRPV antagonist","CNR1, CNR2, FAAH, TRPV1",250,"am-404 | cyclooxygenase inhibitor, faah inhibitor, trpv antagonist | cnr1, cnr2, faah, trpv1 |  | ",broad repair/protective,False,True,False,PRISM Secondary dose-response,True
BRD-K15025317-001-15-1,BAY-11-7082,NFkB pathway inhibitor,RELA,443,bay-11-7082 | nfkb pathway inhibitor | rela |  | ,broad repair/protective,False,True,False,PRISM Secondary dose-response,True
BRD-K48684885-001-04-2,BAY-11-7085,NFkB pathway inhibitor,NFKBIA,457,bay-11-7085 | nfkb pathway inhibitor | nfkbia |  | ,broad repair/protective,False,True,False,PRISM Secondary dose-response,True
BRD-K13566078-001-02-3,BMS-345541,IKK inhibitor,"CHUK, IKBKB",456,"bms-345541 | ikk inhibitor | chuk, ikbkb |  | ",broad repair/protective,False,True,False,PRISM Secondary dose-response,True
BRD-K68395654-001-03-1,EVP4593,NFkB pathway inhibitor,,465,evp4593 | nfkb pathway inhibitor |  |  | ,broad repair/protective,False,True,False,PRISM Secondary dose-response,True
BRD-K38350380-001-01-8,FK-3311,cyclooxygenase inhibitor,PTGS2,460,fk-3311 | cyclooxygenase inhibitor | ptgs2 |  | ,broad repair/protective,False,True,False,PRISM Secondary dose-response,True
BRD-K30990140-003-02-4,FR-122047,cyclooxygenase inhibitor,,403,fr-122047 | cyclooxygenase inhibitor |  |  | ,broad repair/protective,False,True,False,PRISM Secondary dose-response,True
BRD-K04923131-001-15-4,GSK-3-inhibitor-IX,"glycogen synthase kinase inhibitor, lipoxygenase inhibitor","GSK3A, GSK3B",449,"gsk-3-inhibitor-ix | glycogen synthase kinase inhibitor, lipoxygenase inhibitor | gsk3a, gsk3b |  | ",broad repair/protective,False,True,False,PRISM Secondary dose-response,True
BRD-K14880289-001-02-2,GW-501516,PPAR receptor agonist,"PPARA, PPARD",282,"gw-501516 | ppar receptor agonist | ppara, ppard |  | ",broad repair/protective,False,True,False,PRISM Secondary dose-response,True
BRD-K14618467-001-04-6,IKK-16,IKK inhibitor,IKBKB,462,ikk-16 | ikk inhibitor | ikbkb |  | ,broad repair/protective,False,True,False,PRISM Secondary dose-response,True
BRD-K74305673-001-06-2,IKK-2-inhibitor-V,"IKK inhibitor, NFkB pathway inhibitor",IKBKB,475,"ikk-2-inhibitor-v | ikk inhibitor, nfkb pathway inhibitor | ikbkb |  | ",broad repair/protective,False,True,False,PRISM Secondary dose-response,True
BRD-A53134341-001-03-2,Ro-106-9920,NFkB pathway inhibitor,,468,ro-106-9920 | nfkb pathway inhibitor |  |  | ,broad repair/protective,False,True,False,PRISM Secondary dose-response,True
BRD-K48826825-001-01-8,S26948,PPAR receptor agonist,PPARG,410,s26948 | ppar receptor agonist | pparg |  | ,broad repair/protective,False,True,False,PRISM Secondary dose-response,True
BRD-K51575138-001-13-2,TPCA-1,IKK inhibitor,IKBKB,463,tpca-1 | ikk inhibitor | ikbkb |  | ,broad repair/protective,False,True,False,PRISM Secondary dose-response,True
BRD-K46585355-001-14-3,acetylsalicylsalicylic-acid,cyclooxygenase inhibitor,,441,acetylsalicylsalicylic-acid | cyclooxygenase inhibitor |  |  | ,broad repair/protective,False,True,False,PRISM Secondary dose-response,True
BRD-K82122102-323-01-1,amfenac,cyclooxygenase inhibitor,"PTGS1, PTGS2",452,"amfenac | cyclooxygenase inhibitor | ptgs1, ptgs2 | neurology/psychiatry | pain relief",broad repair/protective,False,True,False,PRISM Secondary dose-response,True
BRD-K11433652-001-17-0,aspirin,cyclooxygenase inhibitor,"AKR1C1, ASIC3, EDNRA, HSPA5, IKBKB, NFKB1, NFKB2, NFKBIA, PRKAA1, PRKAA2, PRKAB1, PRKAB2, PRKAG1, PRKAG2, PRKAG3, PTGS1, PTGS2, RPS6KA3, TP53",412,"aspirin | cyclooxygenase inhibitor | akr1c1, asic3, ednra, hspa5, ikbkb, nfkb1, nfkb2, nfkbia, prkaa1, prkaa2, prkab1, prkab2, prkag1, prkag2, prkag3, ptgs1, ptgs2, rps6ka3, tp53 | neurology/psychiatry, endocrinology, dental | headache, fever, toothache, muscle pain",broad repair/protective,False,True,False,PRISM Secondary dose-response,True
BRD-K36269323-300-02-6,asymmetrical-dimethylarginine,nitric oxide synthase inhibitor,"NOS2, NOS3",446,"asymmetrical-dimethylarginine | nitric oxide synthase inhibitor | nos2, nos3 |  | ",broad repair/protective,False,True,False,PRISM Secondary dose-response,True
BRD-K72327355-001-14-7,baicalein,lipoxygenase inhibitor,"ALOX5, GLO1, PREP, SELL, SELP, TNF, XDH",441,"baicalein | lipoxygenase inhibitor | alox5, glo1, prep, sell, selp, tnf, xdh |  | ",broad repair/protective,False,True,False,PRISM Secondary dose-response,True
BRD-K97810537-001-13-6,beclomethasone-dipropionate,glucocorticoid receptor agonist,"GPR97, NR3C1",404,"beclomethasone-dipropionate | glucocorticoid receptor agonist | gpr97, nr3c1 | allergy | allergic rhinitis",broad repair/protective,False,True,False,PRISM Secondary dose-response,True
BRD-A02180903-001-04-5,betamethasone,glucocorticoid receptor agonist,NR3C1,402,betamethasone | glucocorticoid receptor agonist | nr3c1 | dermatology | corticosteroid-responsive dermatoses,broad repair/protective,False,True,False,PRISM Secondary dose-response,True
BRD-K58148589-001-03-6,betamethasone-dipropionate,anti-inflammatory agent,,452,betamethasone-dipropionate | anti-inflammatory agent |  | dermatology | corticosteroid-responsive dermatoses,broad repair/protective,False,True,False,PRISM Secondary dose-response,True
BRD-K36467523-001-02-8,bindarit,NFkB pathway inhibitor,"CCL2, CCL7, CCL8",402,"bindarit | nfkb pathway inhibitor | ccl2, ccl7, ccl8 |  | ",broad repair/protective,False,True,False,PRISM Secondary dose-response,True
BRD-K09900591-001-26-7,caffeic-acid,"HIV integrase inhibitor, lipoxygenase inhibitor, nitric oxide production inhibitor, tumor necrosis factor production inhibitor","ALOX5, MIF",433,"caffeic-acid | hiv integrase inhibitor, lipoxygenase inhibitor, nitric oxide production inhibitor, tumor necrosis factor production inhibitor | alox5, mif |  | ",broad repair/protective,False,True,False,PRISM Secondary dose-response,True
BRD-K35245662-001-01-2,ciclesonide,glucocorticoid receptor agonist,"NR3C1, SERPINA6",407,"ciclesonide | glucocorticoid receptor agonist | nr3c1, serpina6 | allergy | allergic rhinitis",broad repair/protective,False,True,False,PRISM Secondary dose-response,True
BRD-A49358627-001-14-6,ciprofibrate,PPAR receptor agonist,PPARA,410,ciprofibrate | ppar receptor agonist | ppara | endocrinology | hyperlipidemia,broad repair/protective,False,True,False,PRISM Secondary dose-response,True
BRD-K10799896-001-26-2,clobetasol-propionate,glucocorticoid receptor agonist,"NR3C1, PLA2G1B",424,"clobetasol-propionate | glucocorticoid receptor agonist | nr3c1, pla2g1b | dermatology | corticosteroid-responsive dermatoses",broad repair/protective,False,True,False,PRISM Secondary dose-response,True
BRD-K38003476-001-09-1,clocortolone-pivalate,steroid,"NR3C1, PLA2G1B",236,"clocortolone-pivalate | steroid | nr3c1, pla2g1b | dermatology | corticosteroid-responsive dermatoses",broad repair/protective,False,True,False,PRISM Secondary dose-response,True
BRD-K45252063-001-13-6,clofibrate,PPAR receptor agonist,"LPL, PPARA",351,"clofibrate | ppar receptor agonist | lpl, ppara | endocrinology, cardiology | hyperlipidemia, cholesterol",broad repair/protective,False,True,False,PRISM Secondary dose-response,True
BRD-K07572174-001-39-4,curcumin,"cyclooxygenase inhibitor, histone acetyltransferase inhibitor, lipoxygenase inhibitor, NFkB pathway inhibitor","APP, CA1, CA12, CA14, CA2, CA4, CA6, CA9, CYP3A4, DNMT3B, EP300, MMP13, MMP9, NOS2, PTGS1, PTGS2, XDH",457,"curcumin | cyclooxygenase inhibitor, histone acetyltransferase inhibitor, lipoxygenase inhibitor, nfkb pathway inhibitor | app, ca1, ca12, ca14, ca2, ca4, ca6, ca9, cyp3a4, dnmt3b, ep300, mmp13, mmp9, nos2, ptgs1, ptgs2, xdh |  | ",broad repair/protective,False,True,False,PRISM Secondary dose-response,True
BRD-K96006502-001-02-6,deflazacort,glucocorticoid receptor agonist,NR3C1,438,deflazacort | glucocorticoid receptor agonist | nr3c1 | rheumatology | joint inflammation,broad repair/protective,False,True,False,PRISM Secondary dose-response,True
BRD-K21528677-001-02-8,desonide,glucocorticoid receptor agonist,"NR3C1, PLA2G1B",450,"desonide | glucocorticoid receptor agonist | nr3c1, pla2g1b | gastroenterology | crohn's disease",broad repair/protective,False,True,False,PRISM Secondary dose-response,True
BRD-K47635719-001-21-1,dexamethasone-acetate,glucocorticoid receptor agonist,,348,"dexamethasone-acetate | glucocorticoid receptor agonist |  | endocrinology, rheumatology, allergy, gastroenterology, hematology, neurology/psychiatry, dermatology | hypercalcemia, rheumatoid arthritis, psoriatic arthritis, osteoarthritis, allergic rhinitis, ulcerative colitis, anemia, multiple sclerosis, enteritis, lupus, dermatitis herpetiformis (dh), nephrotic syndrome, psoriasis",broad repair/protective,False,True,False,PRISM Secondary dose-response,True
BRD-K33720171-001-01-0,difluprednate,glucocorticoid receptor agonist,NR3C1,463,difluprednate | glucocorticoid receptor agonist | nr3c1 | ophthalmology | endogenous uveitis,broad repair/protective,False,True,False,PRISM Secondary dose-response,True
BRD-K65814004-003-02-9,diphenyleneiodonium,nitric oxide synthase inhibitor,"NOS2, NOS3",448,"diphenyleneiodonium | nitric oxide synthase inhibitor | nos2, nos3 |  | ",broad repair/protective,False,True,False,PRISM Secondary dose-response,True
BRD-K50388907-001-30-4,fenofibrate,PPAR receptor agonist,"MMP25, PPARA",445,"fenofibrate | ppar receptor agonist | mmp25, ppara | endocrinology | hypercholesterolemia, hypertriglyceridemia",broad repair/protective,False,True,False,PRISM Secondary dose-response,True
BRD-A49765801-001-04-1,fludroxycortide,glucocorticoid receptor agonist,"NR3C1, SERPINA6",435,"fludroxycortide | glucocorticoid receptor agonist | nr3c1, serpina6 | infectious disease, dermatology | skin infections, psoriasis",broad repair/protective,False,True,False,PRISM Secondary dose-response,True
BRD-K61496577-001-20-2,flumethasone,glucocorticoid receptor agonist,"NR3C1, PLA2G1B",445,"flumethasone | glucocorticoid receptor agonist | nr3c1, pla2g1b | dermatology | corticosteroid-responsive dermatoses",broad repair/protective,False,True,False,PRISM Secondary dose-response,True
BRD-A50064262-001-04-7,flumethasone-pivalate,glucocorticoid receptor agonist,"NR3C1, SERPINA6",416,"flumethasone-pivalate | glucocorticoid receptor agonist | nr3c1, serpina6 |  | ",broad repair/protective,False,True,False,PRISM Secondary dose-response,True
BRD-K94353609-001-21-6,fluocinolone-acetonide,glucocorticoid receptor agonist,"NR3C1, SERPINA6",439,"fluocinolone-acetonide | glucocorticoid receptor agonist | nr3c1, serpina6 | dermatology | seborrheic dermatitis",broad repair/protective,False,True,False,PRISM Secondary dose-response,True
BRD-A13133631-001-04-0,fluorometholone,glucocorticoid receptor agonist,NR3C1,435,fluorometholone | glucocorticoid receptor agonist | nr3c1 | ophthalmology | eye inflammation,broad repair/protective,False,True,False,PRISM Secondary dose-response,True
BRD-K62310379-001-10-5,fluticasone-propionate,glucocorticoid receptor agonist,"NR3C1, NR3C2, PGR, PLA2G4A",378,"fluticasone-propionate | glucocorticoid receptor agonist | nr3c1, nr3c2, pgr, pla2g4a | dermatology | corticosteroid-responsive dermatoses",broad repair/protective,False,True,False,PRISM Secondary dose-response,True
BRD-A88138582-001-04-8,halcinonide,glucocorticoid receptor agonist,NR3C1,413,halcinonide | glucocorticoid receptor agonist | nr3c1 | dermatology | corticosteroid-responsive dermatoses,broad repair/protective,False,True,False,PRISM Secondary dose-response,True
BRD-K65877271-001-01-8,halobetasol-propionate,glucocorticoid receptor agonist,"NR3C1, PLA2G1B",449,"halobetasol-propionate | glucocorticoid receptor agonist | nr3c1, pla2g1b | dermatology | corticosteroid-responsive dermatoses",broad repair/protective,False,True,False,PRISM Secondary dose-response,True
BRD-A51571244-001-01-9,hypoestoxide,IKK inhibitor,"IKBKB, IL1B, TNF",370,"hypoestoxide | ikk inhibitor | ikbkb, il1b, tnf |  | ",broad repair/protective,False,True,False,PRISM Secondary dose-response,True
BRD-A44090213-001-25-6,indoprofen,"cyclooxygenase inhibitor, prostanoid receptor antagonist","CXCR1, CXCR2, PTGS1, PTGS2",458,"indoprofen | cyclooxygenase inhibitor, prostanoid receptor antagonist | cxcr1, cxcr2, ptgs1, ptgs2 |  | ",broad repair/protective,False,True,False,PRISM Secondary dose-response,True
BRD-A97739905-001-26-5,ketoprofen,cyclooxygenase inhibitor,"CXCR1, PTGS1, PTGS2, SLC5A8",434,"ketoprofen | cyclooxygenase inhibitor | cxcr1, ptgs1, ptgs2, slc5a8 | rheumatology | rheumatoid arthritis, osteoarthritis",broad repair/protective,False,True,False,PRISM Secondary dose-response,True
BRD-A84174393-236-07-1,meloxicam,cyclooxygenase inhibitor,"PTGS1, PTGS2",434,"meloxicam | cyclooxygenase inhibitor | ptgs1, ptgs2 | rheumatology | osteoarthritis, rheumatoid arthritis",broad repair/protective,False,True,False,PRISM Secondary dose-response,True
BRD-K35240538-001-26-2,methylprednisolone,glucocorticoid receptor agonist,NR3C1,398,"methylprednisolone | glucocorticoid receptor agonist | nr3c1 | endocrinology, rheumatology, dermatology, infectious disease, allergy, hematology, neurology/psychiatry, gastroenterology | hypercalcemia, thyroiditis, ankylosing spondylitis, bursitis, osteoarthritis, psoriatic arthritis, seborrheic dermatitis, mycosis, allergic rhinitis, psoriasis, anemia, multiple sclerosis, ulcerative colitis, enteritis",broad repair/protective,False,True,False,PRISM Secondary dose-response,True
BRD-A71725768-001-01-3,metoxibutropate,cyclooxygenase inhibitor,"PTGS1, PTGS2",400,"metoxibutropate | cyclooxygenase inhibitor | ptgs1, ptgs2 |  | ",broad repair/protective,False,True,False,PRISM Secondary dose-response,True
BRD-K59197931-001-04-5,naproxen,cyclooxygenase inhibitor,"PTGS1, PTGS2",292,"naproxen | cyclooxygenase inhibitor | ptgs1, ptgs2 | neurology/psychiatry, rheumatology, dental, otolaryngology, endocrinology | pain relief, rheumatoid arthritis, headache, toothache, backache, muscle pain, common cold, fever",broad repair/protective,False,True,False,PRISM Secondary dose-response,True
BRD-K66956375-001-11-3,oleoylethanolamide,"cannabinoid receptor agonist, glucose dependent insulinotropic receptor agonist, potassium channel blocker, PPAR receptor agonist","CNR1, GPR119, GPR55, PPARA",400,"oleoylethanolamide | cannabinoid receptor agonist, glucose dependent insulinotropic receptor agonist, potassium channel blocker, ppar receptor agonist | cnr1, gpr119, gpr55, ppara |  | ",broad repair/protective,False,True,False,PRISM Secondary dose-response,True
BRD-K98548675-001-05-9,parthenolide,NFkB pathway inhibitor,,396,parthenolide | nfkb pathway inhibitor |  |  | ,broad repair/protective,False,True,False,PRISM Secondary dose-response,True
BRD-K34851558-001-02-3,parthenolide-(-),NFkB pathway inhibitor,HDAC1,456,parthenolide-(-) | nfkb pathway inhibitor | hdac1 |  | ,broad repair/protective,False,True,False,PRISM Secondary dose-response,True
BRD-K46937689-001-15-0,phenazone,cyclooxygenase inhibitor,"PTGS1, PTGS2",393,"phenazone | cyclooxygenase inhibitor | ptgs1, ptgs2 | neurology/psychiatry | pain relief",broad repair/protective,False,True,False,PRISM Secondary dose-response,True
BRD-K10843433-001-22-7,phenylbutazone,"cyclooxygenase inhibitor, prostanoid receptor antagonist","PTGIS, PTGS1, PTGS2",402,"phenylbutazone | cyclooxygenase inhibitor, prostanoid receptor antagonist | ptgis, ptgs1, ptgs2 |  | ",broad repair/protective,False,True,False,PRISM Secondary dose-response,True
BRD-K87990216-001-10-2,piretanide,glucocorticoid receptor agonist,"SLC12A1, SLC12A2",433,"piretanide | glucocorticoid receptor agonist | slc12a1, slc12a2 | cardiology | hypertension, edema",broad repair/protective,False,True,False,PRISM Secondary dose-response,True
BRD-A57382968-001-29-0,piroxicam,cyclooxygenase inhibitor,"PTGS1, PTGS2",415,"piroxicam | cyclooxygenase inhibitor | ptgs1, ptgs2 | rheumatology | osteoarthritis, rheumatoid arthritis",broad repair/protective,False,True,False,PRISM Secondary dose-response,True
BRD-A12994259-001-02-1,pomalidomide,"angiogenesis inhibitor, tumor necrosis factor production inhibitor","CRBN, PTGS2, TNF",414,"pomalidomide | angiogenesis inhibitor, tumor necrosis factor production inhibitor | crbn, ptgs2, tnf | hematologic malignancy | multiple myeloma",broad repair/protective,False,True,False,PRISM Secondary dose-response,True
BRD-A27887842-001-04-0,prednisolone,glucocorticoid receptor agonist,"NR3C1, NR3C2, SERPINA6",391,"prednisolone | glucocorticoid receptor agonist | nr3c1, nr3c2, serpina6 | ophthalmology, dermatology, infectious disease | conjunctivitis, rosacea, punctate keratitis, shingles, iritis, cyclitis",broad repair/protective,False,True,False,PRISM Secondary dose-response,True
BRD-A01643550-001-04-9,prednisolone-acetate,glucocorticoid receptor agonist,NR3C1,398,"prednisolone-acetate | glucocorticoid receptor agonist | nr3c1 | ophthalmology, dermatology, infectious disease | conjunctivitis, rosacea, punctate keratitis, shingles, iritis, cyclitis",broad repair/protective,False,True,False,PRISM Secondary dose-response,True
BRD-A78391468-001-02-8,prednisolone-hemisuccinate,glucocorticoid receptor agonist,NR3C1,455,prednisolone-hemisuccinate | glucocorticoid receptor agonist | nr3c1 |  | ,broad repair/protective,False,True,False,PRISM Secondary dose-response,True
BRD-A53151380-001-01-2,prednisolone-tebutate,anti-inflammatory agent,,299,prednisolone-tebutate | anti-inflammatory agent |  |  | ,broad repair/protective,False,True,False,PRISM Secondary dose-response,True
BRD-K53097745-001-01-5,pterostilbene,"cyclooxygenase inhibitor, PPAR receptor agonist",PTGS2,380,"pterostilbene | cyclooxygenase inhibitor, ppar receptor agonist | ptgs2 |  | ",broad repair/protective,False,True,False,PRISM Secondary dose-response,True
BRD-K85333151-003-13-4,ramifenazone,cyclooxygenase inhibitor,,382,"ramifenazone | cyclooxygenase inhibitor |  | neurology/psychiatry, endocrinology | pain relief, fever",broad repair/protective,False,True,False,PRISM Secondary dose-response,True
BRD-K31627533-001-09-5,rimexolone,glucocorticoid receptor agonist,"NR3C1, SERPINA6",420,"rimexolone | glucocorticoid receptor agonist | nr3c1, serpina6 | ophthalmology | anterior uveitis",broad repair/protective,False,True,False,PRISM Secondary dose-response,True
BRD-K03384561-001-02-7,roquinimex,"angiogenesis inhibitor, tumor necrosis factor production inhibitor",,408,"roquinimex | angiogenesis inhibitor, tumor necrosis factor production inhibitor |  |  | ",broad repair/protective,False,True,False,PRISM Secondary dose-response,True
BRD-K10670311-001-15-5,sulfasalazine,cyclooxygenase inhibitor,"ACAT1, ALOX5, CHUK, IKBKB, PLA2G1B, PPARG, PTGS1, PTGS2, SLC46A1, SLC7A11, TBXAS1",402,"sulfasalazine | cyclooxygenase inhibitor | acat1, alox5, chuk, ikbkb, pla2g1b, pparg, ptgs1, ptgs2, slc46a1, slc7a11, tbxas1 | gastroenterology | ulcerative colitis",broad repair/protective,False,True,False,PRISM Secondary dose-response,True
BRD-K78815826-001-14-6,suxibuzone,cyclooxygenase inhibitor,,454,"suxibuzone | cyclooxygenase inhibitor |  | rheumatology, neurology/psychiatry | joint pain, muscle pain",broad repair/protective,False,True,False,PRISM Secondary dose-response,True
BRD-K89714990-001-01-5,tepoxalin,"cyclooxygenase inhibitor, lipoxygenase inhibitor",ALOX5,479,"tepoxalin | cyclooxygenase inhibitor, lipoxygenase inhibitor | alox5 | rheumatology, orthopedics | rheumatoid arthritis, hip dysplasia",broad repair/protective,False,True,False,PRISM Secondary dose-response,True
BRD-K77554836-001-11-6,triamcinolone,glucocorticoid receptor agonist,"NR3C1, SERPINA6",426,"triamcinolone | glucocorticoid receptor agonist | nr3c1, serpina6 | dermatology | corticosteroid-responsive dermatoses",broad repair/protective,False,True,False,PRISM Secondary dose-response,True
BRD-A92439610-001-05-7,triamcinolone-acetonide,"glucocorticoid receptor agonist, immunosuppressant",NR3C1,325,"triamcinolone-acetonide | glucocorticoid receptor agonist, immunosuppressant | nr3c1 | dermatology | corticosteroid-responsive dermatoses",broad repair/protective,False,True,False,PRISM Secondary dose-response,True
BRD-K76973696-001-12-6,tryptanthrin,cyclooxygenase inhibitor,IDO1,474,tryptanthrin | cyclooxygenase inhibitor | ido1 |  | ,broad repair/protective,False,True,False,PRISM Secondary dose-response,True
BRD-U25960968-000-01-9,tyloxapol,NFkB pathway inhibitor,"LPL, NFKB2",301,"tyloxapol | nfkb pathway inhibitor | lpl, nfkb2 |  | ",broad repair/protective,False,True,False,PRISM Secondary dose-response,True
BRD-K63784565-001-06-2,10-hydroxycamptothecin,topoisomerase inhibitor,TOP1,462,10-hydroxycamptothecin | topoisomerase inhibitor | top1 |  | ,cytotoxic/removal-like,False,False,True,PRISM Secondary dose-response,True
BRD-K61734568-003-02-1,"2,3-DCPE",Bcl-XL downregulator,BCL2L1,448,"2,3-dcpe | bcl-xl downregulator | bcl2l1 |  | ",cytotoxic/removal-like,False,False,True,PRISM Secondary dose-response,True
BRD-K08703257-001-12-1,3-amino-benzamide,PARP inhibitor,PARP1,361,3-amino-benzamide | parp inhibitor | parp1 |  | ,cytotoxic/removal-like,False,False,True,PRISM Secondary dose-response,True
BRD-K08703257-001-13-9,3-amino-benzamide,PARP inhibitor,PARP1,417,3-amino-benzamide | parp inhibitor | parp1 |  | ,cytotoxic/removal-like,False,False,True,PRISM Secondary dose-response,True
BRD-K56301217-001-07-4,ABT-737,BCL inhibitor,"BCL2, BCL2L1, BCL2L2",454,"abt-737 | bcl inhibitor | bcl2, bcl2l1, bcl2l2 |  | ",cytotoxic/removal-like,False,False,True,PRISM Secondary dose-response,True
BRD-K91623615-001-05-0,ABT-751,tubulin polymerization inhibitor,TUBB,463,abt-751 | tubulin polymerization inhibitor | tubb |  | ,cytotoxic/removal-like,False,False,True,PRISM Secondary dose-response,True
BRD-K00615600-001-12-9,AG-14361,PARP inhibitor,PARP1,413,ag-14361 | parp inhibitor | parp1 |  | ,cytotoxic/removal-like,False,False,True,PRISM Secondary dose-response,True
BRD-K64925568-001-01-8,AMG-232,MDM inhibitor,MDM2,438,amg-232 | mdm inhibitor | mdm2 |  | ,cytotoxic/removal-like,False,False,True,PRISM Secondary dose-response,True
BRD-K85014146-001-02-5,AZD2461,PARP inhibitor,,451,azd2461 | parp inhibitor |  |  | ,cytotoxic/removal-like,False,False,True,PRISM Secondary dose-response,True
BRD-K20468903-001-01-6,BNC105,tubulin polymerization inhibitor,,468,bnc105 | tubulin polymerization inhibitor |  |  | ,cytotoxic/removal-like,False,False,True,PRISM Secondary dose-response,True
BRD-K59929863-001-01-9,CB-10-277,DNA synthesis inhibitor,,428,cb-10-277 | dna synthesis inhibitor |  |  | ,cytotoxic/removal-like,False,False,True,PRISM Secondary dose-response,True
BRD-K79584249-001-01-3,CGM097,MDM inhibitor,MDM2,425,cgm097 | mdm inhibitor | mdm2 |  | ,cytotoxic/removal-like,False,False,True,PRISM Secondary dose-response,True
BRD-K23363278-001-02-1,CYT-997,tubulin polymerization inhibitor,TUBB,468,cyt-997 | tubulin polymerization inhibitor | tubb |  | ,cytotoxic/removal-like,False,False,True,PRISM Secondary dose-response,True
BRD-K26997899-001-02-2,D-64131,microtubule inhibitor,TUBB,418,d-64131 | microtubule inhibitor | tubb |  | ,cytotoxic/removal-like,False,False,True,PRISM Secondary dose-response,True
BRD-K05444225-001-01-7,E7449,PARP inhibitor,"PARP1, PARP2, TNKS, TNKS2",461,"e7449 | parp inhibitor | parp1, parp2, tnks, tnks2 |  | ",cytotoxic/removal-like,False,False,True,PRISM Secondary dose-response,True
BRD-K18163608-001-05-6,HA14-1,BCL inhibitor,BCL2,442,ha14-1 | bcl inhibitor | bcl2 |  | ,cytotoxic/removal-like,False,False,True,PRISM Secondary dose-response,True
BRD-K29968218-001-03-2,KX2-391,"src inhibitor, tubulin polymerization inhibitor",SRC,452,"kx2-391 | src inhibitor, tubulin polymerization inhibitor | src |  | ",cytotoxic/removal-like,False,False,True,PRISM Secondary dose-response,True
BRD-K60230970-001-17-5,MG-132,proteasome inhibitor,PSMB1,462,mg-132 | proteasome inhibitor | psmb1 |  | ,cytotoxic/removal-like,False,False,True,PRISM Secondary dose-response,True
BRD-K99170882-001-04-3,NSC-319726,p53 activator,,458,nsc-319726 | p53 activator |  |  | ,cytotoxic/removal-like,False,False,True,PRISM Secondary dose-response,True
BRD-K60446698-001-01-2,ONX-0914,proteasome inhibitor,,463,onx-0914 | proteasome inhibitor |  |  | ,cytotoxic/removal-like,False,False,True,PRISM Secondary dose-response,True
BRD-K92991072-001-04-9,PAC-1,caspase activator,CASP3,454,pac-1 | caspase activator | casp3 |  | ,cytotoxic/removal-like,False,False,True,PRISM Secondary dose-response,True
BRD-A93477898-001-04-2,PETCM,caspase activator,CASP3,444,petcm | caspase activator | casp3 |  | ,cytotoxic/removal-like,False,False,True,PRISM Secondary dose-response,True
BRD-K11853856-001-01-7,PJ-34,PARP inhibitor,"EEF2, PARP1, PARP15, PARP3",440,"pj-34 | parp inhibitor | eef2, parp1, parp15, parp3 |  | ",cytotoxic/removal-like,False,False,True,PRISM Secondary dose-response,True
BRD-K00317371-001-06-1,RITA,MDM inhibitor,MDM2,454,rita | mdm inhibitor | mdm2 |  | ,cytotoxic/removal-like,False,False,True,PRISM Secondary dose-response,True
BRD-K89561498-001-01-7,SN-38,topoisomerase inhibitor,TOP1,320,sn-38 | topoisomerase inhibitor | top1 | oncology | colorectal cancer,cytotoxic/removal-like,False,False,True,PRISM Secondary dose-response,True
BRD-K09426783-300-01-0,TAS-103,topoisomerase inhibitor,TOP1,446,tas-103 | topoisomerase inhibitor | top1 |  | ,cytotoxic/removal-like,False,False,True,PRISM Secondary dose-response,True
BRD-K20958582-001-01-4,TH-302,DNA alkylating agent,,399,th-302 | dna alkylating agent |  |  | ,cytotoxic/removal-like,False,False,True,PRISM Secondary dose-response,True
BRD-K28360340-001-08-3,TW-37,BCL inhibitor,"BCL2, BCL2L1, MCL1",462,"tw-37 | bcl inhibitor | bcl2, bcl2l1, mcl1 |  | ",cytotoxic/removal-like,False,False,True,PRISM Secondary dose-response,True
BRD-K26712974-001-01-5,VX-765,caspase inhibitor,CASP1,456,vx-765 | caspase inhibitor | casp1 |  | ,cytotoxic/removal-like,False,False,True,PRISM Secondary dose-response,True
BRD-K79131256-001-17-9,albendazole,tubulin polymerization inhibitor,"TUBA1A, TUBB, TUBB4B",442,"albendazole | tubulin polymerization inhibitor | tuba1a, tubb, tubb4b | infectious disease | cystic hydatid disease, parenchymal neurocysticercosis",cytotoxic/removal-like,False,False,True,PRISM Secondary dose-response,True
BRD-K67043667-001-26-4,altretamine,DNA synthesis inhibitor,,167,altretamine | dna synthesis inhibitor |  | oncology | ovarian cancer,cytotoxic/removal-like,False,False,True,PRISM Secondary dose-response,True
BRD-K56334280-001-05-1,amonafide,topoisomerase inhibitor,"TOP2A, TOP2B",460,"amonafide | topoisomerase inhibitor | top2a, top2b |  | ",cytotoxic/removal-like,False,False,True,PRISM Secondary dose-response,True
BRD-K68346641-001-01-4,amsacrine,topoisomerase inhibitor,"KCNH2, TOP2A",421,"amsacrine | topoisomerase inhibitor | kcnh2, top2a | hematologic malignancy | acute lymphoblastic leukemia (all), acute lymphoblastic leukemia (all)",cytotoxic/removal-like,False,False,True,PRISM Secondary dose-response,True
BRD-K91370081-001-25-1,anisomycin,DNA synthesis inhibitor,"NHP2L1, RPL10L, RPL11, RPL13A, RPL15, RPL19, RPL23, RPL23A, RPL26L1, RPL3, RPL37, RPL8, RSL24D1",468,"anisomycin | dna synthesis inhibitor | nhp2l1, rpl10l, rpl11, rpl13a, rpl15, rpl19, rpl23, rpl23a, rpl26l1, rpl3, rpl37, rpl8, rsl24d1 |  | ",cytotoxic/removal-like,False,False,True,PRISM Secondary dose-response,True
BRD-K13112821-001-17-4,artemisinin,DNA synthesis inhibitor,CYP2B6,454,artemisinin | dna synthesis inhibitor | cyp2b6 | infectious disease | malaria,cytotoxic/removal-like,False,False,True,PRISM Secondary dose-response,True
BRD-K54634444-001-05-9,artesunate,DNA synthesis inhibitor,,439,artesunate | dna synthesis inhibitor |  | infectious disease | malaria,cytotoxic/removal-like,False,False,True,PRISM Secondary dose-response,True
BRD-K87036601-001-01-6,azodicarbonamide,DNA synthesis inhibitor,,442,azodicarbonamide | dna synthesis inhibitor |  |  | ,cytotoxic/removal-like,False,False,True,PRISM Secondary dose-response,True
BRD-K17068645-003-04-2,bendamustine,DNA inhibitor,,460,"bendamustine | dna inhibitor |  | hematologic malignancy | chronic lymphocytic leukemia (cll), non-hodgkin lymphoma (nhl)",cytotoxic/removal-like,False,False,True,PRISM Secondary dose-response,True
BRD-K28061410-001-06-6,beta-lapachone,topoisomerase inhibitor,TOP1,468,beta-lapachone | topoisomerase inhibitor | top1 |  | ,cytotoxic/removal-like,False,False,True,PRISM Secondary dose-response,True
BRD-K45401373-001-20-9,betulinic-acid,"apoptosis stimulant, NFkB pathway inhibitor",GPBAR1,388,"betulinic-acid | apoptosis stimulant, nfkb pathway inhibitor | gpbar1 |  | ",cytotoxic/removal-like,False,False,True,PRISM Secondary dose-response,True
BRD-K88510285-001-11-1,bortezomib,"NFkB pathway inhibitor, proteasome inhibitor","PSMA1, PSMA2, PSMA3, PSMA4, PSMA5, PSMA6, PSMA7, PSMA8, PSMB1, PSMB10, PSMB11, PSMB2, PSMB3, PSMB4, PSMB5, PSMB6, PSMB7, PSMB8, PSMB9, PSMD1, PSMD2, RELA",464,"bortezomib | nfkb pathway inhibitor, proteasome inhibitor | psma1, psma2, psma3, psma4, psma5, psma6, psma7, psma8, psmb1, psmb10, psmb11, psmb2, psmb3, psmb4, psmb5, psmb6, psmb7, psmb8, psmb9, psmd1, psmd2, rela | hematologic malignancy | multiple myeloma, mantle cell lymphoma (mcl)",cytotoxic/removal-like,False,False,True,PRISM Secondary dose-response,True
BRD-K88510285-001-17-8,bortezomib,"NFkB pathway inhibitor, proteasome inhibitor","PSMA1, PSMA2, PSMA3, PSMA4, PSMA5, PSMA6, PSMA7, PSMA8, PSMB1, PSMB10, PSMB11, PSMB2, PSMB3, PSMB4, PSMB5, PSMB6, PSMB7, PSMB8, PSMB9, PSMD1, PSMD2, RELA",459,"bortezomib | nfkb pathway inhibitor, proteasome inhibitor | psma1, psma2, psma3, psma4, psma5, psma6, psma7, psma8, psmb1, psmb10, psmb11, psmb2, psmb3, psmb4, psmb5, psmb6, psmb7, psmb8, psmb9, psmd1, psmd2, rela | hematologic malignancy | multiple myeloma, mantle cell lymphoma (mcl)",cytotoxic/removal-like,False,False,True,PRISM Secondary dose-response,True
BRD-K23204545-001-16-4,busulfan,DNA inhibitor,,404,busulfan | dna inhibitor |  | hematologic malignancy | chronic myeloid leukemia (cml),cytotoxic/removal-like,False,False,True,PRISM Secondary dose-response,True
BRD-K06858286-001-01-3,cabazitaxel,microtubule inhibitor,"TUBA4A, TUBB, TUBB1",466,"cabazitaxel | microtubule inhibitor | tuba4a, tubb, tubb1 | oncology | prostate cancer",cytotoxic/removal-like,False,False,True,PRISM Secondary dose-response,True
BRD-K37890730-001-15-1,camptothecin,topoisomerase inhibitor,TOP1,366,camptothecin | topoisomerase inhibitor | top1 |  | ,cytotoxic/removal-like,False,False,True,PRISM Secondary dose-response,True
BRD-K61192372-001-08-9,capecitabine,"DNA synthesis inhibitor, thymidylate synthase inhibitor",TYMS,469,"capecitabine | dna synthesis inhibitor, thymidylate synthase inhibitor | tyms | oncology | breast cancer, colorectal cancer",cytotoxic/removal-like,False,False,True,PRISM Secondary dose-response,True
BRD-K90947825-001-02-7,carboplatin,"DNA alkylating agent, DNA inhibitor",,445,"carboplatin | dna alkylating agent, dna inhibitor |  | oncology | ovarian cancer",cytotoxic/removal-like,False,False,True,PRISM Secondary dose-response,True
BRD-K15179879-001-03-2,carfilzomib,proteasome inhibitor,"PSMA1, PSMA2, PSMA3, PSMA4, PSMA5, PSMA6, PSMA7, PSMA8, PSMB1, PSMB10, PSMB11, PSMB2, PSMB3, PSMB4, PSMB5, PSMB6, PSMB7, PSMB8, PSMB9",479,"carfilzomib | proteasome inhibitor | psma1, psma2, psma3, psma4, psma5, psma6, psma7, psma8, psmb1, psmb10, psmb11, psmb2, psmb3, psmb4, psmb5, psmb6, psmb7, psmb8, psmb9 | hematologic malignancy | multiple myeloma",cytotoxic/removal-like,False,False,True,PRISM Secondary dose-response,True
BRD-K36234266-001-09-8,carmustine,"DNA alkylating agent, DNA inhibitor",GSR,449,"carmustine | dna alkylating agent, dna inhibitor | gsr | hematologic malignancy, oncology | non-hodgkin lymphoma (nhl), hodgkin's lymphoma, multiple myeloma, glioblastoma, brainstem glioma, medulloblastoma, astrocytoma, ependymoma",cytotoxic/removal-like,False,False,True,PRISM Secondary dose-response,True
BRD-K29458283-001-29-9,chlorambucil,DNA inhibitor,,431,"chlorambucil | dna inhibitor |  | hematologic malignancy | chronic lymphocytic leukemia (cll), hodgkin's lymphoma",cytotoxic/removal-like,False,False,True,PRISM Secondary dose-response,True
BRD-K69172251-001-08-9,cisplatin,"DNA alkylating agent, DNA synthesis inhibitor",XIAP,447,"cisplatin | dna alkylating agent, dna synthesis inhibitor | xiap | oncology | testicular carcinoma, ovarian cancer, bladder cancer",cytotoxic/removal-like,False,False,True,PRISM Secondary dose-response,True
BRD-K00259736-001-16-4,colchicine,microtubule inhibitor,"GLRA1, GLRA2, TUBA1A, TUBA1B, TUBA1C, TUBA3C, TUBA3D, TUBA3E, TUBA4A, TUBB, TUBB1, TUBB2A, TUBB2B, TUBB3, TUBB4A, TUBB4B, TUBB6, TUBB8",418,"colchicine | microtubule inhibitor | glra1, glra2, tuba1a, tuba1b, tuba1c, tuba3c, tuba3d, tuba3e, tuba4a, tubb, tubb1, tubb2a, tubb2b, tubb3, tubb4a, tubb4b, tubb6, tubb8 | rheumatology, endocrinology | gout, fever",cytotoxic/removal-like,False,False,True,PRISM Secondary dose-response,True
BRD-K61195623-001-01-4,combretastatin-A-4,tubulin polymerization inhibitor,,474,combretastatin-a-4 | tubulin polymerization inhibitor |  |  | ,cytotoxic/removal-like,False,False,True,PRISM Secondary dose-response,True
BRD-K67536197-003-11-4,cyclocytidine,"DNA synthesis inhibitor, RNA synthesis inhibitor",,460,"cyclocytidine | dna synthesis inhibitor, rna synthesis inhibitor |  |  | ",cytotoxic/removal-like,False,False,True,PRISM Secondary dose-response,True
BRD-A09722536-002-18-0,cyclophosphamide,DNA alkylating agent,"CYP2A6, CYP2B6, CYP2C18, CYP2C19, CYP2C8, CYP2C9, CYP2D6, CYP3A4, CYP3A5, CYP3A7",326,"cyclophosphamide | dna alkylating agent | cyp2a6, cyp2b6, cyp2c18, cyp2c19, cyp2c8, cyp2c9, cyp2d6, cyp3a4, cyp3a5, cyp3a7 | hematologic malignancy, oncology | hodgkin's lymphoma, small lymphocytic lymphoma (sll), breast cancer, neuroblastoma, burkitt's lymphoma, multiple myeloma, chronic lymphocytic leukemia (cll), acute myeloid leukemia (aml), acute lymphoblastic leukemia (all), chronic myeloid leukemia (cml), true histiocytic lymphoma (thl), retinoblastoma, ovarian cancer",cytotoxic/removal-like,False,False,True,PRISM Secondary dose-response,True
BRD-K47000838-001-01-6,cytochalasin-b,microtubule inhibitor,ACTB,473,cytochalasin-b | microtubule inhibitor | actb |  | ,cytotoxic/removal-like,False,False,True,PRISM Secondary dose-response,True
BRD-K35520305-001-16-9,dacarbazine,DNA alkylating agent,"PGD, POLA2",401,"dacarbazine | dna alkylating agent | pgd, pola2 | oncology, hematologic malignancy | melanoma, hodgkin's lymphoma",cytotoxic/removal-like,False,False,True,PRISM Secondary dose-response,True
BRD-K35520305-001-17-7,dacarbazine,DNA alkylating agent,"PGD, POLA2",331,"dacarbazine | dna alkylating agent | pgd, pola2 | oncology, hematologic malignancy | melanoma, hodgkin's lymphoma",cytotoxic/removal-like,False,False,True,PRISM Secondary dose-response,True
BRD-K43389675-001-02-1,daunorubicin,"RNA synthesis inhibitor, topoisomerase inhibitor","TOP2A, TOP2B",450,"daunorubicin | rna synthesis inhibitor, topoisomerase inhibitor | top2a, top2b | hematologic malignancy | acute myeloid leukemia (aml), acute lymphoblastic leukemia (all)",cytotoxic/removal-like,False,False,True,PRISM Secondary dose-response,True
BRD-K43389675-003-20-9,daunorubicin,"RNA synthesis inhibitor, topoisomerase inhibitor","TOP2A, TOP2B",418,"daunorubicin | rna synthesis inhibitor, topoisomerase inhibitor | top2a, top2b | hematologic malignancy | acute myeloid leukemia (aml), acute lymphoblastic leukemia (all)",cytotoxic/removal-like,False,False,True,PRISM Secondary dose-response,True
BRD-K59325863-001-02-8,delanzomib,proteasome inhibitor,"CMA1, CTSG, CYP3A4, ELANE",470,"delanzomib | proteasome inhibitor | cma1, ctsg, cyp3a4, elane |  | ",cytotoxic/removal-like,False,False,True,PRISM Secondary dose-response,True
BRD-K07265709-003-05-6,dexrazoxane,"chelating agent, topoisomerase inhibitor","TOP2A, TOP2B",397,"dexrazoxane | chelating agent, topoisomerase inhibitor | top2a, top2b | cardiology | cardiomyopathy",cytotoxic/removal-like,False,False,True,PRISM Secondary dose-response,True
BRD-K68502831-001-01-2,dianhydrogalactitol,DNA alkylating agent,,465,dianhydrogalactitol | dna alkylating agent |  |  | ,cytotoxic/removal-like,False,False,True,PRISM Secondary dose-response,True
BRD-K37723606-001-01-5,dioscin,apoptosis stimulant,CXCR3,433,dioscin | apoptosis stimulant | cxcr3 |  | ,cytotoxic/removal-like,False,False,True,PRISM Secondary dose-response,True
BRD-K30577245-001-05-0,docetaxel,tubulin polymerization inhibitor,"BCL2, MAP2, MAP4, MAPT, NR1I2, TUBB, TUBB1",445,"docetaxel | tubulin polymerization inhibitor | bcl2, map2, map4, mapt, nr1i2, tubb, tubb1 | oncology | breast cancer, non-small cell lung cancer (nsclc), prostate cancer, gastric adenocarcinoma, head and neck squamous cell carcinoma (hnscc)",cytotoxic/removal-like,False,False,True,PRISM Secondary dose-response,True
BRD-K30577245-341-01-9,docetaxel,tubulin polymerization inhibitor,"BCL2, MAP2, MAP4, MAPT, NR1I2, TUBB, TUBB1",468,"docetaxel | tubulin polymerization inhibitor | bcl2, map2, map4, mapt, nr1i2, tubb, tubb1 | oncology | breast cancer, non-small cell lung cancer (nsclc), prostate cancer, gastric adenocarcinoma, head and neck squamous cell carcinoma (hnscc)",cytotoxic/removal-like,False,False,True,PRISM Secondary dose-response,True
BRD-K78567475-001-01-4,dolastatin-10,tubulin polymerization inhibitor,TUBB,459,dolastatin-10 | tubulin polymerization inhibitor | tubb |  | ,cytotoxic/removal-like,False,False,True,PRISM Secondary dose-response,True
BRD-K92093830-003-30-8,doxorubicin,topoisomerase inhibitor,TOP2A,464,"doxorubicin | topoisomerase inhibitor | top2a | hematologic malignancy, oncology | acute lymphoblastic leukemia (all), acute myeloid leukemia (aml), wilm's tumor, breast cancer, ovarian cancer, hodgkin's lymphoma, bladder cancer, multiple myeloma",cytotoxic/removal-like,False,False,True,PRISM Secondary dose-response,True
BRD-K61314889-001-04-4,endo-IWR-1,PARP inhibitor,"TNKS, TNKS2",472,"endo-iwr-1 | parp inhibitor | tnks, tnks2 |  | ",cytotoxic/removal-like,False,False,True,PRISM Secondary dose-response,True
BRD-K32007074-001-02-9,enocitabine,DNA synthesis inhibitor,"CMPK1, RRM1, TYMS",427,"enocitabine | dna synthesis inhibitor | cmpk1, rrm1, tyms |  | ",cytotoxic/removal-like,False,False,True,PRISM Secondary dose-response,True
BRD-K04548931-003-16-5,epirubicin,topoisomerase inhibitor,"CHD1, TOP2A",309,"epirubicin | topoisomerase inhibitor | chd1, top2a | oncology | breast cancer",cytotoxic/removal-like,False,False,True,PRISM Secondary dose-response,True
BRD-K71823332-001-03-7,epothilone-a,microtubule stabilizing agent,,464,epothilone-a | microtubule stabilizing agent |  |  | ,cytotoxic/removal-like,False,False,True,PRISM Secondary dose-response,True
BRD-K68164687-001-01-6,epothilone-b,"microtubule stabilizing agent, tubulin polymerization inhibitor","TUBA1A, TUBA1B, TUBA1C, TUBA3C, TUBA4A, TUBA8, TUBB, TUBB1, TUBB3, TUBB4A, TUBB4B",461,"epothilone-b | microtubule stabilizing agent, tubulin polymerization inhibitor | tuba1a, tuba1b, tuba1c, tuba3c, tuba4a, tuba8, tubb, tubb1, tubb3, tubb4a, tubb4b |  | ",cytotoxic/removal-like,False,False,True,PRISM Secondary dose-response,True
BRD-K52762805-001-01-2,epothilone-d,"microtubule stabilizing agent, tubulin polymerization inhibitor","TUBA1A, TUBA1B, TUBA1C, TUBA3C, TUBA4A, TUBA8, TUBB, TUBB1, TUBB3, TUBB4A, TUBB4B",365,"epothilone-d | microtubule stabilizing agent, tubulin polymerization inhibitor | tuba1a, tuba1b, tuba1c, tuba3c, tuba4a, tuba8, tubb, tubb1, tubb3, tubb4a, tubb4b |  | ",cytotoxic/removal-like,False,False,True,PRISM Secondary dose-response,True
BRD-A70858459-001-01-7,estramustine,DNA alkylating agent,"ESR1, ESR2, MAP1A, MAP2",477,"estramustine | dna alkylating agent | esr1, esr2, map1a, map2 | oncology | prostate cancer",cytotoxic/removal-like,False,False,True,PRISM Secondary dose-response,True
BRD-K00077635-304-01-2,estramustine-phosphate,"DNA synthesis inhibitor, microtubule inhibitor","ESR1, ESR2, MAP1A, MAP2",408,"estramustine-phosphate | dna synthesis inhibitor, microtubule inhibitor | esr1, esr2, map1a, map2 | oncology | prostate cancer",cytotoxic/removal-like,False,False,True,PRISM Secondary dose-response,True
BRD-K37798499-001-27-2,etoposide,topoisomerase inhibitor,"TOP2A, TOP2B",466,"etoposide | topoisomerase inhibitor | top2a, top2b | oncology | non-small cell lung cancer (nsclc)",cytotoxic/removal-like,False,False,True,PRISM Secondary dose-response,True
BRD-K72533376-001-01-2,etoposide-phosphate,topoisomerase inhibitor,TOP2A,452,"etoposide-phosphate | topoisomerase inhibitor | top2a | oncology | testicular carcinoma, small cell lung cancer",cytotoxic/removal-like,False,False,True,PRISM Secondary dose-response,True
BRD-K92150287-066-01-2,exatecan-mesylate,topoisomerase inhibitor,TOP1,282,exatecan-mesylate | topoisomerase inhibitor | top1 |  | ,cytotoxic/removal-like,False,False,True,PRISM Secondary dose-response,True
BRD-K51318897-001-15-3,fenbendazole,tubulin polymerization inhibitor,TUBB,421,"fenbendazole | tubulin polymerization inhibitor | tubb | infectious disease | gastrointestinal parasites, gastrointestinal roundworms",cytotoxic/removal-like,False,False,True,PRISM Secondary dose-response,True
BRD-K89085489-001-23-2,fenretinide,"apoptosis stimulant, retinoid receptor agonist",RARA,434,"fenretinide | apoptosis stimulant, retinoid receptor agonist | rara |  | ",cytotoxic/removal-like,False,False,True,PRISM Secondary dose-response,True
BRD-K61717546-001-05-0,fleroxacin,topoisomerase inhibitor,,408,"fleroxacin | topoisomerase inhibitor |  | infectious disease, gastroenterology | gonorrhea, enteritis, diarrhea, respiratory tract infections",cytotoxic/removal-like,False,False,True,PRISM Secondary dose-response,True
BRD-K47832606-001-30-1,floxuridine,DNA synthesis inhibitor,TYMS,461,floxuridine | dna synthesis inhibitor | tyms | oncology | colorectal cancer,cytotoxic/removal-like,False,False,True,PRISM Secondary dose-response,True
BRD-K86003836-001-10-5,flubendazole,tubulin polymerization inhibitor,TUBB,476,flubendazole | tubulin polymerization inhibitor | tubb | infectious disease | gastrointestinal parasites,cytotoxic/removal-like,False,False,True,PRISM Secondary dose-response,True
BRD-K06814349-304-01-9,fosbretabulin,"tubulin polymerization inhibitor, VE-cadherin antagonist",CDH5,463,"fosbretabulin | tubulin polymerization inhibitor, ve-cadherin antagonist | cdh5 |  | ",cytotoxic/removal-like,False,False,True,PRISM Secondary dose-response,True
BRD-K06814349-304-02-7,fosbretabulin,"tubulin polymerization inhibitor, VE-cadherin antagonist",CDH5,425,"fosbretabulin | tubulin polymerization inhibitor, ve-cadherin antagonist | cdh5 |  | ",cytotoxic/removal-like,False,False,True,PRISM Secondary dose-response,True
BRD-K08542803-001-02-3,gambogic-acid,caspase activator,BCL2,453,gambogic-acid | caspase activator | bcl2 |  | ,cytotoxic/removal-like,False,False,True,PRISM Secondary dose-response,True
BRD-K08542803-001-03-1,gambogic-acid,caspase activator,BCL2,466,gambogic-acid | caspase activator | bcl2 |  | ,cytotoxic/removal-like,False,False,True,PRISM Secondary dose-response,True
BRD-K99475619-001-01-2,genz-644282,topoisomerase inhibitor,TOP1,469,genz-644282 | topoisomerase inhibitor | top1 |  | ,cytotoxic/removal-like,False,False,True,PRISM Secondary dose-response,True
BRD-K19295594-015-14-3,gossypol,"BCL inhibitor, MCL1 inhibitor",BCL2,462,"gossypol | bcl inhibitor, mcl1 inhibitor | bcl2 |  | ",cytotoxic/removal-like,False,False,True,PRISM Secondary dose-response,True
BRD-K69650333-003-14-0,idarubicin,topoisomerase inhibitor,TOP2A,421,idarubicin | topoisomerase inhibitor | top2a | hematologic malignancy | acute myeloid leukemia (aml),cytotoxic/removal-like,False,False,True,PRISM Secondary dose-response,True
BRD-K62627508-001-01-5,idasanutlin,MDM inhibitor,"MDM2, TP53",479,"idasanutlin | mdm inhibitor | mdm2, tp53 |  | ",cytotoxic/removal-like,False,False,True,PRISM Secondary dose-response,True
BRD-A67097164-001-18-7,ifosfamide,DNA alkylating agent,"CYP2A6, CYP2B6, CYP2C18, CYP2C19, CYP2C8, CYP2C9, CYP3A4, CYP3A5, CYP3A7, PTGS1",391,"ifosfamide | dna alkylating agent | cyp2a6, cyp2b6, cyp2c18, cyp2c19, cyp2c8, cyp2c9, cyp3a4, cyp3a5, cyp3a7, ptgs1 | oncology, urology | testicular carcinoma, hemorrhagic cystitis",cytotoxic/removal-like,False,False,True,PRISM Secondary dose-response,True
BRD-K74057757-001-01-9,indibulin,tubulin polymerization inhibitor,,463,indibulin | tubulin polymerization inhibitor |  |  | ,cytotoxic/removal-like,False,False,True,PRISM Secondary dose-response,True
BRD-K08547377-001-04-4,irinotecan,topoisomerase inhibitor,"TOP1, TOP1MT",448,"irinotecan | topoisomerase inhibitor | top1, top1mt | oncology | colorectal cancer",cytotoxic/removal-like,False,False,True,PRISM Secondary dose-response,True
BRD-K08547377-394-03-5,irinotecan,topoisomerase inhibitor,"TOP1, TOP1MT",402,"irinotecan | topoisomerase inhibitor | top1, top1mt | oncology | colorectal cancer",cytotoxic/removal-like,False,False,True,PRISM Secondary dose-response,True
BRD-K03601870-001-01-2,ixabepilone,microtubule stabilizing agent,"TUBA1A, TUBA1B, TUBA1C, TUBA3C, TUBA3D, TUBA3E, TUBA4A, TUBB, TUBB1, TUBB2A, TUBB2B, TUBB3, TUBB4A, TUBB4B, TUBB6, TUBB8",464,"ixabepilone | microtubule stabilizing agent | tuba1a, tuba1b, tuba1c, tuba3c, tuba3d, tuba3e, tuba4a, tubb, tubb1, tubb2a, tubb2b, tubb3, tubb4a, tubb4b, tubb6, tubb8 | oncology | breast cancer",cytotoxic/removal-like,False,False,True,PRISM Secondary dose-response,True
BRD-K78659596-001-03-9,ixazomib,proteasome inhibitor,,477,ixazomib | proteasome inhibitor |  | hematologic malignancy | multiple myeloma,cytotoxic/removal-like,False,False,True,PRISM Secondary dose-response,True
BRD-A66419424-001-02-4,ixazomib-citrate,proteasome inhibitor,,446,ixazomib-citrate | proteasome inhibitor |  | hematologic malignancy | multiple myeloma,cytotoxic/removal-like,False,False,True,PRISM Secondary dose-response,True
BRD-K26011976-001-01-0,licochalcone-a,topoisomerase inhibitor,PTPN1,453,licochalcone-a | topoisomerase inhibitor | ptpn1 |  | ,cytotoxic/removal-like,False,False,True,PRISM Secondary dose-response,True
BRD-K77987382-001-13-2,mebendazole,tubulin polymerization inhibitor,"TUBA1A, TUBB, TUBB4B",338,"mebendazole | tubulin polymerization inhibitor | tuba1a, tubb, tubb4b | infectious disease | pinworm, whipworm, hookworm, ascariasis",cytotoxic/removal-like,False,False,True,PRISM Secondary dose-response,True
BRD-K12829205-003-02-8,mechlorethamine,DNA inhibitor,,410,"mechlorethamine | dna inhibitor |  | hematologic malignancy, hematology, infectious disease, oncology | hodgkin's lymphoma, chronic myeloid leukemia (cml), chronic lymphocytic leukemia (cll), polycythemia vera, mycosis, bronchogenic carcinoma",cytotoxic/removal-like,False,False,True,PRISM Secondary dose-response,True
BRD-K87827419-001-16-8,melphalan,"DNA alkylating agent, DNA inhibitor",,461,"melphalan | dna alkylating agent, dna inhibitor |  | hematologic malignancy | multiple myeloma",cytotoxic/removal-like,False,False,True,PRISM Secondary dose-response,True
BRD-K52020312-001-26-8,metronidazole,DNA inhibitor,"CYP2C9, CYP3A4",429,"metronidazole | dna inhibitor | cyp2c9, cyp3a4 | dermatology | rosacea",cytotoxic/removal-like,False,False,True,PRISM Secondary dose-response,True
BRD-A48237631-001-04-8,mitomycin-c,"DNA alkylating agent, DNA synthesis inhibitor",,445,"mitomycin-c | dna alkylating agent, dna synthesis inhibitor |  | oncology | pancreatic cancer, gastric adenocarcinoma",cytotoxic/removal-like,False,False,True,PRISM Secondary dose-response,True
BRD-K21680192-300-14-4,mitoxantrone,topoisomerase inhibitor,TOP2A,421,"mitoxantrone | topoisomerase inhibitor | top2a | neurology/psychiatry, oncology, hematologic malignancy | multiple sclerosis, prostate cancer, acute myeloid leukemia (aml)",cytotoxic/removal-like,False,False,True,PRISM Secondary dose-response,True
BRD-K82746043-001-15-1,navitoclax,BCL inhibitor,"BCL2, BCL2L1, BCL2L2",448,"navitoclax | bcl inhibitor | bcl2, bcl2l1, bcl2l2 |  | ",cytotoxic/removal-like,False,False,True,PRISM Secondary dose-response,True
BRD-K82746043-001-19-3,navitoclax,BCL inhibitor,"BCL2, BCL2L1, BCL2L2",418,"navitoclax | bcl inhibitor | bcl2, bcl2l1, bcl2l2 |  | ",cytotoxic/removal-like,False,False,True,PRISM Secondary dose-response,True
BRD-K84466663-001-05-4,nelarabine,"DNA synthesis inhibitor, T cell inhibitor",POLA1,412,"nelarabine | dna synthesis inhibitor, t cell inhibitor | pola1 | hematologic malignancy | acute lymphoblastic leukemia (all), acute lymphoblastic leukemia (all)",cytotoxic/removal-like,False,False,True,PRISM Secondary dose-response,True
BRD-K51911221-001-01-2,nemorubicin,topoisomerase inhibitor,"TOP1, TOP2A",471,"nemorubicin | topoisomerase inhibitor | top1, top2a |  | ",cytotoxic/removal-like,False,False,True,PRISM Secondary dose-response,True
BRD-K79145628-001-05-5,nimorazole,bacterial DNA inhibitor,,425,nimorazole | bacterial dna inhibitor |  | oncology | head and neck squamous cell carcinoma (hnscc),cytotoxic/removal-like,False,False,True,PRISM Secondary dose-response,True
BRD-K54955827-001-02-2,niraparib,PARP inhibitor,PARP1,471,niraparib | parp inhibitor | parp1 | oncology | primary peritoneal cancer (ppc),cytotoxic/removal-like,False,False,True,PRISM Secondary dose-response,True
BRD-K39467894-001-06-7,nithiamide,bacterial DNA inhibitor,,410,nithiamide | bacterial dna inhibitor |  |  | ,cytotoxic/removal-like,False,False,True,PRISM Secondary dose-response,True
BRD-K12539581-001-23-7,nocodazole,tubulin polymerization inhibitor,HPGDS,468,nocodazole | tubulin polymerization inhibitor | hpgds |  | ,cytotoxic/removal-like,False,False,True,PRISM Secondary dose-response,True
BRD-A12230535-001-06-7,nutlin-3,MDM inhibitor,"MDM2, TP53",440,"nutlin-3 | mdm inhibitor | mdm2, tp53 |  | ",cytotoxic/removal-like,False,False,True,PRISM Secondary dose-response,True
BRD-K15600710-066-04-1,obatoclax,BCL inhibitor,BCL2,371,obatoclax | bcl inhibitor | bcl2 |  | ,cytotoxic/removal-like,False,False,True,PRISM Secondary dose-response,True
BRD-K15600710-066-05-8,obatoclax,BCL inhibitor,BCL2,456,obatoclax | bcl inhibitor | bcl2 |  | ,cytotoxic/removal-like,False,False,True,PRISM Secondary dose-response,True
BRD-K02113016-001-15-4,olaparib,PARP inhibitor,"PARP1, PARP2",443,"olaparib | parp inhibitor | parp1, parp2 | oncology | ovarian cancer",cytotoxic/removal-like,False,False,True,PRISM Secondary dose-response,True
BRD-K02113016-001-19-6,olaparib,PARP inhibitor,"PARP1, PARP2",436,"olaparib | parp inhibitor | parp1, parp2 | oncology | ovarian cancer",cytotoxic/removal-like,False,False,True,PRISM Secondary dose-response,True
BRD-K43449605-001-01-0,oncrasin-1,apoptosis stimulant,,468,oncrasin-1 | apoptosis stimulant |  |  | ,cytotoxic/removal-like,False,False,True,PRISM Secondary dose-response,True
BRD-A36331462-001-02-1,oprozomib,proteasome inhibitor,,402,oprozomib | proteasome inhibitor |  |  | ,cytotoxic/removal-like,False,False,True,PRISM Secondary dose-response,True
BRD-K23925186-001-02-8,oridonin,BCL inhibitor,BCL2,443,oridonin | bcl inhibitor | bcl2 |  | ,cytotoxic/removal-like,False,False,True,PRISM Secondary dose-response,True
BRD-K78960041-001-05-7,oxaliplatin,DNA inhibitor,,452,oxaliplatin | dna inhibitor |  | oncology | colorectal cancer,cytotoxic/removal-like,False,False,True,PRISM Secondary dose-response,True
BRD-K52075715-001-06-7,oxibendazole,tubulin polymerization inhibitor,"TUBB, TUBB4B",465,"oxibendazole | tubulin polymerization inhibitor | tubb, tubb4b | infectious disease | strongyles",cytotoxic/removal-like,False,False,True,PRISM Secondary dose-response,True
BRD-K62008436-001-22-1,paclitaxel,tubulin polymerization inhibitor,"BCL2, MAP2, MAP4, MAPT, NR1I2, TLR4, TUBB, TUBB1",469,"paclitaxel | tubulin polymerization inhibitor | bcl2, map2, map4, mapt, nr1i2, tlr4, tubb, tubb1 | oncology | ovarian cancer, breast cancer, non-small cell lung cancer (nsclc)",cytotoxic/removal-like,False,False,True,PRISM Secondary dose-response,True
BRD-K62008436-001-23-9,paclitaxel,tubulin polymerization inhibitor,"BCL2, MAP2, MAP4, MAPT, NR1I2, TLR4, TUBB, TUBB1",445,"paclitaxel | tubulin polymerization inhibitor | bcl2, map2, map4, mapt, nr1i2, tlr4, tubb, tubb1 | oncology | ovarian cancer, breast cancer, non-small cell lung cancer (nsclc)",cytotoxic/removal-like,False,False,True,PRISM Secondary dose-response,True
BRD-K02407574-001-09-7,parbendazole,tubulin polymerization inhibitor,TUBB,463,parbendazole | tubulin polymerization inhibitor | tubb |  | ,cytotoxic/removal-like,False,False,True,PRISM Secondary dose-response,True
BRD-K17026858-001-01-2,pibenzimol,DNA inhibitor,,455,pibenzimol | dna inhibitor |  |  | ,cytotoxic/removal-like,False,False,True,PRISM Secondary dose-response,True
BRD-K99498722-001-02-6,plinabulin,tubulin polymerization inhibitor,,470,plinabulin | tubulin polymerization inhibitor |  |  | ,cytotoxic/removal-like,False,False,True,PRISM Secondary dose-response,True
BRD-K47869605-001-32-0,podophyllotoxin,"microtubule inhibitor, tubulin polymerization inhibitor","IGF1R, TOP2A, TUBA4A, TUBB",469,"podophyllotoxin | microtubule inhibitor, tubulin polymerization inhibitor | igf1r, top2a, tuba4a, tubb | infectious disease | genital warts",cytotoxic/removal-like,False,False,True,PRISM Secondary dose-response,True
BRD-A55913614-316-09-6,primaquine,"antimalarial agent, DNA inhibitor","KRT7, NQO2",451,"primaquine | antimalarial agent, dna inhibitor | krt7, nqo2 | infectious disease | malaria",cytotoxic/removal-like,False,False,True,PRISM Secondary dose-response,True
BRD-K79821389-001-03-5,rubitecan,topoisomerase inhibitor,TOP1,473,rubitecan | topoisomerase inhibitor | top1 |  | ,cytotoxic/removal-like,False,False,True,PRISM Secondary dose-response,True
BRD-A64064900-001-02-3,sangivamycin,DNA inhibitor,,349,sangivamycin | dna inhibitor |  |  | ,cytotoxic/removal-like,False,False,True,PRISM Secondary dose-response,True
BRD-K42497885-001-01-1,satraplatin,DNA alkylating agent,,456,satraplatin | dna alkylating agent |  |  | ,cytotoxic/removal-like,False,False,True,PRISM Secondary dose-response,True
BRD-A70083328-001-23-5,secnidazole,"acetylcholinesterase inhibitor, microtubule inhibitor",,448,"secnidazole | acetylcholinesterase inhibitor, microtubule inhibitor |  | infectious disease | protozoan infection",cytotoxic/removal-like,False,False,True,PRISM Secondary dose-response,True
BRD-K49071277-001-04-7,securinine,"GABA receptor antagonist, TP53 activator",GABRA1,443,"securinine | gaba receptor antagonist, tp53 activator | gabra1 |  | ",cytotoxic/removal-like,False,False,True,PRISM Secondary dose-response,True
BRD-K65924316-001-03-1,serdemetan,MDM inhibitor,MDM2,307,serdemetan | mdm inhibitor | mdm2 |  | ,cytotoxic/removal-like,False,False,True,PRISM Secondary dose-response,True
BRD-K34411947-001-12-5,streptozotocin,DNA alkylating agent,SLC2A2,361,streptozotocin | dna alkylating agent | slc2a2 | oncology | pancreatic cancer,cytotoxic/removal-like,False,False,True,PRISM Secondary dose-response,True
BRD-K95142244-001-01-5,talazoparib,PARP inhibitor,PARP2,480,talazoparib | parp inhibitor | parp2 |  | ,cytotoxic/removal-like,False,False,True,PRISM Secondary dose-response,True
BRD-K87512222-019-01-7,taltobulin,tubulin polymerization inhibitor,,402,taltobulin | tubulin polymerization inhibitor |  |  | ,cytotoxic/removal-like,False,False,True,PRISM Secondary dose-response,True
BRD-K42495768-001-01-7,tasisulam,apoptosis stimulant,,475,tasisulam | apoptosis stimulant |  |  | ,cytotoxic/removal-like,False,False,True,PRISM Secondary dose-response,True
BRD-K32107296-001-16-9,temozolomide,DNA alkylating agent,MGMT,417,"temozolomide | dna alkylating agent | mgmt | oncology | glioblastoma, astrocytoma",cytotoxic/removal-like,False,False,True,PRISM Secondary dose-response,True
BRD-A35588707-001-05-5,teniposide,topoisomerase inhibitor,"TOP2A, TOP2B",466,"teniposide | topoisomerase inhibitor | top2a, top2b | hematologic malignancy | acute lymphoblastic leukemia (all)",cytotoxic/removal-like,False,False,True,PRISM Secondary dose-response,True
BRD-A39935389-001-05-9,teroxirone,DNA inhibitor,,468,teroxirone | dna inhibitor |  |  | ,cytotoxic/removal-like,False,False,True,PRISM Secondary dose-response,True
BRD-K92968657-001-01-6,tirapazamine,DNA inhibitor,,423,tirapazamine | dna inhibitor |  |  | ,cytotoxic/removal-like,False,False,True,PRISM Secondary dose-response,True
BRD-K55696337-003-24-4,topotecan,topoisomerase inhibitor,"TOP1, TOP1MT",470,"topotecan | topoisomerase inhibitor | top1, top1mt | oncology | small cell lung cancer, cervical cancer",cytotoxic/removal-like,False,False,True,PRISM Secondary dose-response,True
BRD-K81916719-001-13-9,triclabendazole,microtubule inhibitor,DNMT1,467,triclabendazole | microtubule inhibitor | dnmt1 | infectious disease | tapeworm,cytotoxic/removal-like,False,False,True,PRISM Secondary dose-response,True
BRD-K72951360-001-01-4,valrubicin,"DNA inhibitor, topoisomerase inhibitor",TOP2A,462,"valrubicin | dna inhibitor, topoisomerase inhibitor | top2a | oncology | bladder cancer",cytotoxic/removal-like,False,False,True,PRISM Secondary dose-response,True
BRD-K62391742-001-03-0,venetoclax,BCL inhibitor,BCL2,431,venetoclax | bcl inhibitor | bcl2 | hematologic malignancy | chronic lymphocytic leukemia (cll),cytotoxic/removal-like,False,False,True,PRISM Secondary dose-response,True
BRD-K62391742-001-09-7,venetoclax,BCL inhibitor,BCL2,415,venetoclax | bcl inhibitor | bcl2 | hematologic malignancy | chronic lymphocytic leukemia (cll),cytotoxic/removal-like,False,False,True,PRISM Secondary dose-response,True
BRD-K42673188-001-01-1,verubulin,tubulin polymerization inhibitor,TUBB,469,verubulin | tubulin polymerization inhibitor | tubb |  | ,cytotoxic/removal-like,False,False,True,PRISM Secondary dose-response,True
BRD-K06519765-065-01-6,vinblastine,"microtubule inhibitor, tubulin polymerization inhibitor","JUN, TUBA1A, TUBB, TUBD1, TUBE1, TUBG1",468,"vinblastine | microtubule inhibitor, tubulin polymerization inhibitor | jun, tuba1a, tubb, tubd1, tube1, tubg1 | hematologic malignancy, infectious disease, oncology | hodgkin's lymphoma, true histiocytic lymphoma (thl), mycosis, small lymphocytic lymphoma (sll), testicular carcinoma, kaposi sarcoma",cytotoxic/removal-like,False,False,True,PRISM Secondary dose-response,True
BRD-K12251893-065-04-7,vincristine,tubulin polymerization inhibitor,"TUBA4A, TUBB",466,"vincristine | tubulin polymerization inhibitor | tuba4a, tubb | hematologic malignancy | acute lymphoblastic leukemia (all)",cytotoxic/removal-like,False,False,True,PRISM Secondary dose-response,True
BRD-K59753975-001-02-6,vindesine,tubulin polymerization inhibitor,"TUBB, TUBB1",468,"vindesine | tubulin polymerization inhibitor | tubb, tubb1 | oncology | breast cancer, non-small cell lung cancer (nsclc), melanoma",cytotoxic/removal-like,False,False,True,PRISM Secondary dose-response,True
BRD-K64120610-001-01-4,vinflunine,microtubule inhibitor,,470,vinflunine | microtubule inhibitor |  | oncology | bladder cancer,cytotoxic/removal-like,False,False,True,PRISM Secondary dose-response,True
BRD-K69280563-001-01-8,vinorelbine,tubulin polymerization inhibitor,"TUBA1A, TUBA1B, TUBA1C, TUBA3C, TUBA3D, TUBA3E, TUBA4A, TUBB, TUBB1, TUBB2A, TUBB2B, TUBB3, TUBB4A, TUBB4B, TUBB6, TUBB8",466,"vinorelbine | tubulin polymerization inhibitor | tuba1a, tuba1b, tuba1c, tuba3c, tuba3d, tuba3e, tuba4a, tubb, tubb1, tubb2a, tubb2b, tubb3, tubb4a, tubb4b, tubb6, tubb8 | oncology | non-small cell lung cancer (nsclc)",cytotoxic/removal-like,False,False,True,PRISM Secondary dose-response,True
BRD-K23677682-003-01-2,voreloxin,topoisomerase inhibitor,TOP2A,453,voreloxin | topoisomerase inhibitor | top2a |  | ,cytotoxic/removal-like,False,False,True,PRISM Secondary dose-response,True
BRD-K03273112-001-01-8,1-azakenpaullone,glycogen synthase kinase inhibitor,"CCNB1, CDK1, CDK5, GSK3B",451,"1-azakenpaullone | glycogen synthase kinase inhibitor | ccnb1, cdk1, cdk5, gsk3b |  | ",other,False,False,False,PRISM Secondary dose-response,False
BRD-K29542628-001-03-9,1-naphthyl-PP1,src inhibitor,SRC,440,1-naphthyl-pp1 | src inhibitor | src |  | ,other,False,False,False,PRISM Secondary dose-response,False
BRD-K31491153-003-05-9,1-phenylbiguanide,serotonin receptor agonist,"HTR3A, HTR3B",392,"1-phenylbiguanide | serotonin receptor agonist | htr3a, htr3b |  | ",other,False,False,False,PRISM Secondary dose-response,False
BRD-K96631475-001-02-4,10-deacetylbaccatin,antitumor agent,,472,10-deacetylbaccatin | antitumor agent |  |  | ,other,False,False,False,PRISM Secondary dose-response,False
BRD-K68552125-001-05-3,12-O-tetradecanoylphorbol-13-acetate,PKC activator,"KCNT2, TRPV4",416,"12-o-tetradecanoylphorbol-13-acetate | pkc activator | kcnt2, trpv4 |  | ",other,False,False,False,PRISM Secondary dose-response,False
BRD-K63932022-001-01-5,2'-MeCCPA,adenosine receptor agonist,ADORA1,412,2'-meccpa | adenosine receptor agonist | adora1 |  | ,other,False,False,False,PRISM Secondary dose-response,False
BRD-K44408410-001-17-6,2-methoxyestradiol,hypoxia inducible factor inhibitor,"COMT, CYP19A1, CYP1A1, CYP1B1, HIF1A, TUBB",479,"2-methoxyestradiol | hypoxia inducible factor inhibitor | comt, cyp19a1, cyp1a1, cyp1b1, hif1a, tubb |  | ",other,False,False,False,PRISM Secondary dose-response,False
BRD-K45662124-050-01-5,3'-fluorobenzylspiperone,dopamine receptor ligand,DRD2,392,3'-fluorobenzylspiperone | dopamine receptor ligand | drd2 |  | ,other,False,False,False,PRISM Secondary dose-response,False
BRD-K77791657-003-01-7,3-deazaneplanocin-A,histone lysine methyltransferase inhibitor,EZH2,470,3-deazaneplanocin-a | histone lysine methyltransferase inhibitor | ezh2 |  | ,other,False,False,False,PRISM Secondary dose-response,False
BRD-K47337578-034-02-5,4-(4-fluorobenzoyl)-1-(4-phenylbutyl)-piperidine,serotonin receptor antagonist,HTR2A,455,4-(4-fluorobenzoyl)-1-(4-phenylbutyl)-piperidine | serotonin receptor antagonist | htr2a |  | ,other,False,False,False,PRISM Secondary dose-response,False
BRD-K39160765-003-02-9,4-chlorophenylguanidine,urokinase inhibitor,PLAUR,426,4-chlorophenylguanidine | urokinase inhibitor | plaur |  | ,other,False,False,False,PRISM Secondary dose-response,False
BRD-K49759007-001-11-9,4-hydroxy-phenazone,,,419,4-hydroxy-phenazone |  |  |  | ,other,False,False,False,PRISM Secondary dose-response,False
BRD-K25690923-001-02-4,4-iodo-6-phenylpyrimidine,macrophage migration inhibiting factor inhibitor,MIF,424,4-iodo-6-phenylpyrimidine | macrophage migration inhibiting factor inhibitor | mif |  | ,other,False,False,False,PRISM Secondary dose-response,False
BRD-K73303757-001-21-6,4-methylgenistein,protein tyrosine kinase inhibitor,"CYP19A1, ESRRA, ESRRB, ESRRG, FASN",424,"4-methylgenistein | protein tyrosine kinase inhibitor | cyp19a1, esrra, esrrb, esrrg, fasn |  | ",other,False,False,False,PRISM Secondary dose-response,False
BRD-K70821460-300-02-4,4-methylhistamine,histamine receptor agonist,HRH4,402,4-methylhistamine | histamine receptor agonist | hrh4 |  | ,other,False,False,False,PRISM Secondary dose-response,False
BRD-K04552268-001-02-4,4-pyrimidinecarbonitrile,,,454,4-pyrimidinecarbonitrile |  |  |  | ,other,False,False,False,PRISM Secondary dose-response,False
BRD-K67173685-001-06-9,4E1RCat,protein synthesis inhibitor,"EIF4E, EIF4G1",381,"4e1rcat | protein synthesis inhibitor | eif4e, eif4g1 |  | ",other,False,False,False,PRISM Secondary dose-response,False
BRD-K24844714-001-24-5,5-fluorouracil,thymidylate synthase inhibitor,"DPYD, TYMS",433,"5-fluorouracil | thymidylate synthase inhibitor | dpyd, tyms | oncology | colorectal cancer, breast cancer, pancreatic cancer, gastric adenocarcinoma",other,False,False,False,PRISM Secondary dose-response,False
BRD-K24603946-001-02-1,5-hydroxymethyl-tolterodine,acetylcholine receptor antagonist,CHRM3,391,5-hydroxymethyl-tolterodine | acetylcholine receptor antagonist | chrm3 |  | ,other,False,False,False,PRISM Secondary dose-response,False
BRD-K65377893-001-07-4,7-aminocephalosporanic-acid,beta lactamase inhibitor,,378,7-aminocephalosporanic-acid | beta lactamase inhibitor |  |  | ,other,False,False,False,PRISM Secondary dose-response,False
BRD-K45293975-001-02-0,7-hydroxystaurosporine,"CDK inhibitor, CHK inhibitor, PKC inhibitor","CHEK1, MARK3, PDPK1",402,"7-hydroxystaurosporine | cdk inhibitor, chk inhibitor, pkc inhibitor | chek1, mark3, pdpk1 |  | ",other,False,False,False,PRISM Secondary dose-response,False
BRD-A00077618-236-07-6,8-bromo-cGMP,PKA activator,PRKG1,399,8-bromo-cgmp | pka activator | prkg1 |  | ,other,False,False,False,PRISM Secondary dose-response,False
BRD-A60594020-034-01-1,8-hydroxy-PIPAT,dopamine receptor ligand,"DRD2, DRD3",453,"8-hydroxy-pipat | dopamine receptor ligand | drd2, drd3 |  | ",other,False,False,False,PRISM Secondary dose-response,False
BRD-K00535541-001-06-3,9-aminoacridine,,,460,9-aminoacridine |  |  |  | ,other,False,False,False,PRISM Secondary dose-response,False
BRD-K78177893-001-02-4,A-674563,AKT inhibitor,"AKT1, PKIA, PRKACA",447,"a-674563 | akt inhibitor | akt1, pkia, prkaca |  | ",other,False,False,False,PRISM Secondary dose-response,False
BRD-K28570407-001-02-0,A-803467,sodium channel blocker,SCN10A,391,a-803467 | sodium channel blocker | scn10a |  | ,other,False,False,False,PRISM Secondary dose-response,False
BRD-A83650191-004-02-8,A61603,adrenergic receptor agonist,ADRA1A,443,a61603 | adrenergic receptor agonist | adra1a |  | ,other,False,False,False,PRISM Secondary dose-response,False
BRD-K36021395-300-02-4,ABT-702,adenosine kinase inhibitor,ADK,463,abt-702 | adenosine kinase inhibitor | adk |  | ,other,False,False,False,PRISM Secondary dose-response,False
BRD-K81548480-001-01-2,AC-264613,PAR agonist,F2RL1,461,ac-264613 | par agonist | f2rl1 |  | ,other,False,False,False,PRISM Secondary dose-response,False
BRD-K68633617-003-02-9,ACDPP,glutamate receptor antagonist,GRM5,384,acdpp | glutamate receptor antagonist | grm5 |  | ,other,False,False,False,PRISM Secondary dose-response,False
BRD-K82928847-001-04-7,ACY-1215,HDAC inhibitor,"HDAC1, HDAC2, HDAC3, HDAC6, HDAC8",458,"acy-1215 | hdac inhibitor | hdac1, hdac2, hdac3, hdac6, hdac8 |  | ",other,False,False,False,PRISM Secondary dose-response,False
BRD-K39624409-003-02-6,ADL5859,opioid receptor agonist,OPRD1,418,adl5859 | opioid receptor agonist | oprd1 |  | ,other,False,False,False,PRISM Secondary dose-response,False
BRD-K40718343-001-02-6,AEE788,"EGFR inhibitor, VEGFR inhibitor","EGFR, ERBB2, ERBB4, FGFR2, FGFR3, KDR",442,"aee788 | egfr inhibitor, vegfr inhibitor | egfr, erbb2, erbb4, fgfr2, fgfr3, kdr |  | ",other,False,False,False,PRISM Secondary dose-response,False
BRD-K77634909-001-03-5,AEG3482,HSP inducer,,444,aeg3482 | hsp inducer |  |  | ,other,False,False,False,PRISM Secondary dose-response,False
BRD-K92000912-001-12-6,AM-251,cannabinoid receptor antagonist,"CNR1, GPR18, GPR55",458,"am-251 | cannabinoid receptor antagonist | cnr1, gpr18, gpr55 |  | ",other,False,False,False,PRISM Secondary dose-response,False
BRD-K06854232-001-19-9,AM-580,retinoid receptor agonist,RARA,398,am-580 | retinoid receptor agonist | rara |  | ,other,False,False,False,PRISM Secondary dose-response,False
BRD-K32285926-001-02-1,AMG-208,tyrosine kinase inhibitor,MET,427,amg-208 | tyrosine kinase inhibitor | met |  | ,other,False,False,False,PRISM Secondary dose-response,False
BRD-K21782625-001-02-4,AMG458,MET inhibitor,MET,453,amg458 | met inhibitor | met |  | ,other,False,False,False,PRISM Secondary dose-response,False
BRD-K21728777-001-02-3,AMG900,Aurora kinase inhibitor,"AURKA, AURKB, AURKC",457,"amg900 | aurora kinase inhibitor | aurka, aurkb, aurkc |  | ",other,False,False,False,PRISM Secondary dose-response,False
BRD-K28383148-001-01-4,AP1903,,,384,ap1903 |  |  |  | ,other,False,False,False,PRISM Secondary dose-response,False
BRD-K56032964-001-02-1,AP26113,ALK tyrosine kinase receptor inhibitor,"ALK, EGFR",450,"ap26113 | alk tyrosine kinase receptor inhibitor | alk, egfr |  | ",other,False,False,False,PRISM Secondary dose-response,False
BRD-K90497590-001-04-2,AR-12,phosphoinositide dependent kinase inhibitor,PDPK1,444,ar-12 | phosphoinositide dependent kinase inhibitor | pdpk1 |  | ,other,False,False,False,PRISM Secondary dose-response,False
BRD-K13167095-001-02-9,AR-42,HDAC inhibitor,HDAC1,467,ar-42 | hdac inhibitor | hdac1 |  | ,other,False,False,False,PRISM Secondary dose-response,False
BRD-K46386702-001-02-1,ARRY-334543,EGFR inhibitor,ERBB2,477,arry-334543 | egfr inhibitor | erbb2 |  | ,other,False,False,False,PRISM Secondary dose-response,False
BRD-K61936403-001-01-7,AS-1949490,SHIP2 phosphatase inhibitor,INPP5D,438,as-1949490 | ship2 phosphatase inhibitor | inpp5d |  | ,other,False,False,False,PRISM Secondary dose-response,False
BRD-K89014967-001-04-3,AS-703026,MEK inhibitor,"MAP2K1, MAP2K2",478,"as-703026 | mek inhibitor | map2k1, map2k2 |  | ",other,False,False,False,PRISM Secondary dose-response,False
BRD-K26838195-075-04-9,AST-1306,EGFR inhibitor,"EGFR, ERBB2",291,"ast-1306 | egfr inhibitor | egfr, erbb2 |  | ",other,False,False,False,PRISM Secondary dose-response,False
BRD-K13390322-001-06-3,AT-7519,CDK inhibitor,"CDK1, CDK2, CDK4, CDK5, CDK6, CDK9",477,"at-7519 | cdk inhibitor | cdk1, cdk2, cdk4, cdk5, cdk6, cdk9 |  | ",other,False,False,False,PRISM Secondary dose-response,False
BRD-K24576554-001-04-8,AT-9283,"Aurora kinase inhibitor, JAK inhibitor","AURKA, AURKB, JAK2, JAK3, RPS6KA6, STK17A",402,"at-9283 | aurora kinase inhibitor, jak inhibitor | aurka, aurkb, jak2, jak3, rps6ka6, stk17a |  | ",other,False,False,False,PRISM Secondary dose-response,False
BRD-K58435339-001-03-0,AT13387,HSP antagonist,HSP90AA1,477,at13387 | hsp antagonist | hsp90aa1 |  | ,other,False,False,False,PRISM Secondary dose-response,False
BRD-K12040459-001-06-0,AT7867,AKT inhibitor,"AKT2, GSK3B, PKIA, PRKACA",343,"at7867 | akt inhibitor | akt2, gsk3b, pkia, prkaca |  | ",other,False,False,False,PRISM Secondary dose-response,False
BRD-K23190681-001-01-1,AV-412,protein tyrosine kinase inhibitor,"EGFR, ERBB2",460,"av-412 | protein tyrosine kinase inhibitor | egfr, erbb2 |  | ",other,False,False,False,PRISM Secondary dose-response,False
BRD-K87782578-001-01-4,AVL-292,Bruton's tyrosine kinase (BTK) inhibitor,"BTK, YES1",458,"avl-292 | bruton's tyrosine kinase (btk) inhibitor | btk, yes1 |  | ",other,False,False,False,PRISM Secondary dose-response,False
BRD-K62196610-001-01-6,AVN-944,inosine monophosphate dehydrogenase inhibitor,"IMPDH1, IMPDH2",474,"avn-944 | inosine monophosphate dehydrogenase inhibitor | impdh1, impdh2 |  | ",other,False,False,False,PRISM Secondary dose-response,False
BRD-K05804044-001-06-0,AZ-628,RAF inhibitor,"BRAF, RAF1",446,"az-628 | raf inhibitor | braf, raf1 |  | ",other,False,False,False,PRISM Secondary dose-response,False
BRD-K05804044-001-18-5,AZ-628,RAF inhibitor,"BRAF, RAF1",419,"az-628 | raf inhibitor | braf, raf1 |  | ",other,False,False,False,PRISM Secondary dose-response,False
BRD-K42436189-001-01-2,AZ20,ATR kinase inhibitor,"ATR, MTOR",461,"az20 | atr kinase inhibitor | atr, mtor |  | ",other,False,False,False,PRISM Secondary dose-response,False
BRD-K59146805-001-03-7,AZ3146,monopolar spindle 1 kinase inhibitor,,453,az3146 | monopolar spindle 1 kinase inhibitor |  |  | ,other,False,False,False,PRISM Secondary dose-response,False
BRD-K64888243-001-03-7,AZ960,JAK inhibitor,JAK2,458,az960 | jak inhibitor | jak2 |  | ,other,False,False,False,PRISM Secondary dose-response,False
BRD-K65928735-001-04-3,AZD1480,JAK inhibitor,"JAK1, JAK2, JAK3",403,"azd1480 | jak inhibitor | jak1, jak2, jak3 |  | ",other,False,False,False,PRISM Secondary dose-response,False
BRD-K99113996-001-02-0,AZD2014,mTOR inhibitor,MTOR,476,azd2014 | mtor inhibitor | mtor |  | ,other,False,False,False,PRISM Secondary dose-response,False
BRD-K85849709-001-01-5,AZD2858,glycogen synthase kinase inhibitor,GSK3B,449,azd2858 | glycogen synthase kinase inhibitor | gsk3b |  | ,other,False,False,False,PRISM Secondary dose-response,False
BRD-K24593301-001-02-3,AZD3463,"ALK tyrosine kinase receptor inhibitor, insulin growth factor receptor inhibitor","ALK, IGF1R",462,"azd3463 | alk tyrosine kinase receptor inhibitor, insulin growth factor receptor inhibitor | alk, igf1r |  | ",other,False,False,False,PRISM Secondary dose-response,False
BRD-K28392481-001-05-1,AZD4547,FGFR inhibitor,"FGFR1, FGFR2, FGFR3, FGFR4, IGF1R, KDR",346,"azd4547 | fgfr inhibitor | fgfr1, fgfr2, fgfr3, fgfr4, igf1r, kdr |  | ",other,False,False,False,PRISM Secondary dose-response,False
BRD-K99023089-001-03-7,AZD5363,AKT inhibitor,"AKT1, AKT2, AKT3",462,"azd5363 | akt inhibitor | akt1, akt2, akt3 |  | ",other,False,False,False,PRISM Secondary dose-response,False
BRD-K72414522-001-06-7,AZD5438,CDK inhibitor,KCNH2,453,azd5438 | cdk inhibitor | kcnh2 |  | ,other,False,False,False,PRISM Secondary dose-response,False
BRD-K58772419-001-07-0,AZD6482,PI3K inhibitor,"PIK3CA, PIK3CB, PIK3CD, PIK3CG",476,"azd6482 | pi3k inhibitor | pik3ca, pik3cb, pik3cd, pik3cg |  | ",other,False,False,False,PRISM Secondary dose-response,False
BRD-K86525559-001-07-8,AZD7762,CHK inhibitor,"CHEK1, CHEK2",469,"azd7762 | chk inhibitor | chek1, chek2 |  | ",other,False,False,False,PRISM Secondary dose-response,False
BRD-K69932463-001-10-6,AZD8055,mTOR inhibitor,MTOR,453,azd8055 | mtor inhibitor | mtor |  | ,other,False,False,False,PRISM Secondary dose-response,False
BRD-K37687095-001-06-9,AZD8330,MEK inhibitor,,468,azd8330 | mek inhibitor |  |  | ,other,False,False,False,PRISM Secondary dose-response,False
BRD-K98572433-001-02-9,AZD8931,EGFR inhibitor,"EGFR, ERBB2, ERBB3",473,"azd8931 | egfr inhibitor | egfr, erbb2, erbb3 |  | ",other,False,False,False,PRISM Secondary dose-response,False
BRD-K31476763-001-01-5,AZD9668,elastase inhibitor,ELANE,445,azd9668 | elastase inhibitor | elane |  | ,other,False,False,False,PRISM Secondary dose-response,False
BRD-K07442505-001-03-6,BAM7,BAX activator,BAX,446,bam7 | bax activator | bax |  | ,other,False,False,False,PRISM Secondary dose-response,False
BRD-K47049295-300-01-5,BAN-ORL-24,nociceptin/orphanin FQ receptor antagonist,OPRL1,410,ban-orl-24 | nociceptin/orphanin fq receptor antagonist | oprl1 |  | ,other,False,False,False,PRISM Secondary dose-response,False
BRD-K70463136-001-01-5,BAY-87-2243,hypoxia inducible factor inhibitor,HIF1A,463,bay-87-2243 | hypoxia inducible factor inhibitor | hif1a |  | ,other,False,False,False,PRISM Secondary dose-response,False
BRD-K14329163-001-03-9,BAY-K-8644-(s)-(-),L-type calcium channel activator,CACNA1C,418,bay-k-8644-(s)-(-) | l-type calcium channel activator | cacna1c |  | ,other,False,False,False,PRISM Secondary dose-response,False
BRD-K21673112-003-01-3,BF2.649,histamine receptor antagonist,HRH3,455,bf2.649 | histamine receptor antagonist | hrh3 |  | ,other,False,False,False,PRISM Secondary dose-response,False
BRD-K29415052-050-04-8,BGT226,PI3K inhibitor,"MTOR, PIK3CA, PIK3CB, PIK3CG",447,"bgt226 | pi3k inhibitor | mtor, pik3ca, pik3cb, pik3cg |  | ",other,False,False,False,PRISM Secondary dose-response,False
BRD-K64890080-001-13-8,BI-2536,PLK inhibitor,"BRD4, PLK1, PLK2, PLK3",468,"bi-2536 | plk inhibitor | brd4, plk1, plk2, plk3 |  | ",other,False,False,False,PRISM Secondary dose-response,False
BRD-K73982490-001-02-9,BI-78D3,JNK inhibitor,MAPK8,444,bi-78d3 | jnk inhibitor | mapk8 |  | ,other,False,False,False,PRISM Secondary dose-response,False
BRD-A81370665-001-03-6,BI-D1870,ribosomal protein inhibitor,"RPS6KA1, RPS6KA2, RPS6KA3, RPS6KA6",442,"bi-d1870 | ribosomal protein inhibitor | rps6ka1, rps6ka2, rps6ka3, rps6ka6 |  | ",other,False,False,False,PRISM Secondary dose-response,False
BRD-K04623885-001-07-5,BIBR-1532,telomerase inhibitor,TERT,470,bibr-1532 | telomerase inhibitor | tert |  | ,other,False,False,False,PRISM Secondary dose-response,False
BRD-K49294207-300-03-8,BIBU-1361,EGFR inhibitor,EGFR,460,bibu-1361 | egfr inhibitor | egfr |  | ,other,False,False,False,PRISM Secondary dose-response,False
BRD-K70914287-300-02-8,BIBX-1382,EGFR inhibitor,"EGFR, ERBB2",442,"bibx-1382 | egfr inhibitor | egfr, erbb2 |  | ",other,False,False,False,PRISM Secondary dose-response,False
BRD-K51967704-001-03-6,BIIB021,HSP inhibitor,HSP90AA1,478,biib021 | hsp inhibitor | hsp90aa1 |  | ,other,False,False,False,PRISM Secondary dose-response,False
BRD-K26818574-305-04-3,BIX-01294,histone lysine methyltransferase inhibitor,"EHMT1, EHMT2",468,"bix-01294 | histone lysine methyltransferase inhibitor | ehmt1, ehmt2 |  | ",other,False,False,False,PRISM Secondary dose-response,False
BRD-K20290250-001-02-1,BIX-02188,MEK inhibitor,MAP2K5,446,bix-02188 | mek inhibitor | map2k5 |  | ,other,False,False,False,PRISM Secondary dose-response,False
BRD-K62814476-001-03-3,BMS-265246,CDK inhibitor,"CDK1, CDK2",468,"bms-265246 | cdk inhibitor | cdk1, cdk2 |  | ",other,False,False,False,PRISM Secondary dose-response,False
BRD-K43389698-001-09-9,BMS-387032,"CDK inhibitor, cell cycle inhibitor, MCL1 inhibitor","CDK2, CDK7, CDK9",461,"bms-387032 | cdk inhibitor, cell cycle inhibitor, mcl1 inhibitor | cdk2, cdk7, cdk9 |  | ",other,False,False,False,PRISM Secondary dose-response,False
BRD-K07106112-003-03-8,BMS-599626,"EGFR inhibitor, protein tyrosine kinase inhibitor","EGFR, ERBB2, ERBB4",430,"bms-599626 | egfr inhibitor, protein tyrosine kinase inhibitor | egfr, erbb2, erbb4 |  | ",other,False,False,False,PRISM Secondary dose-response,False
BRD-K97883416-001-01-4,BMS-626529,HIV attachment inhibitor,,398,bms-626529 | hiv attachment inhibitor |  |  | ,other,False,False,False,PRISM Secondary dose-response,False
BRD-K76239644-001-01-8,BMS-690514,"EGFR inhibitor, VEGFR inhibitor","EGFR, ERBB2, FLT3, KDR",458,"bms-690514 | egfr inhibitor, vegfr inhibitor | egfr, erbb2, flt3, kdr |  | ",other,False,False,False,PRISM Secondary dose-response,False
BRD-K76239644-001-02-6,BMS-690514,"EGFR inhibitor, VEGFR inhibitor","EGFR, ERBB2, FLT3, KDR",427,"bms-690514 | egfr inhibitor, vegfr inhibitor | egfr, erbb2, flt3, kdr |  | ",other,False,False,False,PRISM Secondary dose-response,False
BRD-K49555808-001-03-9,BMS-707035,HIV integrase inhibitor,,381,bms-707035 | hiv integrase inhibitor |  |  | ,other,False,False,False,PRISM Secondary dose-response,False
BRD-K13049116-001-04-0,BMS-754807,IGF-1 inhibitor,"AKT1, IGF1R",425,"bms-754807 | igf-1 inhibitor | akt1, igf1r |  | ",other,False,False,False,PRISM Secondary dose-response,False
BRD-K13049116-001-05-7,BMS-754807,IGF-1 inhibitor,"AKT1, IGF1R",467,"bms-754807 | igf-1 inhibitor | akt1, igf1r |  | ",other,False,False,False,PRISM Secondary dose-response,False
BRD-K23952234-236-01-8,BMS-986020,lysophosphatidic acid receptor antagonist,LPAR1,452,bms-986020 | lysophosphatidic acid receptor antagonist | lpar1 |  | ,other,False,False,False,PRISM Secondary dose-response,False
BRD-A55484088-050-02-5,BNTX,opioid receptor antagonist,"OPRD1, OPRK1, OPRM1",458,"bntx | opioid receptor antagonist | oprd1, oprk1, oprm1 |  | ",other,False,False,False,PRISM Secondary dose-response,False
BRD-A68304895-003-02-2,BTS-54505,dopamine reuptake inhibitor,"SLC6A2, SLC6A3, SLC6A4",320,"bts-54505 | dopamine reuptake inhibitor | slc6a2, slc6a3, slc6a4 |  | ",other,False,False,False,PRISM Secondary dose-response,False
BRD-K28965160-001-01-1,BVD-523,MAP kinase inhibitor,,458,bvd-523 | map kinase inhibitor |  |  | ,other,False,False,False,PRISM Secondary dose-response,False
BRD-K68567222-001-01-2,BVT-948,tyrosine phosphatase inhibitor,"PTPN1, PTPN11, PTPN2",422,"bvt-948 | tyrosine phosphatase inhibitor | ptpn1, ptpn11, ptpn2 |  | ",other,False,False,False,PRISM Secondary dose-response,False
BRD-K57927309-001-01-7,BW-180C,opioid receptor agonist,"OPRD1, OPRM1",404,"bw-180c | opioid receptor agonist | oprd1, oprm1 |  | ",other,False,False,False,PRISM Secondary dose-response,False
BRD-K49669041-001-08-4,BX-912,pyruvate dehydrogenase kinase inhibitor,"CDK2, CHEK1, GSK3B, KDR, PDK1, PDPK1",474,"bx-912 | pyruvate dehydrogenase kinase inhibitor | cdk2, chek1, gsk3b, kdr, pdk1, pdpk1 |  | ",other,False,False,False,PRISM Secondary dose-response,False
BRD-K08893438-001-04-9,CCG-50014,G protein signaling inhibitor,"RGS4, RGS8",456,"ccg-50014 | g protein signaling inhibitor | rgs4, rgs8 |  | ",other,False,False,False,PRISM Secondary dose-response,False
BRD-K16338837-001-02-6,CCMI,acetylcholine receptor allosteric modulator,CHRNA7,452,ccmi | acetylcholine receptor allosteric modulator | chrna7 |  | ,other,False,False,False,PRISM Secondary dose-response,False
BRD-K76406695-001-02-9,CCT128930,AKT inhibitor,"PKIA, PRKACA",456,"cct128930 | akt inhibitor | pkia, prkaca |  | ",other,False,False,False,PRISM Secondary dose-response,False
BRD-K57136142-001-02-4,CCT129202,Aurora kinase inhibitor,"AURKA, AURKB, AURKC",460,"cct129202 | aurora kinase inhibitor | aurka, aurkb, aurkc |  | ",other,False,False,False,PRISM Secondary dose-response,False
BRD-K03289018-001-02-7,CCT137690,Aurora kinase inhibitor,"AURKA, AURKB, AURKC",464,"cct137690 | aurora kinase inhibitor | aurka, aurkb, aurkc |  | ",other,False,False,False,PRISM Secondary dose-response,False
BRD-K28907958-001-04-3,CD-437,retinoid receptor agonist,RARG,467,cd-437 | retinoid receptor agonist | rarg |  | ,other,False,False,False,PRISM Secondary dose-response,False
BRD-K20722021-001-02-1,CEP-32496,RAF inhibitor,"BRAF, RAF1",437,"cep-32496 | raf inhibitor | braf, raf1 |  | ",other,False,False,False,PRISM Secondary dose-response,False
BRD-K37237504-001-02-7,CEP-33779,JAK inhibitor,JAK2,391,cep-33779 | jak inhibitor | jak2 |  | ,other,False,False,False,PRISM Secondary dose-response,False
BRD-K72827473-001-01-0,CEP-37440,ALK tyrosine kinase receptor inhibitor,ALK,457,cep-37440 | alk tyrosine kinase receptor inhibitor | alk |  | ,other,False,False,False,PRISM Secondary dose-response,False
BRD-A90272038-001-01-7,CGP-37849,glutamate receptor antagonist,"GRIN2A, GRIN2B, GRIN2C, GRIN2D",405,"cgp-37849 | glutamate receptor antagonist | grin2a, grin2b, grin2c, grin2d |  | ",other,False,False,False,PRISM Secondary dose-response,False
BRD-K13087974-001-02-5,CGP-52411,EGFR inhibitor,EGFR,449,cgp-52411 | egfr inhibitor | egfr |  | ,other,False,False,False,PRISM Secondary dose-response,False
BRD-A74208568-003-01-5,CGP-54626,GABA receptor antagonist,"GABBR1, GABBR2, KCTD12, KCTD16, KCTD8",249,"cgp-54626 | gaba receptor antagonist | gabbr1, gabbr2, kctd12, kctd16, kctd8 |  | ",other,False,False,False,PRISM Secondary dose-response,False
BRD-K49049886-001-08-7,CGS-15943,adenosine receptor antagonist,"ADORA1, ADORA2A, ADORA2B, ADORA3",476,"cgs-15943 | adenosine receptor antagonist | adora1, adora2a, adora2b, adora3 |  | ",other,False,False,False,PRISM Secondary dose-response,False
BRD-K68103045-001-02-9,CGS-20625,"benzodiazepine receptor agonist, GABA benzodiazepine site receptor partial agonist","GABRA1, GABRA2, GABRA3, GABRA4, GABRA5, GABRA6",444,"cgs-20625 | benzodiazepine receptor agonist, gaba benzodiazepine site receptor partial agonist | gabra1, gabra2, gabra3, gabra4, gabra5, gabra6 |  | ",other,False,False,False,PRISM Secondary dose-response,False
BRD-K28352084-001-02-3,CH5132799,PI3K inhibitor,"MTOR, PIK3CA, PIK3CB, PIK3CD, PIK3CG",402,"ch5132799 | pi3k inhibitor | mtor, pik3ca, pik3cb, pik3cd, pik3cg |  | ",other,False,False,False,PRISM Secondary dose-response,False
BRD-K02241333-001-02-7,CHIR-124,CHK inhibitor,CHEK1,445,chir-124 | chk inhibitor | chek1 |  | ,other,False,False,False,PRISM Secondary dose-response,False
BRD-K42973005-001-04-0,CHIR-98014,glycogen synthase kinase inhibitor,"GSK3A, GSK3B",430,"chir-98014 | glycogen synthase kinase inhibitor | gsk3a, gsk3b |  | ",other,False,False,False,PRISM Secondary dose-response,False
BRD-K16189898-003-03-3,CHIR-99021,glycogen synthase kinase inhibitor,"CDK1, GSK3A, GSK3B, MAPK1",437,"chir-99021 | glycogen synthase kinase inhibitor | cdk1, gsk3a, gsk3b, mapk1 |  | ",other,False,False,False,PRISM Secondary dose-response,False
BRD-K83022601-001-01-0,CI-844,,,415,ci-844 |  |  |  | ,other,False,False,False,PRISM Secondary dose-response,False
BRD-A08840375-001-01-3,CID-5458317,MAP kinase phosphatase inhibitor,MAPK3,474,cid-5458317 | map kinase phosphatase inhibitor | mapk3 |  | ,other,False,False,False,PRISM Secondary dose-response,False
BRD-K00662280-001-09-4,CL-218872,benzodiazepine receptor agonist,"GABRA1, GABRA2, GABRA3, GABRA5, GABRB2, GABRG2",433,"cl-218872 | benzodiazepine receptor agonist | gabra1, gabra2, gabra3, gabra5, gabrb2, gabrg2 |  | ",other,False,False,False,PRISM Secondary dose-response,False
BRD-K54095730-001-03-1,CMPD-1,p38 MAPK inhibitor,"GNRHR, MAPK14",470,"cmpd-1 | p38 mapk inhibitor | gnrhr, mapk14 |  | ",other,False,False,False,PRISM Secondary dose-response,False
BRD-K24869513-001-02-1,CNX-2006,EGFR inhibitor,EGFR,433,cnx-2006 | egfr inhibitor | egfr |  | ,other,False,False,False,PRISM Secondary dose-response,False
BRD-K48443249-001-01-0,CNX-774,Bruton's tyrosine kinase (BTK) inhibitor,BTK,449,cnx-774 | bruton's tyrosine kinase (btk) inhibitor | btk |  | ,other,False,False,False,PRISM Secondary dose-response,False
BRD-K43621685-001-02-5,CP-673451,PDGFR tyrosine kinase receptor inhibitor,"KIT, PDGFRA, PDGFRB",444,"cp-673451 | pdgfr tyrosine kinase receptor inhibitor | kit, pdgfra, pdgfrb |  | ",other,False,False,False,PRISM Secondary dose-response,False
BRD-K76908866-001-07-6,CP-724714,"EGFR inhibitor, protein tyrosine kinase inhibitor",ERBB2,477,"cp-724714 | egfr inhibitor, protein tyrosine kinase inhibitor | erbb2 |  | ",other,False,False,False,PRISM Secondary dose-response,False
BRD-K09090949-001-01-9,"CP-945,598",cannabinoid receptor antagonist,CNR1,458,"cp-945,598 | cannabinoid receptor antagonist | cnr1 |  | ",other,False,False,False,PRISM Secondary dose-response,False
BRD-K11073688-001-01-6,CPI-1189,tumor necrosis factor release inhibitor,TNF,465,cpi-1189 | tumor necrosis factor release inhibitor | tnf |  | ,other,False,False,False,PRISM Secondary dose-response,False
BRD-K66094457-001-01-5,CPP,glutamate receptor antagonist,"GRIN1, GRIN2A, GRIN2B, GRIN2C, GRIN2D",464,"cpp | glutamate receptor antagonist | grin1, grin2a, grin2b, grin2c, grin2d |  | ",other,False,False,False,PRISM Secondary dose-response,False
BRD-K40331046-305-01-5,CR8-(R),CDK inhibitor,CCNA2,475,cr8-(r) | cdk inhibitor | ccna2 |  | ,other,False,False,False,PRISM Secondary dose-response,False
BRD-K15519488-050-01-3,CS-110266,dopamine receptor agonist,SLC6A3,422,cs-110266 | dopamine receptor agonist | slc6a3 |  | ,other,False,False,False,PRISM Secondary dose-response,False
BRD-K41278234-001-03-0,CUDC-101,EGFR inhibitor,"EGFR, ERBB2",182,"cudc-101 | egfr inhibitor | egfr, erbb2 |  | ",other,False,False,False,PRISM Secondary dose-response,False
BRD-K77638923-001-02-0,CUDC-907,PI3K inhibitor,"HDAC2, PIK3R1",470,"cudc-907 | pi3k inhibitor | hdac2, pik3r1 |  | ",other,False,False,False,PRISM Secondary dose-response,False
BRD-K81458380-001-04-9,CX-4945,casein kinase inhibitor,"CSNK2A1, CSNK2A2, DAPK3, HIPK3",390,"cx-4945 | casein kinase inhibitor | csnk2a1, csnk2a2, dapk3, hipk3 |  | ",other,False,False,False,PRISM Secondary dose-response,False
BRD-K12787259-001-04-3,CX-5461,RNA polymerase inhibitor,,451,cx-5461 | rna polymerase inhibitor |  |  | ,other,False,False,False,PRISM Secondary dose-response,False
BRD-K64866502-001-03-9,CYC116,Aurora kinase inhibitor,"AURKA, AURKB, KDR",439,"cyc116 | aurora kinase inhibitor | aurka, aurkb, kdr |  | ",other,False,False,False,PRISM Secondary dose-response,False
BRD-K09132007-001-07-5,D-4476,TGF beta receptor inhibitor,"CSNK1A1, CSNK1D, TGFB1",412,"d-4476 | tgf beta receptor inhibitor | csnk1a1, csnk1d, tgfb1 |  | ",other,False,False,False,PRISM Secondary dose-response,False
BRD-K32372024-001-01-0,D-7193,,,461,d-7193 |  |  |  | ,other,False,False,False,PRISM Secondary dose-response,False
BRD-K71822263-001-03-2,D-Serine,glutamate receptor agonist,"GLRA1, GRIN1, GRIN2A, GRIN2B, GRIN2C, GRIN2D, SERPINB3",349,"d-serine | glutamate receptor agonist | glra1, grin1, grin2a, grin2b, grin2c, grin2d, serpinb3 |  | ",other,False,False,False,PRISM Secondary dose-response,False
BRD-K89299012-001-06-0,DCEBIO,potassium channel activator,"KCNN2, KCNN3, KCNN4",439,"dcebio | potassium channel activator | kcnn2, kcnn3, kcnn4 |  | ",other,False,False,False,PRISM Secondary dose-response,False
BRD-K39381259-001-01-0,DMH1,ALK tyrosine kinase receptor inhibitor,ACVR1,443,dmh1 | alk tyrosine kinase receptor inhibitor | acvr1 |  | ,other,False,False,False,PRISM Secondary dose-response,False
BRD-A64553394-001-04-4,DPI-201106,sodium channel activator,ADRB2,455,dpi-201106 | sodium channel activator | adrb2 |  | ,other,False,False,False,PRISM Secondary dose-response,False
BRD-K08859203-001-01-9,DU-728,structural glycoprotein antagonist,"ITGA2B, ITGB3",429,"du-728 | structural glycoprotein antagonist | itga2b, itgb3 |  | ",other,False,False,False,PRISM Secondary dose-response,False
BRD-K22520627-001-01-7,DVD-111,,,426,dvd-111 |  |  |  | ,other,False,False,False,PRISM Secondary dose-response,False
BRD-A65248799-001-01-7,EMD-53998,phosphodiesterase inhibitor,TNNC1,429,emd-53998 | phosphodiesterase inhibitor | tnnc1 |  | ,other,False,False,False,PRISM Secondary dose-response,False
BRD-K68488863-001-04-9,ENMD-2076,"Aurora kinase inhibitor, FLT3 inhibitor, VEGFR inhibitor","AURKA, FLT3, KDR, PDGFRA, PTK2, SRC",395,"enmd-2076 | aurora kinase inhibitor, flt3 inhibitor, vegfr inhibitor | aurka, flt3, kdr, pdgfra, ptk2, src |  | ",other,False,False,False,PRISM Secondary dose-response,False
BRD-K26531771-001-02-2,EPZ-5676,histone lysine methyltransferase inhibitor,DOT1L,445,epz-5676 | histone lysine methyltransferase inhibitor | dot1l |  | ,other,False,False,False,PRISM Secondary dose-response,False
BRD-K11927976-050-02-9,ER-27319,"mediator release inhibitor, SYK inhibitor",SYK,469,"er-27319 | mediator release inhibitor, syk inhibitor | syk |  | ",other,False,False,False,PRISM Secondary dose-response,False
BRD-K24556407-001-02-3,ETP-46464,ATR kinase inhibitor,,468,etp-46464 | atr kinase inhibitor |  |  | ,other,False,False,False,PRISM Secondary dose-response,False
BRD-K61642990-001-01-0,FERb-033,EGFR inhibitor,ERBB2,410,ferb-033 | egfr inhibitor | erbb2 |  | ,other,False,False,False,PRISM Secondary dose-response,False
BRD-K14385366-001-04-4,FG-4592,hypoxia inducible factor prolyl hydroxylase inhibitor,EGLN2,424,fg-4592 | hypoxia inducible factor prolyl hydroxylase inhibitor | egln2 |  | ,other,False,False,False,PRISM Secondary dose-response,False
BRD-K58550667-001-08-7,FK-866,niacinamide phosphoribosyltransferase inhibitor,NAMPT,479,fk-866 | niacinamide phosphoribosyltransferase inhibitor | nampt |  | ,other,False,False,False,PRISM Secondary dose-response,False
BRD-K83508485-001-02-7,FK-888,tachykinin antagonist,"TACR1, TACR2",421,"fk-888 | tachykinin antagonist | tacr1, tacr2 |  | ",other,False,False,False,PRISM Secondary dose-response,False
BRD-A44500574-001-01-8,FLI-06,notch signaling inhibitor,,451,fli-06 | notch signaling inhibitor |  |  | ,other,False,False,False,PRISM Secondary dose-response,False
BRD-K61250484-001-02-3,FPH1-(BRD-6125),hepatocyte function enhancer,,387,fph1-(brd-6125) | hepatocyte function enhancer |  |  | ,other,False,False,False,PRISM Secondary dose-response,False
BRD-K19318328-001-01-3,FR-139317,endothelin receptor antagonist,EDNRA,452,fr-139317 | endothelin receptor antagonist | ednra |  | ,other,False,False,False,PRISM Secondary dose-response,False
BRD-K62696033-001-01-4,G-1,G protein-coupled receptor agonist,GPER1,454,g-1 | g protein-coupled receptor agonist | gper1 |  | ,other,False,False,False,PRISM Secondary dose-response,False
BRD-K71480163-001-01-4,GDC-0068,AKT inhibitor,"AKT1, AKT2, AKT3, PRKG1",477,"gdc-0068 | akt inhibitor | akt1, akt2, akt3, prkg1 |  | ",other,False,False,False,PRISM Secondary dose-response,False
BRD-K68938568-001-01-7,GDC-0152,XIAP inhibitor,"BIRC2, BIRC3, BIRC7, XIAP",447,"gdc-0152 | xiap inhibitor | birc2, birc3, birc7, xiap |  | ",other,False,False,False,PRISM Secondary dose-response,False
BRD-K43187018-001-03-3,GDC-0349,Pim kinase inhibitor,PIK3CA,468,gdc-0349 | pim kinase inhibitor | pik3ca |  | ,other,False,False,False,PRISM Secondary dose-response,False
BRD-K67578145-001-09-7,GDC-0879,RAF inhibitor,BRAF,402,gdc-0879 | raf inhibitor | braf |  | ,other,False,False,False,PRISM Secondary dose-response,False
BRD-K52911425-001-09-8,GDC-0941,PI3K inhibitor,"PIK3CA, PIK3CB, PIK3CD, PIK3CG",467,"gdc-0941 | pi3k inhibitor | pik3ca, pik3cb, pik3cd, pik3cg |  | ",other,False,False,False,PRISM Secondary dose-response,False
BRD-K23228615-001-02-8,GDC-0980,"mTOR inhibitor, PI3K inhibitor","FGR, MAP3K9, MTOR, PIK3CA, PIK3CB, PIK3CD, PIK3CG, SYK",476,"gdc-0980 | mtor inhibitor, pi3k inhibitor | fgr, map3k9, mtor, pik3ca, pik3cb, pik3cd, pik3cg, syk |  | ",other,False,False,False,PRISM Secondary dose-response,False
BRD-K19669037-001-01-1,GGTI-298,GGTase inhibitor,CDKN1A,447,ggti-298 | ggtase inhibitor | cdkn1a |  | ,other,False,False,False,PRISM Secondary dose-response,False
BRD-K75478907-001-02-3,GS-39783,GABA receptor modulator,GABBR1,420,gs-39783 | gaba receptor modulator | gabbr1 |  | ,other,False,False,False,PRISM Secondary dose-response,False
BRD-K76719364-001-02-5,GS-9973,syk inhibitor,SYK,442,gs-9973 | syk inhibitor | syk |  | ,other,False,False,False,PRISM Secondary dose-response,False
BRD-K98203492-003-04-1,GSK-J4,histone lysine demethylase inhibitor,"KDM6A, KDM6B",465,"gsk-j4 | histone lysine demethylase inhibitor | kdm6a, kdm6b |  | ",other,False,False,False,PRISM Secondary dose-response,False
BRD-K36740062-001-06-6,GSK1070916,Aurora kinase inhibitor,"AURKA, AURKB, AURKC, CYP2D6, CYP3A4",443,"gsk1070916 | aurora kinase inhibitor | aurka, aurkb, aurkc, cyp2d6, cyp3a4 |  | ",other,False,False,False,PRISM Secondary dose-response,False
BRD-K60341624-001-02-2,GSK1292263,glucose dependent insulinotropic receptor agonist,GRPR,455,gsk1292263 | glucose dependent insulinotropic receptor agonist | grpr |  | ,other,False,False,False,PRISM Secondary dose-response,False
BRD-K06749501-001-02-1,GSK1838705A,insulin growth factor receptor inhibitor,"ALK, IGF1R, INSR, RPS6KA1",421,"gsk1838705a | insulin growth factor receptor inhibitor | alk, igf1r, insr, rps6ka1 |  | ",other,False,False,False,PRISM Secondary dose-response,False
BRD-K04833372-001-06-2,GSK1904529A,"IGF-1 inhibitor, insulin growth factor receptor inhibitor, insulin receptor ligand","IGF1R, INSR",434,"gsk1904529a | igf-1 inhibitor, insulin growth factor receptor inhibitor, insulin receptor ligand | igf1r, insr |  | ",other,False,False,False,PRISM Secondary dose-response,False
BRD-K25412176-001-01-9,GSK2110183,AKT inhibitor,"AKT1, AKT2, AKT3",475,"gsk2110183 | akt inhibitor | akt1, akt2, akt3 |  | ",other,False,False,False,PRISM Secondary dose-response,False
BRD-K07972848-001-02-0,GSK2126458,"mTOR inhibitor, PI3K inhibitor","MTOR, PIK3CA, PIK3CB, PIK3CD, PIK3CG",402,"gsk2126458 | mtor inhibitor, pi3k inhibitor | mtor, pik3ca, pik3cb, pik3cd, pik3cg |  | ",other,False,False,False,PRISM Secondary dose-response,False
BRD-K37590257-001-02-8,GSK256066,phosphodiesterase inhibitor,PDE4A,328,gsk256066 | phosphodiesterase inhibitor | pde4a |  | ,other,False,False,False,PRISM Secondary dose-response,False
BRD-K41104902-001-01-3,GSK2656157,PERK inhibitor,,435,gsk2656157 | perk inhibitor |  |  | ,other,False,False,False,PRISM Secondary dose-response,False
BRD-K17472821-001-01-2,GSK2830371,protein phosphatase inhibitor,PPM1D,419,gsk2830371 | protein phosphatase inhibitor | ppm1d |  | ,other,False,False,False,PRISM Secondary dose-response,False
BRD-A10523515-001-07-9,GSK429286A,rho associated kinase inhibitor,ROCK1,424,gsk429286a | rho associated kinase inhibitor | rock1 |  | ,other,False,False,False,PRISM Secondary dose-response,False
BRD-K92428232-001-10-6,GSK461364,PLK inhibitor,PLK1,467,gsk461364 | plk inhibitor | plk1 |  | ,other,False,False,False,PRISM Secondary dose-response,False
BRD-K14991967-001-02-6,GSK650394,serum/glucocorticoid regulated kinase inhibitor,"SGK1, SGK2",466,"gsk650394 | serum/glucocorticoid regulated kinase inhibitor | sgk1, sgk2 |  | ",other,False,False,False,PRISM Secondary dose-response,False
BRD-K89015388-001-01-7,GSK923295,centromere associated protein inhibitor,CENPE,439,gsk923295 | centromere associated protein inhibitor | cenpe |  | ,other,False,False,False,PRISM Secondary dose-response,False
BRD-K16664969-001-03-3,GTP-14564,"FLT3 inhibitor, tyrosine kinase inhibitor","CSF1R, FLT3, KIT, PDGFRB",434,"gtp-14564 | flt3 inhibitor, tyrosine kinase inhibitor | csf1r, flt3, kit, pdgfrb |  | ",other,False,False,False,PRISM Secondary dose-response,False
BRD-K33818169-003-04-6,GW-3965,LXR agonist,"NR1H2, NR1H3",419,"gw-3965 | lxr agonist | nr1h2, nr1h3 |  | ",other,False,False,False,PRISM Secondary dose-response,False
BRD-K10705233-001-02-2,GW-405833,cannabinoid receptor agonist,CNR2,444,gw-405833 | cannabinoid receptor agonist | cnr2 |  | ,other,False,False,False,PRISM Secondary dose-response,False
BRD-K41312087-001-02-7,GW-441756,growth factor receptor inhibitor,NTRK1,427,gw-441756 | growth factor receptor inhibitor | ntrk1 |  | ,other,False,False,False,PRISM Secondary dose-response,False
BRD-K79930101-300-03-7,GW-583340,EGFR inhibitor,"EGFR, ERBB2",467,"gw-583340 | egfr inhibitor | egfr, erbb2 |  | ",other,False,False,False,PRISM Secondary dose-response,False
BRD-K78086729-001-02-7,GW-788388,ALK tyrosine kinase receptor inhibitor,"LCK, MAPK14, TGFBR1",421,"gw-788388 | alk tyrosine kinase receptor inhibitor | lck, mapk14, tgfbr1 |  | ",other,False,False,False,PRISM Secondary dose-response,False
BRD-K26823213-001-02-9,GW-842166,cannabinoid receptor agonist,CNR2,452,gw-842166 | cannabinoid receptor agonist | cnr2 |  | ,other,False,False,False,PRISM Secondary dose-response,False
BRD-K90382497-001-10-7,GW-843682X,PLK inhibitor,"PLK1, PLK3",469,"gw-843682x | plk inhibitor | plk1, plk3 |  | ",other,False,False,False,PRISM Secondary dose-response,False
BRD-K35329391-334-01-7,GZD824,Bcr-Abl kinase inhibitor,"ABL1, BCR",456,"gzd824 | bcr-abl kinase inhibitor | abl1, bcr |  | ",other,False,False,False,PRISM Secondary dose-response,False
BRD-K70511574-001-06-9,HMN-214,PLK inhibitor,PLK1,469,hmn-214 | plk inhibitor | plk1 |  | ,other,False,False,False,PRISM Secondary dose-response,False
BRD-K08109215-001-06-4,I-BET-762,bromodomain inhibitor,"BRD2, BRD3, BRD4",471,"i-bet-762 | bromodomain inhibitor | brd2, brd3, brd4 |  | ",other,False,False,False,PRISM Secondary dose-response,False
BRD-K36363294-001-04-2,I-BET151,bromodomain inhibitor,"BRD2, BRD3, BRD4",439,"i-bet151 | bromodomain inhibitor | brd2, brd3, brd4 |  | ",other,False,False,False,PRISM Secondary dose-response,False
BRD-K94455792-001-01-8,ICG-001,beta-catenin inhibitor,CTNNB1,462,icg-001 | beta-catenin inhibitor | ctnnb1 |  | ,other,False,False,False,PRISM Secondary dose-response,False
BRD-K11071038-001-01-7,ICI-162846,histamine receptor antagonist,HRH2,429,ici-162846 | histamine receptor antagonist | hrh2 |  | ,other,False,False,False,PRISM Secondary dose-response,False
BRD-A14344385-001-03-2,IDRA-21,glutamate receptor positive allosteric modulator,"GRIA1, GRIA2, GRIA3, GRIA4",396,"idra-21 | glutamate receptor positive allosteric modulator | gria1, gria2, gria3, gria4 |  | ",other,False,False,False,PRISM Secondary dose-response,False
BRD-K80060353-303-03-9,IEM1754,glutamate receptor antagonist,GRIA1,438,iem1754 | glutamate receptor antagonist | gria1 |  | ,other,False,False,False,PRISM Secondary dose-response,False
BRD-K81016934-001-02-0,INC-280,c-Met inhibitor,MET,475,inc-280 | c-met inhibitor | met |  | ,other,False,False,False,PRISM Secondary dose-response,False
BRD-K70177501-003-01-4,INH1,Hec1 inhibitor,NDC80,437,inh1 | hec1 inhibitor | ndc80 |  | ,other,False,False,False,PRISM Secondary dose-response,False
BRD-K84892605-001-01-1,IOWH032,CFTR channel antagonist,CFTR,441,iowh032 | cftr channel antagonist | cftr |  | ,other,False,False,False,PRISM Secondary dose-response,False
BRD-K76180386-001-01-6,JIB04,histone lysine demethylase inhibitor,KDM4E,464,jib04 | histone lysine demethylase inhibitor | kdm4e |  | ,other,False,False,False,PRISM Secondary dose-response,False
BRD-K38860038-001-01-2,JK-184,hedgehog pathway inhibitor,,461,jk-184 | hedgehog pathway inhibitor |  |  | ,other,False,False,False,PRISM Secondary dose-response,False
BRD-K25596805-001-01-8,JNJ-16259685,glutamate receptor antagonist,GRM1,390,jnj-16259685 | glutamate receptor antagonist | grm1 |  | ,other,False,False,False,PRISM Secondary dose-response,False
BRD-K83837640-001-04-8,JNJ-26481585,HDAC inhibitor,"HDAC1, HDAC10, HDAC11, HDAC2, HDAC3, HDAC4, HDAC5, HDAC6, HDAC7, HDAC8, HDAC9, MDM2",371,"jnj-26481585 | hdac inhibitor | hdac1, hdac10, hdac11, hdac2, hdac3, hdac4, hdac5, hdac6, hdac7, hdac8, hdac9, mdm2 |  | ",other,False,False,False,PRISM Secondary dose-response,False
BRD-K11636097-001-03-1,JNJ-7706621,CDK inhibitor,"AURKA, AURKB, CDK1, CDK2",438,"jnj-7706621 | cdk inhibitor | aurka, aurkb, cdk1, cdk2 |  | ",other,False,False,False,PRISM Secondary dose-response,False
BRD-K54606188-001-13-1,JQ1-(+),bromodomain inhibitor,"BRD4, BRDT",448,"jq1-(+) | bromodomain inhibitor | brd4, brdt |  | ",other,False,False,False,PRISM Secondary dose-response,False
BRD-K17705806-003-04-4,JTC-801,opioid receptor antagonist,OPRL1,464,jtc-801 | opioid receptor antagonist | oprl1 |  | ,other,False,False,False,PRISM Secondary dose-response,False
BRD-K81405859-300-01-4,JTE-607,cytokine production inhibitor,"IL10, IL1B, IL6, TNF",453,"jte-607 | cytokine production inhibitor | il10, il1b, il6, tnf |  | ",other,False,False,False,PRISM Secondary dose-response,False
BRD-K45446451-001-05-0,JZL-184,monoacylglucerol lipase inhibitor,MGLL,435,jzl-184 | monoacylglucerol lipase inhibitor | mgll |  | ,other,False,False,False,PRISM Secondary dose-response,False
BRD-A67748489-001-10-0,K-858,kinesin-like spindle protein inhibitor,KIF11,448,k-858 | kinesin-like spindle protein inhibitor | kif11 |  | ,other,False,False,False,PRISM Secondary dose-response,False
BRD-K26305185-001-02-1,K-Ras(G12C)-inhibitor-6,K-ras inhibitor,,456,k-ras(g12c)-inhibitor-6 | k-ras inhibitor |  |  | ,other,False,False,False,PRISM Secondary dose-response,False
BRD-K71164191-001-01-0,KD-023,ACAT inhibitor,"ACACA, ACACB",455,"kd-023 | acat inhibitor | acaca, acacb |  | ",other,False,False,False,PRISM Secondary dose-response,False
BRD-K88506063-001-01-8,KD025,rho associated kinase inhibitor,ROCK2,463,kd025 | rho associated kinase inhibitor | rock2 |  | ,other,False,False,False,PRISM Secondary dose-response,False
BRD-A54927599-001-16-9,KF-38789,P selectin inhibitor,SELP,470,kf-38789 | p selectin inhibitor | selp |  | ,other,False,False,False,PRISM Secondary dose-response,False
BRD-A25569250-001-03-3,KI-16425,lysophosphatidic acid receptor antagonist,"LPAR1, LPAR3",451,"ki-16425 | lysophosphatidic acid receptor antagonist | lpar1, lpar3 |  | ",other,False,False,False,PRISM Secondary dose-response,False
BRD-K47150025-001-05-3,KI-8751,"KIT inhibitor, PDGFR tyrosine kinase receptor inhibitor, VEGFR inhibitor",KDR,456,"ki-8751 | kit inhibitor, pdgfr tyrosine kinase receptor inhibitor, vegfr inhibitor | kdr |  | ",other,False,False,False,PRISM Secondary dose-response,False
BRD-K46690591-001-01-2,KP-1212,,,370,kp-1212 |  |  |  | ,other,False,False,False,PRISM Secondary dose-response,False
BRD-K71467466-001-02-3,KPT-185,exportin antagonist,XPO1,471,kpt-185 | exportin antagonist | xpo1 |  | ,other,False,False,False,PRISM Secondary dose-response,False
BRD-K75352575-001-01-3,KPT-276,exportin antagonist,XPO1,465,kpt-276 | exportin antagonist | xpo1 |  | ,other,False,False,False,PRISM Secondary dose-response,False
BRD-K21718444-001-06-8,KW-2449,"Abl kinase inhibitor, Aurora kinase inhibitor, FLT3 inhibitor","ABL1, AURKA, AURKB, FLT3",465,"kw-2449 | abl kinase inhibitor, aurora kinase inhibitor, flt3 inhibitor | abl1, aurka, aurkb, flt3 |  | ",other,False,False,False,PRISM Secondary dose-response,False
BRD-K41213548-001-02-0,KW-2478,HSP inhibitor,,475,kw-2478 | hsp inhibitor |  |  | ,other,False,False,False,PRISM Secondary dose-response,False
BRD-K13302470-001-02-7,KY02111,Wnt pathway inhibitor,DKK1,415,ky02111 | wnt pathway inhibitor | dkk1 |  | ,other,False,False,False,PRISM Secondary dose-response,False
BRD-K43905307-001-01-2,"L-798,106",prostanoid receptor antagonist,PTGER3,447,"l-798,106 | prostanoid receptor antagonist | ptger3 |  | ",other,False,False,False,PRISM Secondary dose-response,False
BRD-K18834913-001-01-1,LB42708,farnesyltransferase inhibitor,,467,lb42708 | farnesyltransferase inhibitor |  |  | ,other,False,False,False,PRISM Secondary dose-response,False
BRD-K08248804-001-01-8,LCL-161,XIAP inhibitor,"BIRC2, XIAP",435,"lcl-161 | xiap inhibitor | birc2, xiap |  | ",other,False,False,False,PRISM Secondary dose-response,False
BRD-K59831625-001-01-6,LDN-212854,bone morphogenic protein inhibitor,"ABL1, ACVR1, RIPK2",468,"ldn-212854 | bone morphogenic protein inhibitor | abl1, acvr1, ripk2 |  | ",other,False,False,False,PRISM Secondary dose-response,False
BRD-K94485812-001-02-9,LDN-57444,ubiquitin C-terminal hydrolase inhibitor,,445,ldn-57444 | ubiquitin c-terminal hydrolase inhibitor |  |  | ,other,False,False,False,PRISM Secondary dose-response,False
BRD-K06593056-001-04-8,LE-135,retinoid receptor agonist,RARB,458,le-135 | retinoid receptor agonist | rarb |  | ,other,False,False,False,PRISM Secondary dose-response,False
BRD-A56085258-001-01-8,LGX818,RAF inhibitor,BRAF,434,lgx818 | raf inhibitor | braf |  | ,other,False,False,False,PRISM Secondary dose-response,False
BRD-K78055238-001-01-8,LY2090314,glycogen synthase kinase inhibitor,GSK3B,457,ly2090314 | glycogen synthase kinase inhibitor | gsk3b |  | ,other,False,False,False,PRISM Secondary dose-response,False
BRD-K47557313-001-02-7,LY2109761,TGF beta receptor inhibitor,"TGFBR1, TGFBR2",424,"ly2109761 | tgf beta receptor inhibitor | tgfbr1, tgfbr2 |  | ",other,False,False,False,PRISM Secondary dose-response,False
BRD-K37865504-001-04-1,LY2183240,"FAAH inhibitor, FAAH reuptake inhibitor",FAAH,472,"ly2183240 | faah inhibitor, faah reuptake inhibitor | faah |  | ",other,False,False,False,PRISM Secondary dose-response,False
BRD-K04993719-001-01-7,LY2334737,"antitumor agent, ribonucleotide reductase inhibitor",,463,"ly2334737 | antitumor agent, ribonucleotide reductase inhibitor |  |  | ",other,False,False,False,PRISM Secondary dose-response,False
BRD-K14109347-001-03-4,LY2603618,CHK inhibitor,CHEK1,478,ly2603618 | chk inhibitor | chek1 |  | ,other,False,False,False,PRISM Secondary dose-response,False
BRD-K20463415-300-01-4,LY2606368,CHK inhibitor,CHEK1,467,ly2606368 | chk inhibitor | chek1 |  | ,other,False,False,False,PRISM Secondary dose-response,False
BRD-K12068470-001-02-5,LY2608204,glucokinase activator,GCK,444,ly2608204 | glucokinase activator | gck |  | ,other,False,False,False,PRISM Secondary dose-response,False
BRD-K25630527-001-03-8,LY2784544,JAK inhibitor,"JAK2, JAK3",455,"ly2784544 | jak inhibitor | jak2, jak3 |  | ",other,False,False,False,PRISM Secondary dose-response,False
BRD-K18961567-001-01-1,LY2801653,MET inhibitor,MET,477,ly2801653 | met inhibitor | met |  | ,other,False,False,False,PRISM Secondary dose-response,False
BRD-K17203476-001-01-9,LY2874455,FGFR antagonist,"FGFR1, FGFR2, FGFR3, FGFR4, KDR",445,"ly2874455 | fgfr antagonist | fgfr1, fgfr2, fgfr3, fgfr4, kdr |  | ",other,False,False,False,PRISM Secondary dose-response,False
BRD-K82967180-001-01-6,LY3023414,"PI3K inhibitor, mTOR inhibitor",MTOR,469,"ly3023414 | pi3k inhibitor, mtor inhibitor | mtor |  | ",other,False,False,False,PRISM Secondary dose-response,False
BRD-K22385716-001-02-5,LY303511,"casein kinase inhibitor, mTOR inhibitor, PI3K inhibitor","BRD2, BRD3, BRD4",427,"ly303511 | casein kinase inhibitor, mtor inhibitor, pi3k inhibitor | brd2, brd3, brd4 |  | ",other,False,False,False,PRISM Secondary dose-response,False
BRD-K06234293-001-04-2,LY364947,"TGF beta receptor inhibitor, p38 MAPK inhibitor",TGFBR1,399,"ly364947 | tgf beta receptor inhibitor, p38 mapk inhibitor | tgfbr1 |  | ",other,False,False,False,PRISM Secondary dose-response,False
BRD-K87696786-003-04-4,LY456236,glutamate receptor antagonist,GRM1,460,ly456236 | glutamate receptor antagonist | grm1 |  | ,other,False,False,False,PRISM Secondary dose-response,False
BRD-K45528773-001-07-2,M-344,HDAC inhibitor,,467,m-344 | hdac inhibitor |  |  | ,other,False,False,False,PRISM Secondary dose-response,False
BRD-K12244279-001-05-8,MEK1-2-inhibitor,MEK inhibitor,MAP2K2,435,mek1-2-inhibitor | mek inhibitor | map2k2 |  | ,other,False,False,False,PRISM Secondary dose-response,False
BRD-K82244583-001-01-3,MEK162,MEK inhibitor,"MAP2K1, MAP2K2",446,"mek162 | mek inhibitor | map2k1, map2k2 |  | ",other,False,False,False,PRISM Secondary dose-response,False
BRD-K56277358-001-07-5,MGCD-265,VEGFR inhibitor,"AXL, MET",455,"mgcd-265 | vegfr inhibitor | axl, met |  | ",other,False,False,False,PRISM Secondary dose-response,False
BRD-K38868394-001-01-3,MK-0773,androgen receptor modulator,AR,381,mk-0773 | androgen receptor modulator | ar |  | ,other,False,False,False,PRISM Secondary dose-response,False
BRD-K14175878-001-01-6,MK-0812,CC chemokine receptor antagonist,CCR2,443,mk-0812 | cc chemokine receptor antagonist | ccr2 |  | ,other,False,False,False,PRISM Secondary dose-response,False
BRD-K54256913-001-08-7,MK-1775,WEE1 kinase inhibitor,WEE1,479,mk-1775 | wee1 kinase inhibitor | wee1 |  | ,other,False,False,False,PRISM Secondary dose-response,False
BRD-K68065987-300-09-1,MK-2206,AKT inhibitor,"AKT1, AKT2, AKT3",475,"mk-2206 | akt inhibitor | akt1, akt2, akt3 |  | ",other,False,False,False,PRISM Secondary dose-response,False
BRD-K56405753-001-02-4,MK-2461,"FGFR inhibitor, VEGFR inhibitor","FGFR1, FGFR2, FGFR3, FLT1, FLT3, FLT4, KDR, MERTK, MET, MST1R, NTRK1, NTRK2, PDGFRB",459,"mk-2461 | fgfr inhibitor, vegfr inhibitor | fgfr1, fgfr2, fgfr3, flt1, flt3, flt4, kdr, mertk, met, mst1r, ntrk1, ntrk2, pdgfrb |  | ",other,False,False,False,PRISM Secondary dose-response,False
BRD-K66911501-003-01-2,MK-3207,calcitonin antagonist,CALCA,414,mk-3207 | calcitonin antagonist | calca |  | ,other,False,False,False,PRISM Secondary dose-response,False
BRD-K53665955-001-03-0,MK-5108,Aurora kinase inhibitor,"AURKA, AURKB, AURKC",467,"mk-5108 | aurora kinase inhibitor | aurka, aurkb, aurkc |  | ",other,False,False,False,PRISM Secondary dose-response,False
BRD-K29656036-001-02-5,MK-8245,stearoyl-CoA desaturase inhibitor,SCD,461,mk-8245 | stearoyl-coa desaturase inhibitor | scd |  | ,other,False,False,False,PRISM Secondary dose-response,False
BRD-K25279140-001-01-5,MK-8745,Aurora kinase inhibitor,AURKA,444,mk-8745 | aurora kinase inhibitor | aurka |  | ,other,False,False,False,PRISM Secondary dose-response,False
BRD-K33743361-003-02-6,ML133,potassium channel blocker,,464,ml133 | potassium channel blocker |  |  | ,other,False,False,False,PRISM Secondary dose-response,False
BRD-K83963101-001-06-9,MLN-8054,Aurora kinase inhibitor,AURKA,368,mln-8054 | aurora kinase inhibitor | aurka |  | ,other,False,False,False,PRISM Secondary dose-response,False
BRD-K59317601-001-05-5,MLN0128,mTOR inhibitor,"MTOR, PIK3CA, PIK3CD, PIK3CG",475,"mln0128 | mtor inhibitor | mtor, pik3ca, pik3cd, pik3cg |  | ",other,False,False,False,PRISM Secondary dose-response,False
BRD-K42205652-001-02-7,"MNS-(3,4-Methylenedioxy-nitrostyrene)","src inhibitor, syk inhibitor","SRC, SYK",439,"mns-(3,4-methylenedioxy-nitrostyrene) | src inhibitor, syk inhibitor | src, syk |  | ",other,False,False,False,PRISM Secondary dose-response,False
BRD-K45551181-001-02-1,MPI-0479605,mitotic kinase inhibitor,TTK,447,mpi-0479605 | mitotic kinase inhibitor | ttk |  | ,other,False,False,False,PRISM Secondary dose-response,False
BRD-K37618799-001-03-0,MRS-1220,adenosine receptor antagonist,"ADORA2B, ADORA3",457,"mrs-1220 | adenosine receptor antagonist | adora2b, adora3 |  | ",other,False,False,False,PRISM Secondary dose-response,False
BRD-A28329383-001-02-1,MTPG,glutamate receptor antagonist,"GRM2, GRM3",431,"mtpg | glutamate receptor antagonist | grm2, grm3 |  | ",other,False,False,False,PRISM Secondary dose-response,False
BRD-A92872453-001-01-8,N-acetylmannosamine,,CHIT1,390,n-acetylmannosamine |  | chit1 |  | ,other,False,False,False,PRISM Secondary dose-response,False
BRD-K69195780-004-08-4,NAN-190,serotonin receptor agonist,"ADRA1A, ADRA1B, ADRA1D, HTR1A, HTR1F",407,"nan-190 | serotonin receptor agonist | adra1a, adra1b, adra1d, htr1a, htr1f |  | ",other,False,False,False,PRISM Secondary dose-response,False
BRD-K31086665-005-04-6,NH125,eukaryotic translation elongation factor 2 inhibitor,,473,nh125 | eukaryotic translation elongation factor 2 inhibitor |  |  | ,other,False,False,False,PRISM Secondary dose-response,False
BRD-K83699324-001-01-1,NMS-1286937,PLK inhibitor,"FLT3, PLK1, PLK2, PLK3",371,"nms-1286937 | plk inhibitor | flt3, plk1, plk2, plk3 |  | ",other,False,False,False,PRISM Secondary dose-response,False
BRD-K26253904-001-01-5,NMS-873,ATPase inhibitor,VCP,462,nms-873 | atpase inhibitor | vcp |  | ,other,False,False,False,PRISM Secondary dose-response,False
BRD-K58770988-001-01-8,NMS-E973,HSP inhibitor,,460,nms-e973 | hsp inhibitor |  |  | ,other,False,False,False,PRISM Secondary dose-response,False
BRD-A80213327-305-08-3,NSC-23766,Ras GTPase inhibitor,,399,nsc-23766 | ras gtpase inhibitor |  |  | ,other,False,False,False,PRISM Secondary dose-response,False
BRD-K13169950-001-14-4,NSC-3852,HDAC inhibitor,HDAC1,441,nsc-3852 | hdac inhibitor | hdac1 |  | ,other,False,False,False,PRISM Secondary dose-response,False
BRD-K81197548-003-01-4,NSC-632839,ubiquitin specific protease inhibitor,"SENP2, USP1, USP2, USP7",464,"nsc-632839 | ubiquitin specific protease inhibitor | senp2, usp1, usp2, usp7 |  | ",other,False,False,False,PRISM Secondary dose-response,False
BRD-K03109492-001-02-2,NSC-663284,CDC inhibitor,"CDC25A, CDC25B, CDC25C",463,"nsc-663284 | cdc inhibitor | cdc25a, cdc25b, cdc25c |  | ",other,False,False,False,PRISM Secondary dose-response,False
BRD-K20605374-001-05-4,NSC-697923,ubiquitin-conjugating enzyme inhibitor,UBE2N,466,nsc-697923 | ubiquitin-conjugating enzyme inhibitor | ube2n |  | ,other,False,False,False,PRISM Secondary dose-response,False
BRD-K03294269-001-08-0,NU6027,CDK inhibitor,"CCNA2, CDK2",442,"nu6027 | cdk inhibitor | ccna2, cdk2 |  | ",other,False,False,False,PRISM Secondary dose-response,False
BRD-K24696047-001-02-3,NVP-AEW541,IGF-1 inhibitor,"IGF1R, INSR",404,"nvp-aew541 | igf-1 inhibitor | igf1r, insr |  | ",other,False,False,False,PRISM Secondary dose-response,False
BRD-K41859756-001-06-8,NVP-AUY922,HSP inhibitor,"HSP90AA1, HSP90AB1",479,"nvp-auy922 | hsp inhibitor | hsp90aa1, hsp90ab1 |  | ",other,False,False,False,PRISM Secondary dose-response,False
BRD-K12184916-001-15-4,NVP-BEZ235,"mTOR inhibitor, PI3K inhibitor","ATR, MTOR, PIK3CA, PIK3CD, PIK3CG",371,"nvp-bez235 | mtor inhibitor, pi3k inhibitor | atr, mtor, pik3ca, pik3cd, pik3cg |  | ",other,False,False,False,PRISM Secondary dose-response,False
BRD-K12184916-001-19-6,NVP-BEZ235,"mTOR inhibitor, PI3K inhibitor","ATR, MTOR, PIK3CA, PIK3CD, PIK3CG",426,"nvp-bez235 | mtor inhibitor, pi3k inhibitor | atr, mtor, pik3ca, pik3cd, pik3cg |  | ",other,False,False,False,PRISM Secondary dose-response,False
BRD-K79259477-001-04-9,NVP-BHG712,ephrin inhibitor,EPHB4,436,nvp-bhg712 | ephrin inhibitor | ephb4 |  | ,other,False,False,False,PRISM Secondary dose-response,False
BRD-K77943374-001-02-8,NVP-BVU972,MET inhibitor,MET,450,nvp-bvu972 | met inhibitor | met |  | ,other,False,False,False,PRISM Secondary dose-response,False
BRD-K21025364-001-05-6,NVP-TAE226,protein tyrosine kinase inhibitor,PTK2,461,nvp-tae226 | protein tyrosine kinase inhibitor | ptk2 |  | ,other,False,False,False,PRISM Secondary dose-response,False
BRD-K50140147-001-10-1,NVP-TAE684,ALK tyrosine kinase receptor inhibitor,"ALK, INSR",445,"nvp-tae684 | alk tyrosine kinase receptor inhibitor | alk, insr |  | ",other,False,False,False,PRISM Secondary dose-response,False
BRD-K95523387-001-09-6,OLDA,TRPV agonist,GPR119,384,olda | trpv agonist | gpr119 |  | ,other,False,False,False,PRISM Secondary dose-response,False
BRD-K58529924-001-01-5,ONC201,"AKT inhibitor, MAP kinase inhibitor",TNFSF10,474,"onc201 | akt inhibitor, map kinase inhibitor | tnfsf10 |  | ",other,False,False,False,PRISM Secondary dose-response,False
BRD-K87124298-001-03-4,OSI-027,mTOR inhibitor,MTOR,475,osi-027 | mtor inhibitor | mtor |  | ,other,False,False,False,PRISM Secondary dose-response,False
BRD-K73309154-003-02-8,OSI-420,EGFR inhibitor,EGFR,455,osi-420 | egfr inhibitor | egfr |  | ,other,False,False,False,PRISM Secondary dose-response,False
BRD-K25340465-001-11-1,OSI-930,"KIT inhibitor, VEGFR inhibitor","KDR, KIT",449,"osi-930 | kit inhibitor, vegfr inhibitor | kdr, kit |  | ",other,False,False,False,PRISM Secondary dose-response,False
BRD-K53417444-003-03-1,OTS167,maternal embryonic leucine zipper kinase inhibitor,MELK,476,ots167 | maternal embryonic leucine zipper kinase inhibitor | melk |  | ,other,False,False,False,PRISM Secondary dose-response,False
BRD-K43471985-001-03-0,OTX015,bromodomain inhibitor,"BRD2, BRD3, BRD4",387,"otx015 | bromodomain inhibitor | brd2, brd3, brd4 |  | ",other,False,False,False,PRISM Secondary dose-response,False
BRD-K97714174-001-01-3,P22077,ubiquitin specific protease inhibitor,USP7,450,p22077 | ubiquitin specific protease inhibitor | usp7 |  | ,other,False,False,False,PRISM Secondary dose-response,False
BRD-K51791723-003-01-7,P276-00,CDK inhibitor,"CDK1, CDK4, CDK9",479,"p276-00 | cdk inhibitor | cdk1, cdk4, cdk9 |  | ",other,False,False,False,PRISM Secondary dose-response,False
BRD-K13606314-001-01-3,P5091,ubiquitin specific protease inhibitor,USP7,460,p5091 | ubiquitin specific protease inhibitor | usp7 |  | ,other,False,False,False,PRISM Secondary dose-response,False
BRD-K12867552-001-04-7,PCI-24781,HDAC inhibitor,"HDAC1, HDAC2, HDAC3, HDAC6",470,"pci-24781 | hdac inhibitor | hdac1, hdac2, hdac3, hdac6 |  | ",other,False,False,False,PRISM Secondary dose-response,False
BRD-K49865102-001-08-4,PD-0325901,MEK inhibitor,MAP2K1,462,pd-0325901 | mek inhibitor | map2k1 |  | ,other,False,False,False,PRISM Secondary dose-response,False
BRD-K26603252-003-04-9,PD-153035,EGFR inhibitor,"EGFR, KDR",443,"pd-153035 | egfr inhibitor | egfr, kdr |  | ",other,False,False,False,PRISM Secondary dose-response,False
BRD-K17702546-001-03-2,PD-168393,EGFR inhibitor,"EGFR, ERBB2, SRC",471,"pd-168393 | egfr inhibitor | egfr, erbb2, src |  | ",other,False,False,False,PRISM Secondary dose-response,False
BRD-K97764662-001-17-3,PD-173074,"FGFR inhibitor, VEGFR inhibitor","FGFR1, FGFR2, FGFR3, FGFR4, FLT1, FLT4, KDR, PDGFRA, PDGFRB",436,"pd-173074 | fgfr inhibitor, vegfr inhibitor | fgfr1, fgfr2, fgfr3, fgfr4, flt1, flt4, kdr, pdgfra, pdgfrb |  | ",other,False,False,False,PRISM Secondary dose-response,False
BRD-K05104363-001-10-0,PD-184352,MEK inhibitor,"MAP2K1, MAP3K1, MAP3K2",459,"pd-184352 | mek inhibitor | map2k1, map3k1, map3k2 |  | ",other,False,False,False,PRISM Secondary dose-response,False
BRD-K88677950-001-03-9,PD-198306,"MAP kinase inhibitor, MEK inhibitor","MAP2K1, MAP2K2",471,"pd-198306 | map kinase inhibitor, mek inhibitor | map2k1, map2k2 |  | ",other,False,False,False,PRISM Secondary dose-response,False
BRD-A57798112-001-03-7,PD-318088,MEK inhibitor,MAP2K1,462,pd-318088 | mek inhibitor | map2k1 |  | ,other,False,False,False,PRISM Secondary dose-response,False
BRD-K82823804-001-04-1,PD-407824,PKC inhibitor,WEE1,436,pd-407824 | pkc inhibitor | wee1 |  | ,other,False,False,False,PRISM Secondary dose-response,False
BRD-K62810658-001-12-2,PD-98059,MEK inhibitor,"AKT1, CHEK1, GSK3B, LCK, MAP2K1, MAPK1, MAPK11, MAPK12, MAPK14, MAPK8, PRKCA, RAF1, ROCK1, RPS6KB1, SGK1",290,"pd-98059 | mek inhibitor | akt1, chek1, gsk3b, lck, map2k1, mapk1, mapk11, mapk12, mapk14, mapk8, prkca, raf1, rock1, rps6kb1, sgk1 |  | ",other,False,False,False,PRISM Secondary dose-response,False
BRD-K37764012-001-04-1,PF-03758309,p21 activated kinase inhibitor,PAK4,330,pf-03758309 | p21 activated kinase inhibitor | pak4 |  | ,other,False,False,False,PRISM Secondary dose-response,False
BRD-K68747584-001-02-0,PF-03814735,Aurora kinase inhibitor,"AURKA, AURKB",451,"pf-03814735 | aurora kinase inhibitor | aurka, aurkb |  | ",other,False,False,False,PRISM Secondary dose-response,False
BRD-K94420399-001-01-9,PF-04136309,CC chemokine receptor antagonist,,428,pf-04136309 | cc chemokine receptor antagonist |  |  | ,other,False,False,False,PRISM Secondary dose-response,False
BRD-K73319509-001-08-0,PF-04217903,c-Met inhibitor,MET,439,pf-04217903 | c-met inhibitor | met |  | ,other,False,False,False,PRISM Secondary dose-response,False
BRD-K86816506-001-01-8,PF-04457845,FAAH inhibitor,FAAH,465,pf-04457845 | faah inhibitor | faah |  | ,other,False,False,False,PRISM Secondary dose-response,False
BRD-K07310275-001-02-5,PF-04691502,"mTOR inhibitor, PI3K inhibitor","MTOR, PIK3CA",447,"pf-04691502 | mtor inhibitor, pi3k inhibitor | mtor, pik3ca |  | ",other,False,False,False,PRISM Secondary dose-response,False
BRD-K07955840-001-02-3,PF-05212384,"mTOR inhibitor, PI3K inhibitor","MTOR, PIK3CA",476,"pf-05212384 | mtor inhibitor, pi3k inhibitor | mtor, pik3ca |  | ",other,False,False,False,PRISM Secondary dose-response,False
BRD-K68997413-001-05-1,PF-3845,FAAH inhibitor,FAAH,431,pf-3845 | faah inhibitor | faah |  | ,other,False,False,False,PRISM Secondary dose-response,False
BRD-K03063480-001-06-6,PF-477736,CHK inhibitor,"CHEK1, CHEK2",452,"pf-477736 | chk inhibitor | chek1, chek2 |  | ",other,False,False,False,PRISM Secondary dose-response,False
BRD-K78318619-001-02-7,PF-4981517,cytochrome P450 inhibitor,CYP3A4,443,pf-4981517 | cytochrome p450 inhibitor | cyp3a4 |  | ,other,False,False,False,PRISM Secondary dose-response,False
BRD-K99545815-001-06-3,PF-562271,focal adhesion kinase inhibitor,"PTK2, PTK2B",465,"pf-562271 | focal adhesion kinase inhibitor | ptk2, ptk2b |  | ",other,False,False,False,PRISM Secondary dose-response,False
BRD-K79239947-001-06-8,PF-573228,focal adhesion kinase inhibitor,"CDK1, CDK2, CDK7, GSK3B, IKBKB",455,"pf-573228 | focal adhesion kinase inhibitor | cdk1, cdk2, cdk7, gsk3b, ikbkb |  | ",other,False,False,False,PRISM Secondary dose-response,False
BRD-K13094524-001-07-5,PFI-1,bromodomain inhibitor,BRD4,454,pfi-1 | bromodomain inhibitor | brd4 |  | ,other,False,False,False,PRISM Secondary dose-response,False
BRD-K95573441-001-01-2,PFK-015,phosphofructokinase inhibitor,PFKFB3,371,pfk-015 | phosphofructokinase inhibitor | pfkfb3 |  | ,other,False,False,False,PRISM Secondary dose-response,False
BRD-K95435023-001-08-5,PHA-665752,c-Met inhibitor,MET,443,pha-665752 | c-met inhibitor | met |  | ,other,False,False,False,PRISM Secondary dose-response,False
BRD-K09443272-001-03-3,PHA-680632,Aurora kinase inhibitor,"AURKA, AURKB, AURKC",444,"pha-680632 | aurora kinase inhibitor | aurka, aurkb, aurkc |  | ",other,False,False,False,PRISM Secondary dose-response,False
BRD-K50000283-001-04-4,PHA-767491,CDC inhibitor,"CDK1, RPS6KB1",460,"pha-767491 | cdc inhibitor | cdk1, rps6kb1 |  | ",other,False,False,False,PRISM Secondary dose-response,False
BRD-K64800655-001-07-4,PHA-793887,CDK inhibitor,"CDK1, CDK2, CDK4, CDK5, CDK7, CDK9",474,"pha-793887 | cdk inhibitor | cdk1, cdk2, cdk4, cdk5, cdk7, cdk9 |  | ",other,False,False,False,PRISM Secondary dose-response,False
BRD-K60997853-001-02-3,PHA-848125,"CDK inhibitor, growth factor receptor inhibitor","CDK2, CDK4, CDK7, NTRK1",479,"pha-848125 | cdk inhibitor, growth factor receptor inhibitor | cdk2, cdk4, cdk7, ntrk1 |  | ",other,False,False,False,PRISM Secondary dose-response,False
BRD-K67868012-001-07-6,PI-103,"mTOR inhibitor, PI3K inhibitor","MTOR, PIK3CA, PIK3CB, PIK3CD, PIK3CG, PRKDC",457,"pi-103 | mtor inhibitor, pi3k inhibitor | mtor, pik3ca, pik3cb, pik3cd, pik3cg, prkdc |  | ",other,False,False,False,PRISM Secondary dose-response,False
BRD-K97365803-001-02-1,PI-828,PI3K inhibitor,,426,pi-828 | pi3k inhibitor |  |  | ,other,False,False,False,PRISM Secondary dose-response,False
BRD-K62374002-001-01-5,PI3K-IN-2,PI3K inhibitor,,472,pi3k-in-2 | pi3k inhibitor |  |  | ,other,False,False,False,PRISM Secondary dose-response,False
BRD-K49371609-003-03-8,PIK-75,"DNA protein kinase inhibitor, PI3K inhibitor","PIK3CA, PIK3CB, PIK3CD, PIK3CG, PRKDC",465,"pik-75 | dna protein kinase inhibitor, pi3k inhibitor | pik3ca, pik3cb, pik3cd, pik3cg, prkdc |  | ",other,False,False,False,PRISM Secondary dose-response,False
BRD-A28467416-002-01-0,PKI-179,"mTOR inhibitor, PI3K inhibitor",MTOR,467,"pki-179 | mtor inhibitor, pi3k inhibitor | mtor |  | ",other,False,False,False,PRISM Secondary dose-response,False
BRD-K16478699-001-09-2,PLX-4720,RAF inhibitor,"BRAF, KDR",468,"plx-4720 | raf inhibitor | braf, kdr |  | ",other,False,False,False,PRISM Secondary dose-response,False
BRD-K47598052-001-15-8,PP-1,src inhibitor,"HCK, RET",453,"pp-1 | src inhibitor | hck, ret |  | ",other,False,False,False,PRISM Secondary dose-response,False
BRD-K81801188-001-02-8,PP-121,protein tyrosine kinase inhibitor,"ABL1, EGFR, HCK, KDR, MTOR, PDGFRA, PIK3CA, PIK3CB, PIK3CD, PIK3CG, PRKDC, SRC",468,"pp-121 | protein tyrosine kinase inhibitor | abl1, egfr, hck, kdr, mtor, pdgfra, pik3ca, pik3cb, pik3cd, pik3cg, prkdc, src |  | ",other,False,False,False,PRISM Secondary dose-response,False
BRD-K95785537-001-23-1,PP-2,src inhibitor,"ABL1, LCK, LYN, RIPK2, SRC",411,"pp-2 | src inhibitor | abl1, lck, lyn, ripk2, src |  | ",other,False,False,False,PRISM Secondary dose-response,False
BRD-K87112191-001-04-5,PP242,mTOR inhibitor,"MTOR, PASK",464,"pp242 | mtor inhibitor | mtor, pask |  | ",other,False,False,False,PRISM Secondary dose-response,False
BRD-K00312224-001-09-5,PPT,estrogen receptor agonist,ESR1,440,ppt | estrogen receptor agonist | esr1 |  | ,other,False,False,False,PRISM Secondary dose-response,False
BRD-K67537649-001-04-5,PQ-401,IGF-1 inhibitor,IGF1R,422,pq-401 | igf-1 inhibitor | igf1r |  | ,other,False,False,False,PRISM Secondary dose-response,False
BRD-K54395039-001-01-7,PR-619,DUB inhibitor,,445,pr-619 | dub inhibitor |  |  | ,other,False,False,False,PRISM Secondary dose-response,False
BRD-K25835157-001-01-4,PRT062070,"JAK inhibitor, syk inhibitor",SYK,453,"prt062070 | jak inhibitor, syk inhibitor | syk |  | ",other,False,False,False,PRISM Secondary dose-response,False
BRD-K53734668-003-02-0,PRT062607,syk inhibitor,"FGR, MAP3K9, SYK",460,"prt062607 | syk inhibitor | fgr, map3k9, syk |  | ",other,False,False,False,PRISM Secondary dose-response,False
BRD-K49027941-001-01-1,PSB-1115,adenosine receptor antagonist,"ADORA1, ADORA2B, ADORA3",432,"psb-1115 | adenosine receptor antagonist | adora1, adora2b, adora3 |  | ",other,False,False,False,PRISM Secondary dose-response,False
BRD-K05674516-001-01-7,PSI-7976,HCV inhibitor,,422,psi-7976 | hcv inhibitor |  |  | ,other,False,False,False,PRISM Secondary dose-response,False
BRD-K83834509-001-01-1,PTC-209,BMI-1 inhibitor,,455,ptc-209 | bmi-1 inhibitor |  |  | ,other,False,False,False,PRISM Secondary dose-response,False
BRD-K36529613-001-02-6,PU-H71,HSP inhibitor,HSP90AA1,467,pu-h71 | hsp inhibitor | hsp90aa1 |  | ,other,False,False,False,PRISM Secondary dose-response,False
BRD-K86687746-001-01-3,R306465,HDAC inhibitor,,402,r306465 | hdac inhibitor |  |  | ,other,False,False,False,PRISM Secondary dose-response,False
BRD-K20285085-074-04-5,R406,SYK inhibitor,"RET, SYK",465,"r406 | syk inhibitor | ret, syk |  | ",other,False,False,False,PRISM Secondary dose-response,False
BRD-K52233191-001-02-4,R547,CDK inhibitor,"CDK1, CDK2, CDK4, CDK7",402,"r547 | cdk inhibitor | cdk1, cdk2, cdk4, cdk7 |  | ",other,False,False,False,PRISM Secondary dose-response,False
BRD-K93123848-001-04-1,RAF265,"RAF inhibitor, VEGFR inhibitor",BRAF,461,"raf265 | raf inhibitor, vegfr inhibitor | braf |  | ",other,False,False,False,PRISM Secondary dose-response,False
BRD-K89391146-001-08-0,RG108,DNA methyltransferase inhibitor,"DNMT1, DNMT3B",424,"rg108 | dna methyltransferase inhibitor | dnmt1, dnmt3b |  | ",other,False,False,False,PRISM Secondary dose-response,False
BRD-K02389548-001-02-5,RG2833,HDAC inhibitor,"HDAC1, HDAC3",418,"rg2833 | hdac inhibitor | hdac1, hdac3 |  | ",other,False,False,False,PRISM Secondary dose-response,False
BRD-K61688984-001-02-9,RGFP966,HDAC inhibitor,HDAC3,387,rgfp966 | hdac inhibitor | hdac3 |  | ,other,False,False,False,PRISM Secondary dose-response,False
BRD-K79555887-001-01-0,RI-1,,RAD51,425,ri-1 |  | rad51 |  | ,other,False,False,False,PRISM Secondary dose-response,False
BRD-K19333160-001-01-3,RKI-1447,rho associated kinase inhibitor,"CDC42BPA, DMPK, LIMK1, MYLK, PAK1, PKN1, ROCK1, ROCK2",453,"rki-1447 | rho associated kinase inhibitor | cdc42bpa, dmpk, limk1, mylk, pak1, pkn1, rock1, rock2 |  | ",other,False,False,False,PRISM Secondary dose-response,False
BRD-K95581532-001-01-5,RN-1734,TRPV antagonist,TRPV4,452,rn-1734 | trpv antagonist | trpv4 |  | ,other,False,False,False,PRISM Secondary dose-response,False
BRD-K80725821-300-02-9,RS-16566,serotonin receptor antagonist,,451,rs-16566 | serotonin receptor antagonist |  |  | ,other,False,False,False,PRISM Secondary dose-response,False
BRD-K76840893-003-02-5,RS-17053,adrenergic receptor antagonist,"ADRA1A, ADRA1D",447,"rs-17053 | adrenergic receptor antagonist | adra1a, adra1d |  | ",other,False,False,False,PRISM Secondary dose-response,False
BRD-K87510569-001-02-8,RS-504393,CC chemokine receptor antagonist,"CCL2, CCR2",435,"rs-504393 | cc chemokine receptor antagonist | ccl2, ccr2 |  | ",other,False,False,False,PRISM Secondary dose-response,False
BRD-K50018155-003-02-1,RS-67506,serotonin receptor partial agonist,HTR4,376,rs-67506 | serotonin receptor partial agonist | htr4 |  | ,other,False,False,False,PRISM Secondary dose-response,False
BRD-K62762455-001-01-3,RU-58841,androgen receptor antagonist,AR,346,ru-58841 | androgen receptor antagonist | ar |  | ,other,False,False,False,PRISM Secondary dose-response,False
BRD-A63546914-003-02-0,Ro-04-5595,,GRIN2B,440,ro-04-5595 |  | grin2b |  | ,other,False,False,False,PRISM Secondary dose-response,False
BRD-K79684402-300-02-8,Ro-10-5824,dopamine receptor agonist,DRD4,420,ro-10-5824 | dopamine receptor agonist | drd4 |  | ,other,False,False,False,PRISM Secondary dose-response,False
BRD-K64538373-001-01-4,Ro-4987655,MEK inhibitor,MAP2K1,465,ro-4987655 | mek inhibitor | map2k1 |  | ,other,False,False,False,PRISM Secondary dose-response,False
BRD-K58299615-001-03-5,Ro-90-7501,,APP,451,ro-90-7501 |  | app |  | ,other,False,False,False,PRISM Secondary dose-response,False
BRD-K57284066-001-01-6,Ro-9187,HCV inhibitor,,443,ro-9187 | hcv inhibitor |  |  | ,other,False,False,False,PRISM Secondary dose-response,False
BRD-K63123526-001-01-2,S-methylcysteine,,"CTSD, MGMT",376,"s-methylcysteine |  | ctsd, mgmt |  | ",other,False,False,False,PRISM Secondary dose-response,False
BRD-K38904395-001-02-3,SAR131675,VEGFR inhibitor,FLT4,441,sar131675 | vegfr inhibitor | flt4 |  | ,other,False,False,False,PRISM Secondary dose-response,False
BRD-K77677632-003-02-6,SB-200646,serotonin receptor antagonist,"HTR2B, HTR2C",452,"sb-200646 | serotonin receptor antagonist | htr2b, htr2c |  | ",other,False,False,False,PRISM Secondary dose-response,False
BRD-A22707317-001-10-8,SB-205384,GABA receptor modulator,"GABRA3, GABRA5, GABRA6",465,"sb-205384 | gaba receptor modulator | gabra3, gabra5, gabra6 |  | ",other,False,False,False,PRISM Secondary dose-response,False
BRD-K30867024-003-03-3,SB-216641,serotonin receptor antagonist,"HTR1A, HTR1B, HTR1D, HTR2A, HTR2B, HTR2C",455,"sb-216641 | serotonin receptor antagonist | htr1a, htr1b, htr1d, htr2a, htr2b, htr2c |  | ",other,False,False,False,PRISM Secondary dose-response,False
BRD-A06352508-001-03-7,SB-218078,CHK inhibitor,CHEK1,464,sb-218078 | chk inhibitor | chek1 |  | ,other,False,False,False,PRISM Secondary dose-response,False
BRD-K61097567-001-08-5,SB-218795,tachykinin antagonist,TACR3,433,sb-218795 | tachykinin antagonist | tacr3 |  | ,other,False,False,False,PRISM Secondary dose-response,False
BRD-K61323504-001-04-0,SB-225002,CC chemokine receptor antagonist,CXCR2,400,sb-225002 | cc chemokine receptor antagonist | cxcr2 |  | ,other,False,False,False,PRISM Secondary dose-response,False
BRD-K15424032-001-03-6,SB-228357,serotonin receptor antagonist,"HTR2A, HTR2B, HTR2C",436,"sb-228357 | serotonin receptor antagonist | htr2a, htr2b, htr2c |  | ",other,False,False,False,PRISM Secondary dose-response,False
BRD-K98795921-001-01-7,SB-2343,"mTOR inhibitor, PI3K inhibitor","MTOR, PIK3CA, PIK3CB, PIK3CD, PIK3CG",476,"sb-2343 | mtor inhibitor, pi3k inhibitor | mtor, pik3ca, pik3cb, pik3cd, pik3cg |  | ",other,False,False,False,PRISM Secondary dose-response,False
BRD-K82091397-001-03-0,SB-239063,p38 MAPK inhibitor,"MAPK11, MAPK14, PTGS2",457,"sb-239063 | p38 mapk inhibitor | mapk11, mapk14, ptgs2 |  | ",other,False,False,False,PRISM Secondary dose-response,False
BRD-K19412355-001-01-0,SB-242235,p38 MAPK inhibitor,"HSPB1, MAPK14",378,"sb-242235 | p38 mapk inhibitor | hspb1, mapk14 |  | ",other,False,False,False,PRISM Secondary dose-response,False
BRD-K61536336-001-01-7,SB-366791,TRPV antagonist,TRPV1,442,sb-366791 | trpv antagonist | trpv1 |  | ,other,False,False,False,PRISM Secondary dose-response,False
BRD-K67298865-001-09-0,SB-431542,TGF beta receptor inhibitor,"ACVR1C, TGFBR1",457,"sb-431542 | tgf beta receptor inhibitor | acvr1c, tgfbr1 |  | ",other,False,False,False,PRISM Secondary dose-response,False
BRD-K40109029-001-02-9,SB-505124,ALK tyrosine kinase receptor inhibitor,TGFBR1,446,sb-505124 | alk tyrosine kinase receptor inhibitor | tgfbr1 |  | ,other,False,False,False,PRISM Secondary dose-response,False
BRD-K37720887-001-07-8,SB-525334,TGF beta receptor inhibitor,TGFBR1,395,sb-525334 | tgf beta receptor inhibitor | tgfbr1 |  | ,other,False,False,False,PRISM Secondary dose-response,False
BRD-K78809024-001-05-7,SB-590885,RAF inhibitor,BRAF,430,sb-590885 | raf inhibitor | braf |  | ,other,False,False,False,PRISM Secondary dose-response,False
BRD-K95292280-001-01-3,SB-657510,urotensin receptor antagonist,UTS2R,433,sb-657510 | urotensin receptor antagonist | uts2r |  | ,other,False,False,False,PRISM Secondary dose-response,False
BRD-K68532323-003-02-8,SB-743921,kinesin-like spindle protein inhibitor,KIF11,190,sb-743921 | kinesin-like spindle protein inhibitor | kif11 |  | ,other,False,False,False,PRISM Secondary dose-response,False
BRD-K86797399-001-05-1,SB-939,HDAC inhibitor,"HDAC1, HDAC10, HDAC3, HDAC4, HDAC5, HDAC9",470,"sb-939 | hdac inhibitor | hdac1, hdac10, hdac3, hdac4, hdac5, hdac9 |  | ",other,False,False,False,PRISM Secondary dose-response,False
BRD-K40797222-001-01-8,SC-12267,dihydroorotate dehydrogenase inhibitor,IL17A,439,sc-12267 | dihydroorotate dehydrogenase inhibitor | il17a |  | ,other,False,False,False,PRISM Secondary dose-response,False
BRD-K55305701-001-01-2,SC-144,P glycoprotein inhibitor,,451,sc-144 | p glycoprotein inhibitor |  |  | ,other,False,False,False,PRISM Secondary dose-response,False
BRD-K81225797-001-02-3,SCH-58261,adenosine receptor antagonist,"ADORA1, ADORA2A, ADORA2B, ADORA3",412,"sch-58261 | adenosine receptor antagonist | adora1, adora2a, adora2b, adora3 |  | ",other,False,False,False,PRISM Secondary dose-response,False
BRD-K75009076-001-02-1,SCH-900776,CHK inhibitor,"CDK2, CHEK1",477,"sch-900776 | chk inhibitor | cdk2, chek1 |  | ",other,False,False,False,PRISM Secondary dose-response,False
BRD-K78496197-001-03-9,SCS,,,345,scs |  |  |  | ,other,False,False,False,PRISM Secondary dose-response,False
BRD-K39558284-001-01-2,SDZ-WAG-994,adenosine receptor agonist,ADORA1,457,sdz-wag-994 | adenosine receptor agonist | adora1 |  | ,other,False,False,False,PRISM Secondary dose-response,False
BRD-K61228301-001-01-2,SGI-1027,DNA methyltransferase inhibitor,"DNMT1, DNMT3A, DNMT3B",472,"sgi-1027 | dna methyltransferase inhibitor | dnmt1, dnmt3a, dnmt3b |  | ",other,False,False,False,PRISM Secondary dose-response,False
BRD-K80700417-001-04-2,SGI-1776,Pim kinase inhibitor,"FLT3, PIM1, PIM2, PIM3",432,"sgi-1776 | pim kinase inhibitor | flt3, pim1, pim2, pim3 |  | ",other,False,False,False,PRISM Secondary dose-response,False
BRD-K98157055-001-10-9,SIB-1757,glutamate receptor antagonist,GRM5,370,sib-1757 | glutamate receptor antagonist | grm5 |  | ,other,False,False,False,PRISM Secondary dose-response,False
BRD-A43885598-001-08-1,SID-7969543,steroidogenic factor antagonist,NR5A1,410,sid-7969543 | steroidogenic factor antagonist | nr5a1 |  | ,other,False,False,False,PRISM Secondary dose-response,False
BRD-A72703248-003-04-9,SKF-96365,calcium channel blocker,"CYP3A4, PKD2, TRPC1, TRPC3, TRPC4, TRPC5, TRPV2",400,"skf-96365 | calcium channel blocker | cyp3a4, pkd2, trpc1, trpc3, trpc4, trpc5, trpv2 |  | ",other,False,False,False,PRISM Secondary dose-response,False
BRD-K20755323-001-05-9,SKI-II,sphingosine kinase inhibitor,SPHK1,439,ski-ii | sphingosine kinase inhibitor | sphk1 |  | ,other,False,False,False,PRISM Secondary dose-response,False
BRD-K70159787-001-01-1,SMI-4a,Pim kinase inhibitor,PIM1,439,smi-4a | pim kinase inhibitor | pim1 |  | ,other,False,False,False,PRISM Secondary dose-response,False
BRD-K71512533-066-02-8,SNS-314,Aurora kinase inhibitor,"AURKA, AURKB, AURKC",447,"sns-314 | aurora kinase inhibitor | aurka, aurkb, aurkc |  | ",other,False,False,False,PRISM Secondary dose-response,False
BRD-K71281111-001-04-3,SNX-2112,HSP inhibitor,,469,snx-2112 | hsp inhibitor |  |  | ,other,False,False,False,PRISM Secondary dose-response,False
BRD-K73197500-001-02-2,SNX-5422,HSP inhibitor,HSP90AA1,402,snx-5422 | hsp inhibitor | hsp90aa1 |  | ,other,False,False,False,PRISM Secondary dose-response,False
BRD-K35629949-001-02-0,SR-27897,CCK receptor antagonist,CCKAR,438,sr-27897 | cck receptor antagonist | cckar |  | ,other,False,False,False,PRISM Secondary dose-response,False
BRD-K43002771-034-01-6,SR-33805,calcium channel blocker,,401,sr-33805 | calcium channel blocker |  |  | ,other,False,False,False,PRISM Secondary dose-response,False
BRD-K09397065-003-06-1,SR-57227A,serotonin receptor agonist,HTR3A,449,sr-57227a | serotonin receptor agonist | htr3a |  | ,other,False,False,False,PRISM Secondary dose-response,False
BRD-K95926480-003-03-6,SRT1720,SIRT activator,SIRT1,435,srt1720 | sirt activator | sirt1 |  | ,other,False,False,False,PRISM Secondary dose-response,False
BRD-K41783120-001-02-8,STA-5326,interleukin synthesis inhibitor,IL12A,478,sta-5326 | interleukin synthesis inhibitor | il12a |  | ,other,False,False,False,PRISM Secondary dose-response,False
BRD-K39171998-001-01-1,STF-118804,NAMPT inhibitor,NAMPT,461,stf-118804 | nampt inhibitor | nampt |  | ,other,False,False,False,PRISM Secondary dose-response,False
BRD-K75911534-001-01-6,SU014813,"PDGFR tyrosine kinase receptor inhibitor, VEGFR inhibitor",KDR,457,"su014813 | pdgfr tyrosine kinase receptor inhibitor, vegfr inhibitor | kdr |  | ",other,False,False,False,PRISM Secondary dose-response,False
BRD-K32730239-001-01-0,SU3327,JNK inhibitor,MAPK8,470,su3327 | jnk inhibitor | mapk8 |  | ,other,False,False,False,PRISM Secondary dose-response,False
BRD-K80343549-001-02-6,TAK-285,EGFR inhibitor,ERBB2,460,tak-285 | egfr inhibitor | erbb2 |  | ,other,False,False,False,PRISM Secondary dose-response,False
BRD-K31866293-001-01-6,TAK-632,RAF inhibitor,BRAF,446,tak-632 | raf inhibitor | braf |  | ,other,False,False,False,PRISM Secondary dose-response,False
BRD-K52751261-001-06-1,TAK-715,p38 MAPK inhibitor,MAPK14,421,tak-715 | p38 mapk inhibitor | mapk14 |  | ,other,False,False,False,PRISM Secondary dose-response,False
BRD-K26667523-001-02-5,TAK-733,MEK inhibitor,MAP2K1,463,tak-733 | mek inhibitor | map2k1 |  | ,other,False,False,False,PRISM Secondary dose-response,False
BRD-K01683783-001-02-6,TAK-901,Aurora kinase inhibitor,AURKB,474,tak-901 | aurora kinase inhibitor | aurkb |  | ,other,False,False,False,PRISM Secondary dose-response,False
BRD-K72231366-001-02-3,TAME,,,412,tame |  |  |  | ,other,False,False,False,PRISM Secondary dose-response,False
BRD-A13964793-001-02-6,TC1,beta-secretase inhibitor,BACE1,410,tc1 | beta-secretase inhibitor | bace1 |  | ,other,False,False,False,PRISM Secondary dose-response,False
BRD-K14560436-001-01-4,TG-02,"CDK inhibitor, FLT3 inhibitor, JAK inhibitor","CDK1, CDK2, CDK7, CDK9, FLT3, JAK2",473,"tg-02 | cdk inhibitor, flt3 inhibitor, jak inhibitor | cdk1, cdk2, cdk7, cdk9, flt3, jak2 |  | ",other,False,False,False,PRISM Secondary dose-response,False
BRD-K18424115-003-01-3,TG-100572,"src inhibitor, VEGFR inhibitor","KDR, SRC",462,"tg-100572 | src inhibitor, vegfr inhibitor | kdr, src |  | ",other,False,False,False,PRISM Secondary dose-response,False
BRD-K46392623-001-02-5,TG-100713,PI3K inhibitor,,452,tg-100713 | pi3k inhibitor |  |  | ,other,False,False,False,PRISM Secondary dose-response,False
BRD-K39841531-001-02-1,TG-101209,JAK inhibitor,"JAK2, JAK3",469,"tg-101209 | jak inhibitor | jak2, jak3 |  | ",other,False,False,False,PRISM Secondary dose-response,False
BRD-K12502280-001-08-0,TG-101348,"FLT3 inhibitor, JAK inhibitor","BRD4, JAK1, JAK2, JAK3, TYK2",455,"tg-101348 | flt3 inhibitor, jak inhibitor | brd4, jak1, jak2, jak3, tyk2 |  | ",other,False,False,False,PRISM Secondary dose-response,False
BRD-K64785675-001-04-0,TG100-115,PI3K inhibitor,"PIK3CA, PIK3CB, PIK3CD, PIK3CG",424,"tg100-115 | pi3k inhibitor | pik3ca, pik3cb, pik3cd, pik3cg |  | ",other,False,False,False,PRISM Secondary dose-response,False
BRD-K66097663-001-01-8,TMC-353121,RSV fusion inhibitor,,462,tmc-353121 | rsv fusion inhibitor |  |  | ,other,False,False,False,PRISM Secondary dose-response,False
BRD-K96233303-001-01-9,TMS,,,455,tms |  |  |  | ,other,False,False,False,PRISM Secondary dose-response,False
BRD-K44590731-001-01-7,TU-2100,,,396,tu-2100 |  |  |  | ,other,False,False,False,PRISM Secondary dose-response,False
BRD-K94176593-001-09-4,TWS-119,glycogen synthase kinase inhibitor,"GSK3B, JUN, MYC",459,"tws-119 | glycogen synthase kinase inhibitor | gsk3b, jun, myc |  | ",other,False,False,False,PRISM Secondary dose-response,False
BRD-K18787491-001-08-6,U-0126,MEK inhibitor,"AKT1, CHEK1, GSK3B, LCK, MAP2K1, MAP2K2, MAP2K7, MAPK1, MAPK11, MAPK12, MAPK14, MAPK8, PRKCA, RAF1, ROCK1, RPS6KB1, SGK1",467,"u-0126 | mek inhibitor | akt1, chek1, gsk3b, lck, map2k1, map2k2, map2k7, mapk1, mapk11, mapk12, mapk14, mapk8, prkca, raf1, rock1, rps6kb1, sgk1 |  | ",other,False,False,False,PRISM Secondary dose-response,False
BRD-K91701654-001-03-1,U-0126,MEK inhibitor,"AKT1, CHEK1, GSK3B, LCK, MAP2K1, MAP2K2, MAP2K7, MAPK1, MAPK11, MAPK12, MAPK14, MAPK8, PRKCA, RAF1, ROCK1, RPS6KB1, SGK1",457,"u-0126 | mek inhibitor | akt1, chek1, gsk3b, lck, map2k1, map2k2, map2k7, mapk1, mapk11, mapk12, mapk14, mapk8, prkca, raf1, rock1, rps6kb1, sgk1 |  | ",other,False,False,False,PRISM Secondary dose-response,False
BRD-K22025381-003-01-9,U-18666A,oxidosqualene cyclase inhibitor,,458,u-18666a | oxidosqualene cyclase inhibitor |  |  | ,other,False,False,False,PRISM Secondary dose-response,False
BRD-K66715657-050-01-0,UH-232-(+),dopamine receptor antagonist,"DRD2, DRD3, DRD4, HTR1A",429,"uh-232-(+) | dopamine receptor antagonist | drd2, drd3, drd4, htr1a |  | ",other,False,False,False,PRISM Secondary dose-response,False
BRD-K06294530-001-01-5,UK-383367,Procollagen C-Endopeptidase Inhibitors,BMP1,454,uk-383367 | procollagen c-endopeptidase inhibitors | bmp1 |  | ,other,False,False,False,PRISM Secondary dose-response,False
BRD-K30933884-001-01-0,UNBS-5162,CC chemokine receptor antagonist,,460,unbs-5162 | cc chemokine receptor antagonist |  |  | ,other,False,False,False,PRISM Secondary dose-response,False
BRD-K13060017-001-01-3,UNC0631,histone lysine methyltransferase inhibitor,EHMT2,453,unc0631 | histone lysine methyltransferase inhibitor | ehmt2 |  | ,other,False,False,False,PRISM Secondary dose-response,False
BRD-K01773560-001-02-4,UNC2250,MER tyrosine kinase inhibitor,MERTK,444,unc2250 | mer tyrosine kinase inhibitor | mertk |  | ,other,False,False,False,PRISM Secondary dose-response,False
BRD-K26756394-001-02-2,VE-821,ATR kinase inhibitor,ATR,462,ve-821 | atr kinase inhibitor | atr |  | ,other,False,False,False,PRISM Secondary dose-response,False
BRD-K04701033-001-03-9,VE-822,ATR kinase inhibitor,"ATM, ATR, MTOR, PIK3CG",473,"ve-822 | atr kinase inhibitor | atm, atr, mtor, pik3cg |  | ",other,False,False,False,PRISM Secondary dose-response,False
BRD-K38548312-001-01-0,VER-49009,HSP inhibitor,HSP90AA1,457,ver-49009 | hsp inhibitor | hsp90aa1 |  | ,other,False,False,False,PRISM Secondary dose-response,False
BRD-K89053832-001-01-0,VLX600,ubiquitin C-terminal hydrolase inhibitor,USP14,469,vlx600 | ubiquitin c-terminal hydrolase inhibitor | usp14 |  | ,other,False,False,False,PRISM Secondary dose-response,False
BRD-K09877029-001-01-2,VS-4718,focal adhesion kinase inhibitor,,451,vs-4718 | focal adhesion kinase inhibitor |  |  | ,other,False,False,False,PRISM Secondary dose-response,False
BRD-K81694556-003-01-9,VTP-27999,renin inhibitor,REN,361,vtp-27999 | renin inhibitor | ren |  | ,other,False,False,False,PRISM Secondary dose-response,False
BRD-K24187789-001-01-7,VU0238429,acetylcholine receptor allosteric modulator,CHRM5,460,vu0238429 | acetylcholine receptor allosteric modulator | chrm5 |  | ,other,False,False,False,PRISM Secondary dose-response,False
BRD-K45462423-001-03-7,VU0361737,glutamate receptor positive allosteric modulator,GRM4,443,vu0361737 | glutamate receptor positive allosteric modulator | grm4 |  | ,other,False,False,False,PRISM Secondary dose-response,False
BRD-K66527818-001-02-6,VU0364770,glutamate receptor positive allosteric modulator,GRM4,452,vu0364770 | glutamate receptor positive allosteric modulator | grm4 |  | ,other,False,False,False,PRISM Secondary dose-response,False
BRD-K07736136-001-04-6,VX-702,p38 MAPK inhibitor,"MAPK11, MAPK12, MAPK14",449,"vx-702 | p38 mapk inhibitor | mapk11, mapk12, mapk14 |  | ",other,False,False,False,PRISM Secondary dose-response,False
BRD-K36198571-001-02-0,WAY-170523,metalloproteinase inhibitor,MMP13,464,way-170523 | metalloproteinase inhibitor | mmp13 |  | ,other,False,False,False,PRISM Secondary dose-response,False
BRD-K85920262-001-02-1,WAY-600,mTOR inhibitor,MTOR,473,way-600 | mtor inhibitor | mtor |  | ,other,False,False,False,PRISM Secondary dose-response,False
BRD-K07487750-001-03-3,WHI-P154,JAK inhibitor,"EGFR, JAK1, JAK2, JAK3",449,"whi-p154 | jak inhibitor | egfr, jak1, jak2, jak3 |  | ",other,False,False,False,PRISM Secondary dose-response,False
BRD-K05445342-001-05-3,WP1066,STAT inhibitor,STAT3,470,wp1066 | stat inhibitor | stat3 |  | ,other,False,False,False,PRISM Secondary dose-response,False
BRD-K43644456-001-04-0,WP1130,deubiquitinase inhibitor,"JAK2, UCHL5, USP14, USP9X",468,"wp1130 | deubiquitinase inhibitor | jak2, uchl5, usp14, usp9x |  | ",other,False,False,False,PRISM Secondary dose-response,False
BRD-A45498368-001-07-1,WYE-125132,mTOR inhibitor,MTOR,461,wye-125132 | mtor inhibitor | mtor |  | ,other,False,False,False,PRISM Secondary dose-response,False
BRD-K77008974-001-03-2,WYE-354,mTOR inhibitor,MTOR,471,wye-354 | mtor inhibitor | mtor |  | ,other,False,False,False,PRISM Secondary dose-response,False
BRD-K73293050-001-03-1,WZ-3146,EGFR inhibitor,EGFR,444,wz-3146 | egfr inhibitor | egfr |  | ,other,False,False,False,PRISM Secondary dose-response,False
BRD-K72420232-001-12-3,WZ-4002,EGFR inhibitor,"EGFR, ERBB2",448,"wz-4002 | egfr inhibitor | egfr, erbb2 |  | ",other,False,False,False,PRISM Secondary dose-response,False
BRD-K81728688-001-04-4,WZ8040,EGFR inhibitor,EGFR,455,wz8040 | egfr inhibitor | egfr |  | ,other,False,False,False,PRISM Secondary dose-response,False
BRD-K45875383-001-01-2,XBD173,benzodiazepine receptor ligand,TSPO,431,xbd173 | benzodiazepine receptor ligand | tspo |  | ,other,False,False,False,PRISM Secondary dose-response,False
BRD-K03765900-001-01-9,XL-647,"EGFR inhibitor, VEGFR inhibitor","EGFR, EPHB4, ERBB2, FLT4, KDR",476,"xl-647 | egfr inhibitor, vegfr inhibitor | egfr, ephb4, erbb2, flt4, kdr |  | ",other,False,False,False,PRISM Secondary dose-response,False
BRD-K03549949-001-01-0,XL388,mTOR inhibitor,MTOR,444,xl388 | mtor inhibitor | mtor |  | ,other,False,False,False,PRISM Secondary dose-response,False
BRD-A03506276-001-01-5,XL888,HSP inhibitor,,453,xl888 | hsp inhibitor |  |  | ,other,False,False,False,PRISM Secondary dose-response,False
BRD-K44084986-300-08-4,Y-27632,rho associated kinase inhibitor,"PKIA, PKN2, PRKACA, PRKCE, ROCK1, ROCK2",401,"y-27632 | rho associated kinase inhibitor | pkia, pkn2, prkaca, prkce, rock1, rock2 |  | ",other,False,False,False,PRISM Secondary dose-response,False
BRD-K96259238-001-01-4,Y-320,interleukin inhibitor,IL17A,422,y-320 | interleukin inhibitor | il17a |  | ,other,False,False,False,PRISM Secondary dose-response,False
BRD-K56751279-300-01-4,Y-39983,rho associated kinase inhibitor,"ROCK1, ROCK2",434,"y-39983 | rho associated kinase inhibitor | rock1, rock2 |  | ",other,False,False,False,PRISM Secondary dose-response,False
BRD-K76703230-004-04-1,YM-155,survivin inhibitor,BIRC5,470,ym-155 | survivin inhibitor | birc5 |  | ,other,False,False,False,PRISM Secondary dose-response,False
BRD-K48488978-001-05-3,YM-201636,PI3K inhibitor,,454,ym-201636 | pi3k inhibitor |  |  | ,other,False,False,False,PRISM Secondary dose-response,False
BRD-K12932420-001-02-3,YM-976,phosphodiesterase inhibitor,PDE4A,442,ym-976 | phosphodiesterase inhibitor | pde4a |  | ,other,False,False,False,PRISM Secondary dose-response,False
BRD-K04622161-001-02-3,YO-01027,gamma secretase inhibitor,,421,yo-01027 | gamma secretase inhibitor |  |  | ,other,False,False,False,PRISM Secondary dose-response,False
BRD-K33882852-003-02-8,ZK-93423,benzodiazepine receptor agonist,"GABRA1, GABRA2, GABRA3, GABRA5, GABRB2, GABRG2",466,"zk-93423 | benzodiazepine receptor agonist | gabra1, gabra2, gabra3, gabra5, gabrb2, gabrg2 |  | ",other,False,False,False,PRISM Secondary dose-response,False
BRD-K68392338-003-02-0,ZK-93426,benzodiazepine receptor antagonist,"GABRA1, GABRA2, GABRA3, GABRA5",451,"zk-93426 | benzodiazepine receptor antagonist | gabra1, gabra2, gabra3, gabra5 |  | ",other,False,False,False,PRISM Secondary dose-response,False
BRD-K91825936-001-01-2,ZK811752,CC chemokine receptor antagonist,CCR1,468,zk811752 | cc chemokine receptor antagonist | ccr1 |  | ,other,False,False,False,PRISM Secondary dose-response,False
BRD-K73073971-001-01-7,ZLN005,,,417,zln005 |  |  |  | ,other,False,False,False,PRISM Secondary dose-response,False
BRD-K41337261-001-03-0,ZM-306416,"Abl kinase inhibitor, src inhibitor, VEGFR inhibitor","EGFR, FLT1, FLT4, KDR",451,"zm-306416 | abl kinase inhibitor, src inhibitor, vegfr inhibitor | egfr, flt1, flt4, kdr |  | ",other,False,False,False,PRISM Secondary dose-response,False
BRD-K72703948-001-10-1,ZM-447439,Aurora kinase inhibitor,"AURKA, AURKB",468,"zm-447439 | aurora kinase inhibitor | aurka, aurkb |  | ",other,False,False,False,PRISM Secondary dose-response,False
BRD-K63068307-001-08-9,ZSTK-474,PI3K inhibitor,"PIK3CB, PIK3CD, PIK3CG",463,"zstk-474 | pi3k inhibitor | pik3cb, pik3cd, pik3cg |  | ",other,False,False,False,PRISM Secondary dose-response,False
BRD-K33622447-066-01-9,abemaciclib,CDK inhibitor,"CDK4, CDK6",479,"abemaciclib | cdk inhibitor | cdk4, cdk6 | oncology | breast cancer",other,False,False,False,PRISM Secondary dose-response,False
BRD-K50071428-001-03-3,abiraterone,androgen biosynthesis inhibitor,"CYP11B1, CYP17A1",411,"abiraterone | androgen biosynthesis inhibitor | cyp11b1, cyp17a1 | oncology | prostate cancer",other,False,False,False,PRISM Secondary dose-response,False
BRD-K24048528-001-02-5,abiraterone-acetate,androgen biosynthesis inhibitor,CYP17A1,388,abiraterone-acetate | androgen biosynthesis inhibitor | cyp17a1 | oncology | prostate cancer,other,False,False,False,PRISM Secondary dose-response,False
BRD-K50850824-237-04-8,acesulfame-potassium,,,414,acesulfame-potassium |  |  |  | ,other,False,False,False,PRISM Secondary dose-response,False
BRD-K43457670-001-27-8,acetazolamide,carbonic anhydrase inhibitor,"AQP1, CA1, CA12, CA14, CA2, CA3, CA4, CA7",403,"acetazolamide | carbonic anhydrase inhibitor | aqp1, ca1, ca12, ca14, ca2, ca3, ca4, ca7 | ophthalmology | glaucoma",other,False,False,False,PRISM Secondary dose-response,False
BRD-K42938903-332-01-1,acetophenazine,dopamine receptor antagonist,"DRD1, DRD2",404,"acetophenazine | dopamine receptor antagonist | drd1, drd2 | neurology/psychiatry | psychosis",other,False,False,False,PRISM Secondary dose-response,False
BRD-K59058747-001-18-3,acetylcysteine,mucolytic agent,"ACY1, CHUK, GRIN1, GRIN2A, GRIN2B, GRIN2D, GRIN3A, GSS, IKBKB, RELA, SLC7A11",407,"acetylcysteine | mucolytic agent | acy1, chuk, grin1, grin2a, grin2b, grin2d, grin3a, gss, ikbkb, rela, slc7a11 | gastroenterology | acetaminophen overdose, hepatic injury",other,False,False,False,PRISM Secondary dose-response,False
BRD-K63736853-001-04-8,acipimox,cholesterol inhibitor,HCAR2,449,acipimox | cholesterol inhibitor | hcar2 | endocrinology | hyperlipidemia,other,False,False,False,PRISM Secondary dose-response,False
BRD-K13050541-001-01-9,acivicin,gamma glutamyltransferase Inhibitors,CTPS1,385,acivicin | gamma glutamyltransferase inhibitors | ctps1 |  | ,other,False,False,False,PRISM Secondary dose-response,False
BRD-K33127281-001-05-6,adapalene,retinoid receptor agonist,"RARA, RARB, RARG, RXRA, RXRB, RXRG",472,"adapalene | retinoid receptor agonist | rara, rarb, rarg, rxra, rxrb, rxrg | dermatology | acne vulgaris (av)",other,False,False,False,PRISM Secondary dose-response,False
BRD-A73427433-240-01-3,adaprev,TGF beta receptor inhibitor,"IGF2R, M6PR",467,"adaprev | tgf beta receptor inhibitor | igf2r, m6pr |  | ",other,False,False,False,PRISM Secondary dose-response,False
BRD-K00152668-001-01-5,adarotene,retinoid receptor agonist,"RARB, RARG",100,"adarotene | retinoid receptor agonist | rarb, rarg |  | ",other,False,False,False,PRISM Secondary dose-response,False
BRD-K96159438-001-06-3,adefovir-dipivoxil,DNA polymerase inhibitor,,382,adefovir-dipivoxil | dna polymerase inhibitor |  | infectious disease | hepatitis b,other,False,False,False,PRISM Secondary dose-response,False
BRD-K66175015-001-09-0,afatinib,EGFR inhibitor,"EGFR, ERBB2, ERBB4",394,"afatinib | egfr inhibitor | egfr, erbb2, erbb4 | oncology | non-small cell lung cancer (nsclc)",other,False,False,False,PRISM Secondary dose-response,False
BRD-K66175015-001-12-4,afatinib,EGFR inhibitor,"EGFR, ERBB2, ERBB4",446,"afatinib | egfr inhibitor | egfr, erbb2, erbb4 | oncology | non-small cell lung cancer (nsclc)",other,False,False,False,PRISM Secondary dose-response,False
BRD-K37793595-003-01-7,afobazole,anxiolytic,,455,afobazole | anxiolytic |  | neurology/psychiatry | anxiety,other,False,False,False,PRISM Secondary dose-response,False
BRD-A48300215-001-04-8,ajmaline,sodium channel blocker,SCN5A,410,ajmaline | sodium channel blocker | scn5a | cardiology | wolff-parkinson-white syndrome (wpw),other,False,False,False,PRISM Secondary dose-response,False
BRD-K11267252-001-04-4,alectinib,ALK tyrosine kinase receptor inhibitor,"ALK, MET",413,"alectinib | alk tyrosine kinase receptor inhibitor | alk, met | oncology | non-small cell lung cancer (nsclc)",other,False,False,False,PRISM Secondary dose-response,False
BRD-K11267252-001-05-1,alectinib,ALK tyrosine kinase receptor inhibitor,"ALK, MET",419,"alectinib | alk tyrosine kinase receptor inhibitor | alk, met | oncology | non-small cell lung cancer (nsclc)",other,False,False,False,PRISM Secondary dose-response,False
BRD-A27883417-300-01-6,alexidine,phosphatidylglycerophosphatase inhibitor,PTPMT1,463,alexidine | phosphatidylglycerophosphatase inhibitor | ptpmt1 |  | ,other,False,False,False,PRISM Secondary dose-response,False
BRD-K49522529-001-02-9,alfacalcidol,vitamin D receptor agonist,"CYP27B1, VDR",454,"alfacalcidol | vitamin d receptor agonist | cyp27b1, vdr | endocrinology | vitamin d deficiency",other,False,False,False,PRISM Secondary dose-response,False
BRD-K75295174-001-05-0,alisertib,Aurora kinase inhibitor,AURKA,474,alisertib | aurora kinase inhibitor | aurka |  | ,other,False,False,False,PRISM Secondary dose-response,False
BRD-K84810405-003-01-1,almorexant,orexin receptor antagonist,"HCRTR1, HCRTR2",439,"almorexant | orexin receptor antagonist | hcrtr1, hcrtr2 |  | ",other,False,False,False,PRISM Secondary dose-response,False
BRD-K83003151-057-02-4,alogliptin,dipeptidyl peptidase inhibitor,DPP4,366,alogliptin | dipeptidyl peptidase inhibitor | dpp4 | endocrinology | diabetes mellitus,other,False,False,False,PRISM Secondary dose-response,False
BRD-K54997624-001-06-0,alpelisib,PI3K inhibitor,"PIK3CA, PIK3CB, PIK3CD, PIK3CG",464,"alpelisib | pi3k inhibitor | pik3ca, pik3cb, pik3cd, pik3cg |  | ",other,False,False,False,PRISM Secondary dose-response,False
BRD-K83988098-001-02-0,alvespimycin,HSP inhibitor,HSP90AA1,441,alvespimycin | hsp inhibitor | hsp90aa1 |  | ,other,False,False,False,PRISM Secondary dose-response,False
BRD-K83988098-003-03-4,alvespimycin,HSP inhibitor,HSP90AA1,403,alvespimycin | hsp inhibitor | hsp90aa1 |  | ,other,False,False,False,PRISM Secondary dose-response,False
BRD-K87909389-003-03-4,alvocidib,CDK inhibitor,"CDK1, CDK2, CDK4, CDK5, CDK6, CDK7, CDK8, CDK9, EGFR, PYGM",466,"alvocidib | cdk inhibitor | cdk1, cdk2, cdk4, cdk5, cdk6, cdk7, cdk8, cdk9, egfr, pygm |  | ",other,False,False,False,PRISM Secondary dose-response,False
BRD-K11244467-001-08-5,ambazone,DNA damage inducer,,426,ambazone | dna damage inducer |  |  | ,other,False,False,False,PRISM Secondary dose-response,False
BRD-A25234499-001-18-3,aminoglutethimide,glucocorticoid receptor antagonist,"CYP11A1, CYP19A1",433,"aminoglutethimide | glucocorticoid receptor antagonist | cyp11a1, cyp19a1 | endocrinology, oncology | cushing's syndrome, breast cancer",other,False,False,False,PRISM Secondary dose-response,False
BRD-A25234499-001-19-1,aminoglutethimide,glucocorticoid receptor antagonist,"CYP11A1, CYP19A1",418,"aminoglutethimide | glucocorticoid receptor antagonist | cyp11a1, cyp19a1 | endocrinology, oncology | cushing's syndrome, breast cancer",other,False,False,False,PRISM Secondary dose-response,False
BRD-K07762753-001-04-4,aminopurvalanol-a,"CDK inhibitor, tyrosine kinase inhibitor","CDK1, CDK2, CDK5, CDK6",465,"aminopurvalanol-a | cdk inhibitor, tyrosine kinase inhibitor | cdk1, cdk2, cdk5, cdk6 |  | ",other,False,False,False,PRISM Secondary dose-response,False
BRD-A60197193-001-14-6,amisulpride,dopamine receptor antagonist,"DRD2, DRD3, HTR2A, HTR7",399,"amisulpride | dopamine receptor antagonist | drd2, drd3, htr2a, htr7 | neurology/psychiatry | psychosis, bipolar disorder, schizophrenia",other,False,False,False,PRISM Secondary dose-response,False
BRD-M29182745-001-01-4,ammonium-lactate,,HCAR1,431,"ammonium-lactate |  | hcar1 | dermatology | xerosis cutis, ichthyosis vulgaris",other,False,False,False,PRISM Secondary dose-response,False
BRD-K55044200-001-15-3,amoxicillin,penicillin binding protein inhibitor,"CYP2C19, SLC15A1, SLC15A2, SLC22A6",423,"amoxicillin | penicillin binding protein inhibitor | cyp2c19, slc15a1, slc15a2, slc22a6 | infectious disease, gastroenterology | skin infections, duodenal ulcer disease, gonorrhea, ear infections, throat infections, genitourinary tract infections, respiratory tract infections",other,False,False,False,PRISM Secondary dose-response,False
BRD-K90027121-003-01-7,amprolium,thiamine uptake blocker,,394,amprolium | thiamine uptake blocker |  | infectious disease | coccidiosis,other,False,False,False,PRISM Secondary dose-response,False
BRD-K62200014-003-10-5,anagrelide,phosphodiesterase inhibitor,PDE3A,465,"anagrelide | phosphodiesterase inhibitor | pde3a | hematology, hematologic malignancy | thrombocythemia, myeloproliferative neoplasms",other,False,False,False,PRISM Secondary dose-response,False
BRD-K52172416-001-11-4,anastrozole,aromatase inhibitor,CYP19A1,369,anastrozole | aromatase inhibitor | cyp19a1 | oncology | breast cancer,other,False,False,False,PRISM Secondary dose-response,False
BRD-K45724504-001-01-6,anguidine,protein synthesis inhibitor,SLC5A1,462,anguidine | protein synthesis inhibitor | slc5a1 |  | ,other,False,False,False,PRISM Secondary dose-response,False
BRD-K25244359-066-03-4,apatinib,RET tyrosine kinase inhibitor,"CSK, KDR, KIT, RET",447,"apatinib | ret tyrosine kinase inhibitor | csk, kdr, kit, ret |  | ",other,False,False,False,PRISM Secondary dose-response,False
BRD-K85140930-001-12-7,aphidicolin,RNA synthesis inhibitor,,402,aphidicolin | rna synthesis inhibitor |  |  | ,other,False,False,False,PRISM Secondary dose-response,False
BRD-K53523901-001-04-4,arctigenin,MEK inhibitor,"CHUK, MAP2K1",467,"arctigenin | mek inhibitor | chuk, map2k1 |  | ",other,False,False,False,PRISM Secondary dose-response,False
BRD-K72726508-001-02-1,arcyriaflavin-a,CDK inhibitor,"CCND1, CDK4",453,"arcyriaflavin-a | cdk inhibitor | ccnd1, cdk4 |  | ",other,False,False,False,PRISM Secondary dose-response,False
BRD-K37249724-001-25-7,astemizole,histamine receptor antagonist,"HRH1, KCNH1, KCNH2",436,"astemizole | histamine receptor antagonist | hrh1, kcnh1, kcnh2 |  | ",other,False,False,False,PRISM Secondary dose-response,False
BRD-A20239487-001-24-9,atenolol-(+/-),adrenergic receptor antagonist,"ADRB1, ADRB2",414,"atenolol-(+/-) | adrenergic receptor antagonist | adrb1, adrb2 | cardiology | hypertension, angina pectoris",other,False,False,False,PRISM Secondary dose-response,False
BRD-K44993696-001-12-3,atenolol-(-),adrenergic receptor antagonist,,385,atenolol-(-) | adrenergic receptor antagonist |  |  | ,other,False,False,False,PRISM Secondary dose-response,False
BRD-K39252998-003-01-5,atipamezole,adrenergic receptor antagonist,,451,atipamezole | adrenergic receptor antagonist |  | neurology/psychiatry | reverse sedative,other,False,False,False,PRISM Secondary dose-response,False
BRD-K38527262-300-01-0,atiprimod,"JAK inhibitor, STAT inhibitor","JAK2, STAT3",476,"atiprimod | jak inhibitor, stat inhibitor | jak2, stat3 |  | ",other,False,False,False,PRISM Secondary dose-response,False
BRD-K69726342-238-02-4,atorvastatin,HMGCR inhibitor,"AHR, DPP4, HMGCR",439,"atorvastatin | hmgcr inhibitor | ahr, dpp4, hmgcr | neurology/psychiatry, cardiology | stroke, heart attack",other,False,False,False,PRISM Secondary dose-response,False
BRD-K53561341-001-07-5,aurora-a-inhibitor-i,Aurora kinase inhibitor,AURKA,457,aurora-a-inhibitor-i | aurora kinase inhibitor | aurka |  | ,other,False,False,False,PRISM Secondary dose-response,False
BRD-K65781196-001-03-0,avanafil,phosphodiesterase inhibitor,PDE5A,402,avanafil | phosphodiesterase inhibitor | pde5a | urology | erectile dysfunction,other,False,False,False,PRISM Secondary dose-response,False
BRD-K29905972-001-06-3,axitinib,"PDGFR tyrosine kinase receptor inhibitor, VEGFR inhibitor","CSF1, FLT1, FLT4, KDR, PLK4",475,"axitinib | pdgfr tyrosine kinase receptor inhibitor, vegfr inhibitor | csf1, flt1, flt4, kdr, plk4 | oncology | renal cell carcinoma (rcc)",other,False,False,False,PRISM Secondary dose-response,False
BRD-K03406345-001-21-1,azacitidine,DNA methyltransferase inhibitor,"DNMT1, DNMT3A",434,"azacitidine | dna methyltransferase inhibitor | dnmt1, dnmt3a | hematologic malignancy, hematology | myelodysplastic diseases (mds), anemia, chronic myelomonocytic leukemia (cmmol)",other,False,False,False,PRISM Secondary dose-response,False
BRD-K03406345-001-27-8,azacitidine,DNA methyltransferase inhibitor,"DNMT1, DNMT3A",463,"azacitidine | dna methyltransferase inhibitor | dnmt1, dnmt3a | hematologic malignancy, hematology | myelodysplastic diseases (mds), anemia, chronic myelomonocytic leukemia (cmmol)",other,False,False,False,PRISM Secondary dose-response,False
BRD-K96104201-001-01-5,azalomycin-b,bacterial 50S ribosomal subunit inhibitor,,465,azalomycin-b | bacterial 50s ribosomal subunit inhibitor |  |  | ,other,False,False,False,PRISM Secondary dose-response,False
BRD-K32821942-001-21-3,azathioprine,dehydrogenase inhibitor,"HPRT1, IMPDH1, PPAT",447,"azathioprine | dehydrogenase inhibitor | hprt1, impdh1, ppat | transplant, rheumatology | renal homotransplantation, rheumatoid arthritis",other,False,False,False,PRISM Secondary dose-response,False
BRD-K81074237-001-02-3,azilsartan,angiotensin receptor antagonist,"AGTR1, AGTR2",438,"azilsartan | angiotensin receptor antagonist | agtr1, agtr2 | cardiology | hypertension",other,False,False,False,PRISM Secondary dose-response,False
BRD-K74501079-001-18-1,azithromycin,bacterial 50S ribosomal subunit inhibitor,MLNR,424,"azithromycin | bacterial 50s ribosomal subunit inhibitor | mlnr | infectious disease | pelvic inflammatory disease, pneumonia",other,False,False,False,PRISM Secondary dose-response,False
BRD-K26824830-001-02-0,azomycin-(2-nitroimidazole),protein synthesis inhibitor,,403,azomycin-(2-nitroimidazole) | protein synthesis inhibitor |  |  | ,other,False,False,False,PRISM Secondary dose-response,False
BRD-K62607865-001-09-7,aztreonam,bacterial cell wall synthesis inhibitor,,437,"aztreonam | bacterial cell wall synthesis inhibitor |  | infectious disease | urinary tract infections, respiratory tract infections, bacterial septicemia, skin infections, intra-abdominal infections, gynecologic infections",other,False,False,False,PRISM Secondary dose-response,False
BRD-A75975749-001-01-4,bafetinib,"Bcr-Abl kinase inhibitor, LYN tyrosine kinase inhibitor","ABL1, BCR, LYN",459,"bafetinib | bcr-abl kinase inhibitor, lyn tyrosine kinase inhibitor | abl1, bcr, lyn |  | ",other,False,False,False,PRISM Secondary dose-response,False
BRD-K49962337-001-02-9,baicalin,beta glucuronidase inhibitor,PREP,406,baicalin | beta glucuronidase inhibitor | prep |  | ,other,False,False,False,PRISM Secondary dose-response,False
BRD-K47976015-001-01-2,balapiravir,RNA polymerase inhibitor,,453,balapiravir | rna polymerase inhibitor |  |  | ,other,False,False,False,PRISM Secondary dose-response,False
BRD-K31928526-001-02-1,barasertib,Aurora kinase inhibitor,"AURKA, AURKB",479,"barasertib | aurora kinase inhibitor | aurka, aurkb |  | ",other,False,False,False,PRISM Secondary dose-response,False
BRD-K63923597-001-10-0,barasertib-HQPA,Aurora kinase inhibitor,AURKB,448,barasertib-hqpa | aurora kinase inhibitor | aurkb |  | ,other,False,False,False,PRISM Secondary dose-response,False
BRD-K20545304-001-01-6,bardoxolone,"nuclear factor erythroid derived, like (NRF2) activator","NOS2, PPARG",308,"bardoxolone | nuclear factor erythroid derived, like (nrf2) activator | nos2, pparg |  | ",other,False,False,False,PRISM Secondary dose-response,False
BRD-K69694239-001-02-2,bardoxolone-methyl,"nuclear factor erythroid derived, like (NRF2) activator","PPARG, STAT3",477,"bardoxolone-methyl | nuclear factor erythroid derived, like (nrf2) activator | pparg, stat3 |  | ",other,False,False,False,PRISM Secondary dose-response,False
BRD-K53581288-001-02-9,baricitinib,JAK inhibitor,"JAK1, JAK2",443,"baricitinib | jak inhibitor | jak1, jak2 |  | ",other,False,False,False,PRISM Secondary dose-response,False
BRD-K82818427-001-02-2,batimastat,matrix metalloprotease inhibitor,"ADAM28, ADAMTS5, MMP12, MMP16, MMP2, MMP8",470,"batimastat | matrix metalloprotease inhibitor | adam28, adamts5, mmp12, mmp16, mmp2, mmp8 |  | ",other,False,False,False,PRISM Secondary dose-response,False
BRD-K82818427-001-04-8,batimastat,matrix metalloprotease inhibitor,"ADAM28, ADAMTS5, MMP12, MMP16, MMP2, MMP8",441,"batimastat | matrix metalloprotease inhibitor | adam28, adamts5, mmp12, mmp16, mmp2, mmp8 |  | ",other,False,False,False,PRISM Secondary dose-response,False
BRD-K73425385-065-04-8,bekanamycin,bacterial 30S ribosomal subunit inhibitor,,450,bekanamycin | bacterial 30s ribosomal subunit inhibitor |  | infectious disease | gram-negative bacterial infections,other,False,False,False,PRISM Secondary dose-response,False
BRD-K17743125-001-08-4,belinostat,HDAC inhibitor,"HDAC1, HDAC10, HDAC11, HDAC2, HDAC3, HDAC4, HDAC5, HDAC6, HDAC7, HDAC8, HDAC9",476,"belinostat | hdac inhibitor | hdac1, hdac10, hdac11, hdac2, hdac3, hdac4, hdac5, hdac6, hdac7, hdac8, hdac9 | hematologic malignancy | peripheral t-cell lymphoma (ptcl)",other,False,False,False,PRISM Secondary dose-response,False
BRD-A80017228-001-25-7,bendroflumethiazide,sodium/potassium/chloride transporter inhibitor,"CA1, CA2, CA4, KCNMA1, SLC12A1, SLC12A3",398,"bendroflumethiazide | sodium/potassium/chloride transporter inhibitor | ca1, ca2, ca4, kcnma1, slc12a1, slc12a3 | cardiology | hypertension",other,False,False,False,PRISM Secondary dose-response,False
BRD-K89490285-001-08-1,bentazepam,benzodiazepine receptor agonist,,429,"bentazepam | benzodiazepine receptor agonist |  | neurology/psychiatry | anxiety, sedative, muscle relaxant",other,False,False,False,PRISM Secondary dose-response,False
BRD-K72723676-003-17-8,benzethonium,sodium channel blocker,SCN10A,382,benzethonium | sodium channel blocker | scn10a | infectious disease | first-aid antiseptic,other,False,False,False,PRISM Secondary dose-response,False
BRD-K75466013-001-14-4,benzocaine,sodium channel blocker,SCN10A,316,benzocaine | sodium channel blocker | scn10a | infectious disease | first-aid antiseptic,other,False,False,False,PRISM Secondary dose-response,False
BRD-K28542495-003-13-5,benzydamine,prostanoid receptor antagonist,,431,"benzydamine | prostanoid receptor antagonist |  | dental, otolaryngology | mouth inflammation, throat inflammation",other,False,False,False,PRISM Secondary dose-response,False
BRD-K23403298-003-01-9,benzyldimethylhexadecylammonium,cationic surfactant,,450,benzyldimethylhexadecylammonium | cationic surfactant |  |  | ,other,False,False,False,PRISM Secondary dose-response,False
BRD-K47878171-086-06-0,bephenium-hydroxynaphthoate,anthelmintic agent,,400,bephenium-hydroxynaphthoate | anthelmintic agent |  | infectious disease | ascariasis,other,False,False,False,PRISM Secondary dose-response,False
BRD-K14796088-003-26-8,berberine,LDL receptor activator,LDLR,467,berberine | ldl receptor activator | ldlr |  | ,other,False,False,False,PRISM Secondary dose-response,False
BRD-K21164796-001-02-8,beta-naphthol,,,410,beta-naphthol |  |  |  | ,other,False,False,False,PRISM Secondary dose-response,False
BRD-K92441787-001-04-1,bexarotene,retinoid receptor agonist,"RXRA, RXRB, RXRG",474,"bexarotene | retinoid receptor agonist | rxra, rxrb, rxrg | hematologic malignancy | cutaneous t-cell lymphoma (ctcl)",other,False,False,False,PRISM Secondary dose-response,False
BRD-A29485665-001-12-8,bicalutamide,androgen receptor antagonist,AR,385,bicalutamide | androgen receptor antagonist | ar | oncology | prostate cancer,other,False,False,False,PRISM Secondary dose-response,False
BRD-K18779551-003-07-8,bifemelane,acetylcholine release enhancer,"MAOA, MAOB",439,"bifemelane | acetylcholine release enhancer | maoa, maob | ophthalmology, neurology/psychiatry | glaucoma, senile dementia",other,False,False,False,PRISM Secondary dose-response,False
BRD-K71221037-001-01-6,birinapant,XIAP inhibitor,"BIRC2, XIAP",448,"birinapant | xiap inhibitor | birc2, xiap |  | ",other,False,False,False,PRISM Secondary dose-response,False
BRD-K16180792-001-01-7,bis(maltolato)oxovanadium(IV),tyrosine phosphatase inhibitor,PTPN1,453,bis(maltolato)oxovanadium(iv) | tyrosine phosphatase inhibitor | ptpn1 |  | ,other,False,False,False,PRISM Secondary dose-response,False
BRD-K39987650-001-24-1,bisacodyl,laxative,,423,bisacodyl | laxative |  | gastroenterology | constipation,other,False,False,False,PRISM Secondary dose-response,False
BRD-K06543683-066-02-1,bisindolylmaleimide-ix,PKC inhibitor,"AKT1, GSK3B, LCK, MAPK1, MAPK11, MAPK12, MAPK14, MAPK8, PRKCA, ROCK1, RPS6KB1, SIRT1",473,"bisindolylmaleimide-ix | pkc inhibitor | akt1, gsk3b, lck, mapk1, mapk11, mapk12, mapk14, mapk8, prkca, rock1, rps6kb1, sirt1 |  | ",other,False,False,False,PRISM Secondary dose-response,False
BRD-K13756951-001-01-4,bitopertin,"glycine transporter inhibitor, GlyT-1 inhibitor","SLC6A5, SLC6A9",458,"bitopertin | glycine transporter inhibitor, glyt-1 inhibitor | slc6a5, slc6a9 |  | ",other,False,False,False,PRISM Secondary dose-response,False
BRD-K61295575-001-03-6,blebbistatin-(-),ATPase inhibitor,,426,blebbistatin-(-) | atpase inhibitor |  |  | ,other,False,False,False,PRISM Secondary dose-response,False
BRD-K74763371-002-04-0,bosentan,endothelin receptor antagonist,"EDNRA, EDNRB",425,"bosentan | endothelin receptor antagonist | ednra, ednrb | pulmonary | pulmonary arterial hypertension (pah)",other,False,False,False,PRISM Secondary dose-response,False
BRD-K99964838-001-11-9,bosutinib,"Abl kinase inhibitor, Bcr-Abl kinase inhibitor, src inhibitor","ABL1, BCR, CAMK1D, CAMK2G, CDK2, FRK, FYN, HCK, LYN, MAP2K1, MAP2K2, MAP3K2, MAP4K5, SRC, STK10, STK24, STK4, TNK2, TXK",449,"bosutinib | abl kinase inhibitor, bcr-abl kinase inhibitor, src inhibitor | abl1, bcr, camk1d, camk2g, cdk2, frk, fyn, hck, lyn, map2k1, map2k2, map3k2, map4k5, src, stk10, stk24, stk4, tnk2, txk | hematologic malignancy | chronic myeloid leukemia (cml)",other,False,False,False,PRISM Secondary dose-response,False
BRD-K77841042-001-14-1,brefeldin-a,protein synthesis inhibitor,"ARF1, CYTH2",470,"brefeldin-a | protein synthesis inhibitor | arf1, cyth2 |  | ",other,False,False,False,PRISM Secondary dose-response,False
BRD-K96123349-236-02-8,brequinar,dihydroorotate dehydrogenase inhibitor,DHODH,478,brequinar | dihydroorotate dehydrogenase inhibitor | dhodh |  | ,other,False,False,False,PRISM Secondary dose-response,False
BRD-K56981171-001-01-0,brigatinib,"ALK tyrosine kinase receptor inhibitor, EGFR inhibitor","ALK, EGFR",456,"brigatinib | alk tyrosine kinase receptor inhibitor, egfr inhibitor | alk, egfr | oncology | non-small cell lung cancer (nsclc)",other,False,False,False,PRISM Secondary dose-response,False
BRD-K56981171-001-02-8,brigatinib,"ALK tyrosine kinase receptor inhibitor, EGFR inhibitor","ALK, EGFR",448,"brigatinib | alk tyrosine kinase receptor inhibitor, egfr inhibitor | alk, egfr | oncology | non-small cell lung cancer (nsclc)",other,False,False,False,PRISM Secondary dose-response,False
BRD-K60348325-065-09-9,brilliant-green,,,447,brilliant-green |  |  |  | ,other,False,False,False,PRISM Secondary dose-response,False
BRD-K00634421-001-01-0,brivaracetam,voltage-gated sodium channel blocker,SV2A,460,brivaracetam | voltage-gated sodium channel blocker | sv2a | neurology/psychiatry | seizures,other,False,False,False,PRISM Secondary dose-response,False
BRD-K44665581-001-01-8,bromosporine,bromodomain inhibitor,,437,bromosporine | bromodomain inhibitor |  |  | ,other,False,False,False,PRISM Secondary dose-response,False
BRD-K36222532-001-01-8,broxaldine,,,465,broxaldine |  |  |  | ,other,False,False,False,PRISM Secondary dose-response,False
BRD-K23301018-001-11-7,broxyquinoline,antiprotozoal agent,,458,broxyquinoline | antiprotozoal agent |  |  | ,other,False,False,False,PRISM Secondary dose-response,False
BRD-A36057565-001-01-0,bruceantin,protein synthesis inhibitor,,469,bruceantin | protein synthesis inhibitor |  |  | ,other,False,False,False,PRISM Secondary dose-response,False
BRD-A94624445-236-17-0,bucladesine,"adenosine receptor agonist, cAMP stimulant",PRKACA,250,"bucladesine | adenosine receptor agonist, camp stimulant | prkaca | dermatology | skin ulcer",other,False,False,False,PRISM Secondary dose-response,False
BRD-K38197229-001-29-9,bumetanide,solute carrier family member inhibitor,"CFTR, GPR35, SLC12A1, SLC12A2, SLC12A4, SLC12A5",350,"bumetanide | solute carrier family member inhibitor | cftr, gpr35, slc12a1, slc12a2, slc12a4, slc12a5 | cardiology | edema, congestive heart failure",other,False,False,False,PRISM Secondary dose-response,False
BRD-K42191735-001-05-3,buparlisib,PI3K inhibitor,"PIK3CA, PIK3CG",447,"buparlisib | pi3k inhibitor | pik3ca, pik3cg |  | ",other,False,False,False,PRISM Secondary dose-response,False
BRD-A36267905-003-18-4,buphenine,adrenergic receptor agonist,ADRB2,405,buphenine | adrenergic receptor agonist | adrb2 | rheumatology | raynaud's disease,other,False,False,False,PRISM Secondary dose-response,False
BRD-K27217864-001-22-3,butamben,sodium channel blocker,,436,butamben | sodium channel blocker |  |  | ,other,False,False,False,PRISM Secondary dose-response,False
BRD-A47706533-001-02-6,buthionine-sulfoximine,glutathione transferase inhibitor,GCLM,421,buthionine-sulfoximine | glutathione transferase inhibitor | gclm |  | ,other,False,False,False,PRISM Secondary dose-response,False
BRD-A53951045-004-01-6,butylscopolamine-bromide,cholinergic receptor antagonist,,424,butylscopolamine-bromide | cholinergic receptor antagonist |  | gastroenterology | abdominal pain,other,False,False,False,PRISM Secondary dose-response,False
BRD-K51544265-001-04-2,cabozantinib,"RET tyrosine kinase inhibitor, VEGFR inhibitor","KDR, MET",450,"cabozantinib | ret tyrosine kinase inhibitor, vegfr inhibitor | kdr, met | oncology | medullary thyroid cancer (mtc)",other,False,False,False,PRISM Secondary dose-response,False
BRD-K96188950-001-16-9,caffeic-acid-phenethyl-ester,HIV integrase inhibitor,RELA,432,caffeic-acid-phenethyl-ester | hiv integrase inhibitor | rela |  | ,other,False,False,False,PRISM Secondary dose-response,False
BRD-K27316855-001-13-3,calcitriol,vitamin D receptor agonist,VDR,436,"calcitriol | vitamin d receptor agonist | vdr | endocrinology, orthopedics | hypocalcemia, hypoparathyroidism, osteoporosis",other,False,False,False,PRISM Secondary dose-response,False
BRD-A91733352-300-04-5,camylofine-chlorhydrate,,,407,camylofine-chlorhydrate |  |  | gastroenterology | abdominal pain,other,False,False,False,PRISM Secondary dose-response,False
BRD-K84091759-001-07-1,candesartan,angiotensin receptor antagonist,AGTR1,392,"candesartan | angiotensin receptor antagonist | agtr1 | cardiology | hypertension, congestive heart failure",other,False,False,False,PRISM Secondary dose-response,False
BRD-K50168500-001-07-9,canertinib,EGFR inhibitor,"AKT1, EGFR, ERBB2, ERBB4",478,"canertinib | egfr inhibitor | akt1, egfr, erbb2, erbb4 |  | ",other,False,False,False,PRISM Secondary dose-response,False
BRD-A20644369-001-08-6,canrenone,mineralocorticoid receptor antagonist,NR3C2,439,canrenone | mineralocorticoid receptor antagonist | nr3c2 |  | ,other,False,False,False,PRISM Secondary dose-response,False
BRD-K50590187-001-19-9,capsaicin,TRPV agonist,"CFTR, TRPV1",319,"capsaicin | trpv agonist | cftr, trpv1 | neurology/psychiatry, rheumatology | muscle pain, rheumatoid arthritis",other,False,False,False,PRISM Secondary dose-response,False
BRD-K81645907-001-01-1,captamine,,,450,captamine |  |  |  | ,other,False,False,False,PRISM Secondary dose-response,False
BRD-K75037734-003-13-9,carbachol,cholinergic receptor agonist,"CHRM1, CHRM2, CHRM3, CHRM4, CHRM5, CHRNA2",304,"carbachol | cholinergic receptor agonist | chrm1, chrm2, chrm3, chrm4, chrm5, chrna2 | ophthalmology | intraocular pressure",other,False,False,False,PRISM Secondary dose-response,False
BRD-K68408772-001-05-4,carboxyamidotriazole,calcium channel blocker,CXCL8,452,carboxyamidotriazole | calcium channel blocker | cxcl8 |  | ,other,False,False,False,PRISM Secondary dose-response,False
BRD-K26530649-001-01-6,carboxypyridine-disulfide,,,446,carboxypyridine-disulfide |  |  |  | ,other,False,False,False,PRISM Secondary dose-response,False
BRD-K21670884-001-01-9,cariporide,sodium/hydrogen exchanger inhibitor,SLC9A1,452,cariporide | sodium/hydrogen exchanger inhibitor | slc9a1 |  | ,other,False,False,False,PRISM Secondary dose-response,False
BRD-K11630072-001-13-2,carmofur,thymidylate synthase inhibitor,TYMS,471,"carmofur | thymidylate synthase inhibitor | tyms | oncology | breast cancer, colorectal cancer",other,False,False,False,PRISM Secondary dose-response,False
BRD-A10977446-001-12-1,carvedilol,adrenergic receptor antagonist,"ADRA1A, ADRA1B, ADRA1D, ADRA2A, ADRA2B, ADRA2C, ADRB1, ADRB2, ADRB3, GJA1, HIF1A, KCNH2, NDUFC2, NPPB, SELE, VCAM1, VEGFA",441,"carvedilol | adrenergic receptor antagonist | adra1a, adra1b, adra1d, adra2a, adra2b, adra2c, adrb1, adrb2, adrb3, gja1, hif1a, kcnh2, ndufc2, nppb, sele, vcam1, vegfa | cardiology | myocardial infarction, hypertension",other,False,False,False,PRISM Secondary dose-response,False
BRD-K48141473-001-01-7,cebranopadol,opioid receptor agonist,"OPRL1, OPRM1",437,"cebranopadol | opioid receptor agonist | oprl1, oprm1 |  | ",other,False,False,False,PRISM Secondary dose-response,False
BRD-K86930074-001-05-0,cediranib,"KIT inhibitor, VEGFR inhibitor","CSF1R, FLT1, FLT3, FLT4, KDR, KIT, PDGFRA, PDGFRB",473,"cediranib | kit inhibitor, vegfr inhibitor | csf1r, flt1, flt3, flt4, kdr, kit, pdgfra, pdgfrb |  | ",other,False,False,False,PRISM Secondary dose-response,False
BRD-K15766189-001-09-8,cefdinir,bacterial cell wall synthesis inhibitor,MPO,451,"cefdinir | bacterial cell wall synthesis inhibitor | mpo | infectious disease, otolaryngology, pulmonary | pneumonia, tonsillitis, pharyngitis, bronchitis, skin infections, otitis, sinusitis",other,False,False,False,PRISM Secondary dose-response,False
BRD-K72167406-001-02-1,cefditoren-pivoxil,bacterial cell wall synthesis inhibitor,,457,"cefditoren-pivoxil | bacterial cell wall synthesis inhibitor |  | infectious disease, pulmonary, otolaryngology | pneumonia, bronchitis, skin infections, tonsillitis, pharyngitis",other,False,False,False,PRISM Secondary dose-response,False
BRD-K92872987-001-02-9,cefpiramide,bacterial cell wall synthesis inhibitor,,404,cefpiramide | bacterial cell wall synthesis inhibitor |  | infectious disease | gram-negative bacterial infections,other,False,False,False,PRISM Secondary dose-response,False
BRD-K68904758-001-03-5,cephalomannine,DNA polymerase inhibitor,,470,cephalomannine | dna polymerase inhibitor |  |  | ,other,False,False,False,PRISM Secondary dose-response,False
BRD-K47079459-004-04-6,cetrimonium,,,469,cetrimonium |  |  | dermatology | cosmetic,other,False,False,False,PRISM Secondary dose-response,False
BRD-K87700323-003-05-1,cetylpyridinium,,,465,"cetylpyridinium |  |  | dental | gingivitis, mouth inflammation",other,False,False,False,PRISM Secondary dose-response,False
BRD-K56483981-342-06-4,chicago-sky-blue-6b,"glutamate inhibitor, macrophage migration inhibiting factor inhibitor",MIF,420,"chicago-sky-blue-6b | glutamate inhibitor, macrophage migration inhibiting factor inhibitor | mif |  | ",other,False,False,False,PRISM Secondary dose-response,False
BRD-K28537285-001-01-8,chidamide,HDAC inhibitor,"HDAC10, HDAC3",455,"chidamide | hdac inhibitor | hdac10, hdac3 |  | ",other,False,False,False,PRISM Secondary dose-response,False
BRD-K96424892-001-02-9,chloramphenicol-palmitate,protein synthesis inhibitor,,299,"chloramphenicol-palmitate | protein synthesis inhibitor |  | infectious disease, endocrinology | meningitis, fever, cholera",other,False,False,False,PRISM Secondary dose-response,False
BRD-K52256627-300-06-6,chlorhexidine,membrane integrity inhibitor,,412,"chlorhexidine | membrane integrity inhibitor |  | dermatology, infectious disease, dental | cosmetic, skin infections, gingivitis",other,False,False,False,PRISM Secondary dose-response,False
BRD-K01653460-001-01-1,chlorindanol,,,438,chlorindanol |  |  |  | ,other,False,False,False,PRISM Secondary dose-response,False
BRD-K60443845-001-08-6,chlormidazole,fungal lanosterol demethylase inhibitor,,461,chlormidazole | fungal lanosterol demethylase inhibitor |  | infectious disease | fungal infection,other,False,False,False,PRISM Secondary dose-response,False
BRD-K83257731-003-23-5,chloropyramine,histamine receptor antagonist,HRH1,159,"chloropyramine | histamine receptor antagonist | hrh1 | cardiology, ophthalmology, allergy, pulmonary | edema, conjunctivitis, allergic rhinitis, asthma",other,False,False,False,PRISM Secondary dose-response,False
BRD-K17075857-001-18-4,chloroxine,opioid receptor antagonist,OPRK1,471,"chloroxine | opioid receptor antagonist | oprk1 | gastroenterology, infectious disease, dermatology | diarrhea, inflammatory bowel disease, giardiasis, dandruff",other,False,False,False,PRISM Secondary dose-response,False
BRD-K97746869-001-27-0,chlorpropamide,ATP channel blocker,"ABCC8, KCNJ10, KCNJ11",429,"chlorpropamide | atp channel blocker | abcc8, kcnj10, kcnj11 | endocrinology | diabetes mellitus",other,False,False,False,PRISM Secondary dose-response,False
BRD-K08303368-001-10-0,chlorpyrifos,acetylcholinesterase inhibitor,ACHE,429,chlorpyrifos | acetylcholinesterase inhibitor | ache |  | ,other,False,False,False,PRISM Secondary dose-response,False
BRD-K90374350-001-09-2,chlorquinaldol,other antibiotic,,452,chlorquinaldol | other antibiotic |  | infectious disease | fungal infection,other,False,False,False,PRISM Secondary dose-response,False
BRD-K62779383-001-05-5,cholecalciferol,,VDR,455,cholecalciferol |  | vdr | endocrinology | vitamin d deficiency,other,False,False,False,PRISM Secondary dose-response,False
BRD-K94720315-001-10-4,chromocarb,antispasmodic,,428,chromocarb | antispasmodic |  |  | ,other,False,False,False,PRISM Secondary dose-response,False
BRD-K34251960-036-01-6,cibenzoline,sodium channel blocker,,421,cibenzoline | sodium channel blocker |  |  | ,other,False,False,False,PRISM Secondary dose-response,False
BRD-K13044802-213-20-7,ciclopirox,membrane integrity inhibitor,ATP1A1,461,ciclopirox | membrane integrity inhibitor | atp1a1 | infectious disease | onychomycosis,other,False,False,False,PRISM Secondary dose-response,False
BRD-K96153583-001-05-1,cidofovir,DNA polymerase inhibitor,,426,"cidofovir | dna polymerase inhibitor |  | infectious disease | acquired immunodeficiency syndrome (aids), cytomegalovirus retinitis",other,False,False,False,PRISM Secondary dose-response,False
BRD-K28578425-001-07-0,cilostamide,phosphodiesterase inhibitor,"PDE3A, PDE3B",450,"cilostamide | phosphodiesterase inhibitor | pde3a, pde3b |  | ",other,False,False,False,PRISM Secondary dose-response,False
BRD-K34157611-001-16-0,cimetidine,histamine receptor antagonist,"HRH2, SLC29A4, SLC47A1, SLC47A2",402,"cimetidine | histamine receptor antagonist | hrh2, slc29a4, slc47a1, slc47a2 | gastroenterology, hematologic malignancy, endocrinology | duodenal ulcer disease, peptic ulcer disease (pud), gastroesophageal reflux disease (gerd), aggressive systemic mastocytosis (asm), zollinger-ellison syndrome, endocrine adenoma",other,False,False,False,PRISM Secondary dose-response,False
BRD-K73838513-003-05-5,cinacalcet,calcium channel activator,CASR,470,"cinacalcet | calcium channel activator | casr | endocrinology, nephrology, oncology | hyperparathyroidism, chronic kidney disease (ckd), parathyroid carcinoma, hypercalcemia",other,False,False,False,PRISM Secondary dose-response,False
BRD-K53720352-001-03-2,cinalukast,leukotriene receptor antagonist,CYSLTR1,420,cinalukast | leukotriene receptor antagonist | cysltr1 |  | ,other,False,False,False,PRISM Secondary dose-response,False
BRD-K07220430-001-18-4,cinnarazine,calcium channel blocker,,422,"cinnarazine | calcium channel blocker |  | neurology/psychiatry, gastroenterology, ophthalmology | meniere's disease, nausea, vomiting, cogan's syndrome",other,False,False,False,PRISM Secondary dose-response,False
BRD-K66241279-001-01-8,cinromide,,,409,cinromide |  |  |  | ,other,False,False,False,PRISM Secondary dose-response,False
BRD-K93034159-001-25-8,cladribine,"adenosine deaminase inhibitor, ribonucleotide reductase inhibitor","ADA, PNP, POLA1, POLE, POLE2, POLE3, POLE4, RRM1, RRM2, RRM2B",338,"cladribine | adenosine deaminase inhibitor, ribonucleotide reductase inhibitor | ada, pnp, pola1, pole, pole2, pole3, pole4, rrm1, rrm2, rrm2b | hematologic malignancy | hairy cell leukemia",other,False,False,False,PRISM Secondary dose-response,False
BRD-K17294426-050-12-3,clebopride,dopamine receptor antagonist,"ACHE, DRD2",313,"clebopride | dopamine receptor antagonist | ache, drd2 | gastroenterology | nausea",other,False,False,False,PRISM Secondary dose-response,False
BRD-A75726477-003-21-3,clenbuterol,adrenergic receptor agonist,"ADRB1, ADRB2, ADRB3, NGF, TNF",416,"clenbuterol | adrenergic receptor agonist | adrb1, adrb2, adrb3, ngf, tnf | pulmonary | chronic obstructive pulmonary disease (copd), asthma",other,False,False,False,PRISM Secondary dose-response,False
BRD-K27771035-001-02-5,clindamycin-phosphate,protein synthesis inhibitor,,431,clindamycin-phosphate | protein synthesis inhibitor |  | obstetrics/gynecology | bacterial vaginosis,other,False,False,False,PRISM Secondary dose-response,False
BRD-A43809092-003-02-1,clobutinol,antitussive,,338,clobutinol | antitussive |  |  | ,other,False,False,False,PRISM Secondary dose-response,False
BRD-K34022604-001-06-6,clofarabine,ribonucleotide reductase inhibitor,"POLA1, POLD1, POLE, RRM1, RRM2, RRM2B",466,"clofarabine | ribonucleotide reductase inhibitor | pola1, pold1, pole, rrm1, rrm2, rrm2b | hematologic malignancy | acute lymphoblastic leukemia (all)",other,False,False,False,PRISM Secondary dose-response,False
BRD-K56614220-001-19-0,clofazimine,GK0582 inhibitor,,445,clofazimine | gk0582 inhibitor |  | infectious disease | leprosy,other,False,False,False,PRISM Secondary dose-response,False
BRD-K02900412-001-11-3,clofoctol,protein synthesis inhibitor,,469,clofoctol | protein synthesis inhibitor |  | infectious disease | gram-positive bacterial infections,other,False,False,False,PRISM Secondary dose-response,False
BRD-K29950728-048-17-4,clomifene,estrogen receptor antagonist,ESR1,455,clomifene | estrogen receptor antagonist | esr1 | obstetrics/gynecology | infertility,other,False,False,False,PRISM Secondary dose-response,False
BRD-K38183498-001-02-0,clonazepam,GABA benzodiazepine site receptor agonist,"GABRA1, GABRA2, GABRA3, GABRA4, GABRA5, GABRA6, GABRB1, GABRB2, GABRB3, GABRD, GABRE, GABRG1, GABRG2, GABRG3, GABRP, GABRQ, TSPO",460,"clonazepam | gaba benzodiazepine site receptor agonist | gabra1, gabra2, gabra3, gabra4, gabra5, gabra6, gabrb1, gabrb2, gabrb3, gabrd, gabre, gabrg1, gabrg2, gabrg3, gabrp, gabrq, tspo | neurology/psychiatry | seizures, panic disorders",other,False,False,False,PRISM Secondary dose-response,False
BRD-A85651701-001-19-7,clopamide,sodium/chloride cotransporter inhibitor,,433,clopamide | sodium/chloride cotransporter inhibitor |  | cardiology | hypertension,other,False,False,False,PRISM Secondary dose-response,False
BRD-K15916496-001-27-9,clotrimazole,"cytochrome P450 inhibitor, imidazoline receptor ligand","CYP3A4, KCNN4, NR1I2, NR1I3, TRPM2, TRPM4, TRPM8",451,"clotrimazole | cytochrome p450 inhibitor, imidazoline receptor ligand | cyp3a4, kcnn4, nr1i2, nr1i3, trpm2, trpm4, trpm8 | infectious disease | vulvovaginal candidiasis, oropharyngeal candidiasis",other,False,False,False,PRISM Secondary dose-response,False
BRD-K51040301-001-02-1,cobicistat,cytochrome P450 inhibitor,"CYP3A4, CYP3A43, CYP3A5, CYP3A7",443,"cobicistat | cytochrome p450 inhibitor | cyp3a4, cyp3a43, cyp3a5, cyp3a7 | infectious disease | human immunodeficiency virus (hiv-1)",other,False,False,False,PRISM Secondary dose-response,False
BRD-K03390685-001-01-7,cobimetinib,MEK inhibitor,,470,cobimetinib | mek inhibitor |  | oncology | melanoma,other,False,False,False,PRISM Secondary dose-response,False
BRD-K19388745-003-01-7,colforsin-daproate,adenylyl cyclase activator,,413,colforsin-daproate | adenylyl cyclase activator |  |  | ,other,False,False,False,PRISM Secondary dose-response,False
BRD-A95886749-001-03-5,colfosceril-palmitate,pulmonary surfactant,,413,colfosceril-palmitate | pulmonary surfactant |  | pulmonary | respiratory distress syndrome (rds),other,False,False,False,PRISM Secondary dose-response,False
BRD-A36456202-001-01-3,colistin-b-sulfate,bacterial permeability inducer,,308,colistin-b-sulfate | bacterial permeability inducer |  | infectious disease | gram-negative bacterial infections,other,False,False,False,PRISM Secondary dose-response,False
BRD-K26833429-001-02-8,costunolide,telomerase inhibitor,,435,costunolide | telomerase inhibitor |  |  | ,other,False,False,False,PRISM Secondary dose-response,False
BRD-K19615002-001-02-3,creatine,,"CKB, CKM, CKMT1A, CKMT2, GAMT, SLC6A8",394,"creatine |  | ckb, ckm, ckmt1a, ckmt2, gamt, slc6a8 |  | ",other,False,False,False,PRISM Secondary dose-response,False
BRD-K22127577-001-03-7,crenolanib,PDGFR tyrosine kinase receptor inhibitor,"CSF1R, FLT3, KIT, PDGFRA, PDGFRB",468,"crenolanib | pdgfr tyrosine kinase receptor inhibitor | csf1r, flt3, kit, pdgfra, pdgfrb |  | ",other,False,False,False,PRISM Secondary dose-response,False
BRD-K78431006-001-10-2,crizotinib,ALK tyrosine kinase receptor inhibitor,"ALK, MET",468,"crizotinib | alk tyrosine kinase receptor inhibitor | alk, met | oncology | non-small cell lung cancer (nsclc)",other,False,False,False,PRISM Secondary dose-response,False
BRD-K78431006-001-15-1,crizotinib,ALK tyrosine kinase receptor inhibitor,"ALK, MET",429,"crizotinib | alk tyrosine kinase receptor inhibitor | alk, met | oncology | non-small cell lung cancer (nsclc)",other,False,False,False,PRISM Secondary dose-response,False
BRD-K40308497-001-01-2,crizotinib-(S),MTH1 inhibitor,NUDT1,445,crizotinib-(s) | mth1 inhibitor | nudt1 |  | ,other,False,False,False,PRISM Secondary dose-response,False
BRD-M89827113-001-01-5,cromakalim,,KCNJ8,224,cromakalim |  | kcnj8 |  | ,other,False,False,False,PRISM Secondary dose-response,False
BRD-K60025295-003-06-6,crystal-violet,other antibiotic,,426,crystal-violet | other antibiotic |  |  | ,other,False,False,False,PRISM Secondary dose-response,False
BRD-K36055864-001-19-2,cycloheximide,protein synthesis inhibitor,RPL3,460,cycloheximide | protein synthesis inhibitor | rpl3 |  | ,other,False,False,False,PRISM Secondary dose-response,False
BRD-A69815203-001-07-6,cyclosporin-a,calcineurin inhibitor,PPP3CA,427,"cyclosporin-a | calcineurin inhibitor | ppp3ca | rheumatology, dermatology | rheumatoid arthritis, psoriasis",other,False,False,False,PRISM Secondary dose-response,False
BRD-K13533483-001-16-2,cyclosporine,calcineurin inhibitor,"ABCB11, CAMLG, FPR1, PPIA, PPIF, PPP3R2, SLC10A1, SLCO1B1, SLCO1B3",410,"cyclosporine | calcineurin inhibitor | abcb11, camlg, fpr1, ppia, ppif, ppp3r2, slc10a1, slco1b1, slco1b3 | transplant, rheumatology, dermatology | organ rejection, rheumatoid arthritis, psoriasis",other,False,False,False,PRISM Secondary dose-response,False
BRD-K59866480-001-07-3,cyclovalone,breast cancer resistance protein inhibitor,ABCG2,464,cyclovalone | breast cancer resistance protein inhibitor | abcg2 | gastroenterology | bile stimulation,other,False,False,False,PRISM Secondary dose-response,False
BRD-K27799744-001-02-8,cyclovirobuxin-d,calcium channel modulator,,408,cyclovirobuxin-d | calcium channel modulator |  |  | ,other,False,False,False,PRISM Secondary dose-response,False
BRD-K28143534-001-02-2,cyproheptadine,histamine receptor antagonist,"ADRA1A, ADRA1B, ADRA1D, CHRM1, CHRM2, CHRM3, HRH1, HTR2A, HTR2C, HTR6, HTR7",434,"cyproheptadine | histamine receptor antagonist | adra1a, adra1b, adra1d, chrm1, chrm2, chrm3, hrh1, htr2a, htr2c, htr6, htr7 | allergy, otolaryngology, ophthalmology, dermatology | allergic rhinitis, vasomotor rhinitis, conjunctivitis, urticaria, dermatographism",other,False,False,False,PRISM Secondary dose-response,False
BRD-K41141507-001-16-2,cyproterone-acetate,androgen receptor antagonist,"ADORA1, AR",361,"cyproterone-acetate | androgen receptor antagonist | adora1, ar | oncology | prostate cancer",other,False,False,False,PRISM Secondary dose-response,False
BRD-K36711084-001-02-0,cyromazine,,,419,cyromazine |  |  |  | ,other,False,False,False,PRISM Secondary dose-response,False
BRD-K87737963-001-06-0,cyt387,,"JAK1, JAK2, JAK3",470,"cyt387 |  | jak1, jak2, jak3 |  | ",other,False,False,False,PRISM Secondary dose-response,False
BRD-K71847383-001-12-5,cytarabine,ribonucleotide reductase inhibitor,"POLA1, POLB, POLD1, POLE",402,"cytarabine | ribonucleotide reductase inhibitor | pola1, polb, pold1, pole | hematologic malignancy | acute lymphoblastic leukemia (all), chronic lymphocytic leukemia (cll), acute myeloid leukemia (aml), non-hodgkin lymphoma (nhl)",other,False,False,False,PRISM Secondary dose-response,False
BRD-K48988407-001-01-2,cytochlor,,,465,cytochlor |  |  |  | ,other,False,False,False,PRISM Secondary dose-response,False
BRD-K09951645-001-06-8,dabrafenib,RAF inhibitor,"BRAF, LIMK1, NEK11, RAF1, SIK1",413,"dabrafenib | raf inhibitor | braf, limk1, nek11, raf1, sik1 | oncology | melanoma",other,False,False,False,PRISM Secondary dose-response,False
BRD-K09951645-001-11-8,dabrafenib,RAF inhibitor,"BRAF, LIMK1, NEK11, RAF1, SIK1",427,"dabrafenib | raf inhibitor | braf, limk1, nek11, raf1, sik1 | oncology | melanoma",other,False,False,False,PRISM Secondary dose-response,False
BRD-K56957086-001-06-3,dacinostat,HDAC inhibitor,"HDAC1, HDAC2, HDAC3, HDAC4, HDAC5, HDAC6, HDAC7, HDAC8, HDAC9",467,"dacinostat | hdac inhibitor | hdac1, hdac2, hdac3, hdac4, hdac5, hdac6, hdac7, hdac8, hdac9 |  | ",other,False,False,False,PRISM Secondary dose-response,False
BRD-K82861010-001-02-5,daclatasvir,HCV inhibitor,,389,daclatasvir | hcv inhibitor |  | infectious disease | hepatitis c,other,False,False,False,PRISM Secondary dose-response,False
BRD-K57169635-001-04-5,dacomitinib,EGFR inhibitor,"EGFR, ERBB2, ERBB4",477,"dacomitinib | egfr inhibitor | egfr, erbb2, erbb4 |  | ",other,False,False,False,PRISM Secondary dose-response,False
BRD-K18849474-001-04-4,dalcetrapib,cholesteryl ester transfer protein inhibitor,CETP,410,dalcetrapib | cholesteryl ester transfer protein inhibitor | cetp |  | ,other,False,False,False,PRISM Secondary dose-response,False
BRD-A92537424-001-04-7,danazol,"estrogen receptor antagonist, progesterone receptor agonist","AR, CCL2, ESR1, GNRHR, GNRHR2, PGR",435,"danazol | estrogen receptor antagonist, progesterone receptor agonist | ar, ccl2, esr1, gnrhr, gnrhr2, pgr | obstetrics/gynecology, cardiology | endometriosis, angioedema",other,False,False,False,PRISM Secondary dose-response,False
BRD-K07881437-001-04-6,danusertib,"Aurora kinase inhibitor, growth factor receptor inhibitor","AURKA, AURKB, AURKC, FGFR1, NTRK1, RET, SLK",469,"danusertib | aurora kinase inhibitor, growth factor receptor inhibitor | aurka, aurkb, aurkc, fgfr1, ntrk1, ret, slk |  | ",other,False,False,False,PRISM Secondary dose-response,False
BRD-K12885236-001-02-7,dapivirine,non-nucleoside reverse transcriptase inhibitor,"CYP3A4, CYP3A5",450,"dapivirine | non-nucleoside reverse transcriptase inhibitor | cyp3a4, cyp3a5 |  | ",other,False,False,False,PRISM Secondary dose-response,False
BRD-K19085898-001-01-8,darapladib,phospholipase inhibitor,PLA2G7,461,darapladib | phospholipase inhibitor | pla2g7 |  | ,other,False,False,False,PRISM Secondary dose-response,False
BRD-K95773607-004-03-8,darifenacin,acetylcholine receptor antagonist,"CHRM1, CHRM2, CHRM3, CHRM4, CHRM5",459,"darifenacin | acetylcholine receptor antagonist | chrm1, chrm2, chrm3, chrm4, chrm5 | urology | urinary incontinence",other,False,False,False,PRISM Secondary dose-response,False
BRD-K49328571-001-15-0,dasatinib,"Bcr-Abl kinase inhibitor, ephrin inhibitor, KIT inhibitor, PDGFR tyrosine kinase receptor inhibitor, src inhibitor, tyrosine kinase inhibitor","ABL1, ABL2, BLK, EPHA2, FGR, FRK, FYN, HCK, KIT, LCK, LYN, PDGFRB, SRC, SRMS, STAT5B, YES1",470,"dasatinib | bcr-abl kinase inhibitor, ephrin inhibitor, kit inhibitor, pdgfr tyrosine kinase receptor inhibitor, src inhibitor, tyrosine kinase inhibitor | abl1, abl2, blk, epha2, fgr, frk, fyn, hck, kit, lck, lyn, pdgfrb, src, srms, stat5b, yes1 | hematologic malignancy | chronic myeloid leukemia (cml), acute lymphoblastic leukemia (all)",other,False,False,False,PRISM Secondary dose-response,False
BRD-K79254416-001-21-8,decitabine,DNA methyltransferase inhibitor,"DNMT1, DNMT3A",432,"decitabine | dna methyltransferase inhibitor | dnmt1, dnmt3a | hematologic malignancy, hematology | myelodysplastic diseases (mds), anemia, chronic myeloid leukemia (cml)",other,False,False,False,PRISM Secondary dose-response,False
BRD-K79254416-001-22-6,decitabine,DNA methyltransferase inhibitor,"DNMT1, DNMT3A",364,"decitabine | dna methyltransferase inhibitor | dnmt1, dnmt3a | hematologic malignancy, hematology | myelodysplastic diseases (mds), anemia, chronic myeloid leukemia (cml)",other,False,False,False,PRISM Secondary dose-response,False
BRD-K43578482-001-01-4,defactinib,focal adhesion kinase inhibitor,PTK2,367,defactinib | focal adhesion kinase inhibitor | ptk2 |  | ,other,False,False,False,PRISM Secondary dose-response,False
BRD-K97010173-001-04-1,deferasirox,chelating agent,CYP3A4,447,"deferasirox | chelating agent | cyp3a4 | hematology | transfusional hemosiderosis, thalassemia, iron overload",other,False,False,False,PRISM Secondary dose-response,False
BRD-K62304154-001-04-2,deforolimus,mTOR inhibitor,MTOR,470,deforolimus | mtor inhibitor | mtor |  | ,other,False,False,False,PRISM Secondary dose-response,False
BRD-A11551002-001-04-6,dehydrocholate-acid,,,408,dehydrocholate-acid |  |  |  | ,other,False,False,False,PRISM Secondary dose-response,False
BRD-K51471001-303-04-7,demecarium,acetylcholinesterase inhibitor,"ACHE, BCHE",426,"demecarium | acetylcholinesterase inhibitor | ache, bche | ophthalmology | intraocular pressure, glaucoma",other,False,False,False,PRISM Secondary dose-response,False
BRD-K24556098-001-16-7,deoxycorticosterone-acetate,progestogen hormone,NR3C2,454,deoxycorticosterone-acetate | progestogen hormone | nr3c2 |  | ,other,False,False,False,PRISM Secondary dose-response,False
BRD-K77685957-300-09-1,dequalinium,PKC inhibitor,"KCNN1, KCNN3",461,"dequalinium | pkc inhibitor | kcnn1, kcnn3 |  | ",other,False,False,False,PRISM Secondary dose-response,False
BRD-K98521173-001-19-4,desoxycortone,mineralocorticoid receptor agonist,"NR3C1, NR3C2",431,"desoxycortone | mineralocorticoid receptor agonist | nr3c1, nr3c2 |  | ",other,False,False,False,PRISM Secondary dose-response,False
BRD-K97464279-001-03-5,diaveridine,dihydrofolate reductase inhibitor,,438,diaveridine | dihydrofolate reductase inhibitor |  |  | ,other,False,False,False,PRISM Secondary dose-response,False
BRD-K38458514-001-01-8,diazooxonorleucine,glutamate receptor antagonist,,442,diazooxonorleucine | glutamate receptor antagonist |  |  | ,other,False,False,False,PRISM Secondary dose-response,False
BRD-K54187111-001-09-2,dichlorisone-acetate,,,359,dichlorisone-acetate |  |  |  | ,other,False,False,False,PRISM Secondary dose-response,False
BRD-M97302542-001-03-6,dichloroacetate,pyruvate dehydrogenase kinase inhibitor,PDK1,427,dichloroacetate | pyruvate dehydrogenase kinase inhibitor | pdk1 |  | ,other,False,False,False,PRISM Secondary dose-response,False
BRD-M97302542-001-04-4,dichloroacetate,pyruvate dehydrogenase kinase inhibitor,PDK1,428,dichloroacetate | pyruvate dehydrogenase kinase inhibitor | pdk1 |  | ,other,False,False,False,PRISM Secondary dose-response,False
BRD-K23779958-001-05-8,dichlorvos,acetylcholinesterase inhibitor,,457,dichlorvos | acetylcholinesterase inhibitor |  |  | ,other,False,False,False,PRISM Secondary dose-response,False
BRD-A06426627-001-03-5,diclazuril,antiprotozoal agent,,444,diclazuril | antiprotozoal agent |  | infectious disease | equine protozoal myeloencephalitis (epm),other,False,False,False,PRISM Secondary dose-response,False
BRD-K68507560-003-24-6,dicycloverine,acetylcholine receptor antagonist,"CHRM1, CHRM2, CHRM3",418,"dicycloverine | acetylcholine receptor antagonist | chrm1, chrm2, chrm3 | gastroenterology | irritable bowel syndrome",other,False,False,False,PRISM Secondary dose-response,False
BRD-K50853363-001-02-3,dienogest,progesterone receptor agonist,PGR,453,"dienogest | progesterone receptor agonist | pgr | endocrinology, obstetrics/gynecology | contraceptive, endometriosis",other,False,False,False,PRISM Secondary dose-response,False
BRD-K18518344-001-15-9,digitoxigenin,ATPase inhibitor,ATP1A1,474,digitoxigenin | atpase inhibitor | atp1a1 |  | ,other,False,False,False,PRISM Secondary dose-response,False
BRD-A93236127-001-04-5,digitoxin,ATPase inhibitor,ATP1A1,336,digitoxin | atpase inhibitor | atp1a1 |  | ,other,False,False,False,PRISM Secondary dose-response,False
BRD-K18619710-001-14-4,digoxigenin,steroid,,461,digoxigenin | steroid |  |  | ,other,False,False,False,PRISM Secondary dose-response,False
BRD-A94756469-001-04-7,digoxin,ATPase inhibitor,ATP1A1,446,"digoxin | atpase inhibitor | atp1a1 | cardiology | congestive heart failure, atrial fibrillation (af)",other,False,False,False,PRISM Secondary dose-response,False
BRD-K62213621-001-01-6,dihydroartemisinin,antimalarial agent,,431,dihydroartemisinin | antimalarial agent |  | infectious disease | malaria,other,False,False,False,PRISM Secondary dose-response,False
BRD-K97440753-066-18-1,dihydroergocristine,"adrenergic receptor antagonist, prolactin inhibitor","ADRA1A, ADRB1, DRD1, DRD2, DRD3, DRD4, DRD5, HTR1A, HTR2A, HTR3A, HTR4, HTR5A, HTR6, HTR7",417,"dihydroergocristine | adrenergic receptor antagonist, prolactin inhibitor | adra1a, adrb1, drd1, drd2, drd3, drd4, drd5, htr1a, htr2a, htr3a, htr4, htr5a, htr6, htr7 |  | ",other,False,False,False,PRISM Secondary dose-response,False
BRD-K01614093-001-02-6,dihydromyricetin,,,458,dihydromyricetin |  |  |  | ,other,False,False,False,PRISM Secondary dose-response,False
BRD-K73391359-003-10-2,dimethisoquin,local anesthetic,,356,dimethisoquin | local anesthetic |  | neurology/psychiatry | local anesthetic,other,False,False,False,PRISM Secondary dose-response,False
BRD-K13662825-001-07-5,dinaciclib,CDK inhibitor,"CDK1, CDK2, CDK5, CDK9",480,"dinaciclib | cdk inhibitor | cdk1, cdk2, cdk5, cdk9 |  | ",other,False,False,False,PRISM Secondary dose-response,False
BRD-K93441486-067-12-8,diphemanil,acetylcholine receptor antagonist,CHRM3,427,diphemanil | acetylcholine receptor antagonist | chrm3 | neurology/psychiatry | spasms,other,False,False,False,PRISM Secondary dose-response,False
BRD-K52756523-001-24-7,dirithromycin,bacterial 50S ribosomal subunit inhibitor,,430,dirithromycin | bacterial 50s ribosomal subunit inhibitor |  | pulmonary | bronchitis,other,False,False,False,PRISM Secondary dose-response,False
BRD-K32744045-001-31-2,disulfiram,"aldehyde dehydrogenase inhibitor, DNA methyltransferase inhibitor, TRPV agonist","ALDH2, DBH",480,"disulfiram | aldehyde dehydrogenase inhibitor, dna methyltransferase inhibitor, trpv agonist | aldh2, dbh | neurology/psychiatry | abstinence from alcohol",other,False,False,False,PRISM Secondary dose-response,False
BRD-K86887724-001-10-6,dofetilide,potassium channel blocker,"KCNH1, KCNH2, KCNJ12, KCNK2",447,"dofetilide | potassium channel blocker | kcnh1, kcnh2, kcnj12, kcnk2 |  | ",other,False,False,False,PRISM Secondary dose-response,False
BRD-K36386086-001-01-1,dolutegravir,HIV integrase inhibitor,"CYP3A4, CYP3A5, CYP3A7, POU2F2, UGT1A1",381,"dolutegravir | hiv integrase inhibitor | cyp3a4, cyp3a5, cyp3a7, pou2f2, ugt1a1 | infectious disease | human immunodeficiency virus (hiv-1)",other,False,False,False,PRISM Secondary dose-response,False
BRD-K30431096-004-01-3,domiphen,,,439,domiphen |  |  |  | ,other,False,False,False,PRISM Secondary dose-response,False
BRD-K38305202-001-17-4,domperidone,dopamine receptor antagonist,"DRD2, DRD3",434,"domperidone | dopamine receptor antagonist | drd2, drd3 | infectious disease | fescue toxicosis",other,False,False,False,PRISM Secondary dose-response,False
BRD-K71075609-003-01-0,dorzolamide,carbonic anhydrase inhibitor,"CA1, CA12, CA14, CA2, CA4, CA7",358,"dorzolamide | carbonic anhydrase inhibitor | ca1, ca12, ca14, ca2, ca4, ca7 | ophthalmology | intraocular pressure, glaucoma",other,False,False,False,PRISM Secondary dose-response,False
BRD-K85402309-001-06-6,dovitinib,"EGFR inhibitor, FGFR inhibitor, FLT3 inhibitor, PDGFR tyrosine kinase receptor inhibitor, VEGFR inhibitor","CSF1R, EGFR, FGFR1, FGFR2, FGFR3, FLT1, FLT3, FLT4, INSR, KDR, KIT, PDGFRA, PDGFRB",394,"dovitinib | egfr inhibitor, fgfr inhibitor, flt3 inhibitor, pdgfr tyrosine kinase receptor inhibitor, vegfr inhibitor | csf1r, egfr, fgfr1, fgfr2, fgfr3, flt1, flt3, flt4, insr, kdr, kit, pdgfra, pdgfrb |  | ",other,False,False,False,PRISM Secondary dose-response,False
BRD-K85402309-043-01-9,dovitinib,"EGFR inhibitor, FGFR inhibitor, FLT3 inhibitor, PDGFR tyrosine kinase receptor inhibitor, VEGFR inhibitor","CSF1R, EGFR, FGFR1, FGFR2, FGFR3, FLT1, FLT3, FLT4, INSR, KDR, KIT, PDGFRA, PDGFRB",439,"dovitinib | egfr inhibitor, fgfr inhibitor, flt3 inhibitor, pdgfr tyrosine kinase receptor inhibitor, vegfr inhibitor | csf1r, egfr, fgfr1, fgfr2, fgfr3, flt1, flt3, flt4, insr, kdr, kit, pdgfra, pdgfrb |  | ",other,False,False,False,PRISM Secondary dose-response,False
BRD-K82928892-001-02-5,doxercalciferol,vitamin D receptor agonist,VDR,374,"doxercalciferol | vitamin d receptor agonist | vdr | nephrology, endocrinology | chronic kidney disease (ckd), hyperparathyroidism",other,False,False,False,PRISM Secondary dose-response,False
BRD-K58262659-001-09-7,doxifluridine,thymidylate synthase inhibitor,TYMS,422,doxifluridine | thymidylate synthase inhibitor | tyms | oncology | colorectal cancer,other,False,False,False,PRISM Secondary dose-response,False
BRD-A08545410-003-07-8,doxycycline,metalloproteinase inhibitor,MMP8,472,doxycycline | metalloproteinase inhibitor | mmp8 | dental | periodontitis,other,False,False,False,PRISM Secondary dose-response,False
BRD-A08545410-311-03-4,doxycycline,metalloproteinase inhibitor,MMP8,464,doxycycline | metalloproteinase inhibitor | mmp8 | dental | periodontitis,other,False,False,False,PRISM Secondary dose-response,False
BRD-K05524748-003-04-4,dronedarone,adrenergic receptor antagonist,"ADRA1A, ADRA1B, ADRA1D, ADRA2A, ADRA2B, ADRA2C, ADRB1, CACNA1C, CACNA1D, CACNA1F, CACNA1S, CACNB1, CACNB2, CACNB3, CACNB4, KCNA5, KCNH2, KCNK2, SCN1A",439,"dronedarone | adrenergic receptor antagonist | adra1a, adra1b, adra1d, adra2a, adra2b, adra2c, adrb1, cacna1c, cacna1d, cacna1f, cacna1s, cacnb1, cacnb2, cacnb3, cacnb4, kcna5, kcnh2, kcnk2, scn1a | cardiology | atrial fibrillation (af)",other,False,False,False,PRISM Secondary dose-response,False
BRD-K04394237-001-03-7,drospirenone,mineralocorticoid receptor antagonist,"AR, NR3C2, PGR",445,"drospirenone | mineralocorticoid receptor antagonist | ar, nr3c2, pgr | endocrinology | contraceptive",other,False,False,False,PRISM Secondary dose-response,False
BRD-K13314656-001-01-0,ebastine,histamine receptor antagonist,"CYP3A4, HRH1",446,"ebastine | histamine receptor antagonist | cyp3a4, hrh1 | allergy | allergic rhinitis, urticaria",other,False,False,False,PRISM Secondary dose-response,False
BRD-A47953250-001-01-7,ecamsule-triethanolamine,,,407,"ecamsule-triethanolamine |  |  | dermatology | skin protectant, sunscreen lotion",other,False,False,False,PRISM Secondary dose-response,False
BRD-A68969091-001-12-7,echinomycin,DNA intercalating agent,,467,echinomycin | dna intercalating agent |  |  | ,other,False,False,False,PRISM Secondary dose-response,False
BRD-M92675308-003-07-1,efonidipine-monoethanolate,"L-type calcium channel blocker, T-type calcium channel blocker","CACNA1C, CACNA1G",469,"efonidipine-monoethanolate | l-type calcium channel blocker, t-type calcium channel blocker | cacna1c, cacna1g |  | ",other,False,False,False,PRISM Secondary dose-response,False
BRD-K88807631-001-01-3,elacridar,P glycoprotein inhibitor,ABCB1,460,elacridar | p glycoprotein inhibitor | abcb1 |  | ,other,False,False,False,PRISM Secondary dose-response,False
BRD-K82135108-001-04-3,elesclomol,oxidative stress inducer,HSPA1A,479,elesclomol | oxidative stress inducer | hspa1a |  | ,other,False,False,False,PRISM Secondary dose-response,False
BRD-K40496271-396-01-1,eltrombopag,thrombopoietin receptor agonist,MPL,460,"eltrombopag | thrombopoietin receptor agonist | mpl | hematology, infectious disease | anemia, hepatitis c, thrombocytopenia",other,False,False,False,PRISM Secondary dose-response,False
BRD-K86727142-001-12-4,embelin,"HCV inhibitor, XIAP inhibitor",XIAP,390,"embelin | hcv inhibitor, xiap inhibitor | xiap |  | ",other,False,False,False,PRISM Secondary dose-response,False
BRD-A25687296-300-04-3,emetine,protein synthesis inhibitor,RPS2,463,emetine | protein synthesis inhibitor | rps2 |  | ,other,False,False,False,PRISM Secondary dose-response,False
BRD-K21152241-001-07-3,enoximone,phosphodiesterase inhibitor,PDE3A,426,enoximone | phosphodiesterase inhibitor | pde3a | cardiology | congestive heart failure,other,False,False,False,PRISM Secondary dose-response,False
BRD-K77908580-001-09-6,entinostat,HDAC inhibitor,"HDAC1, HDAC2, HDAC3, HDAC9",463,"entinostat | hdac inhibitor | hdac1, hdac2, hdac3, hdac9 |  | ",other,False,False,False,PRISM Secondary dose-response,False
BRD-K56851771-001-06-8,enzalutamide,androgen receptor antagonist,AR,356,enzalutamide | androgen receptor antagonist | ar | oncology | prostate cancer,other,False,False,False,PRISM Secondary dose-response,False
BRD-K42756753-001-01-9,epiandrosterone,steroid,G6PD,429,epiandrosterone | steroid | g6pd |  | ,other,False,False,False,PRISM Secondary dose-response,False
BRD-A98990573-003-01-3,epinastine,histamine receptor antagonist,"ADRA1A, ADRA2A, HRH1, HRH2, HTR2A, HTR7",406,"epinastine | histamine receptor antagonist | adra1a, adra2a, hrh1, hrh2, htr2a, htr7 | ophthalmology | conjunctivitis",other,False,False,False,PRISM Secondary dose-response,False
BRD-K63126190-003-01-6,epinephrine,"adrenergic receptor agonist, neurotransmitter","ADRA1A, ADRA1B, ADRA1D, ADRA2A, ADRA2B, ADRA2C, ADRB1, ADRB2, ADRB3, PAH, TNF",397,"epinephrine | adrenergic receptor agonist, neurotransmitter | adra1a, adra1b, adra1d, adra2a, adra2b, adra2c, adrb1, adrb2, adrb3, pah, tnf | cardiology, allergy, pulmonary | cardiac arrest, anaphylactic shock, asthma",other,False,False,False,PRISM Secondary dose-response,False
BRD-K19761926-001-03-6,eplerenone,cytochrome P450 inhibitor,NR3C2,441,"eplerenone | cytochrome p450 inhibitor | nr3c2 | cardiology | congestive heart failure, hypertension",other,False,False,False,PRISM Secondary dose-response,False
BRD-A91366704-001-01-9,eprinomectin,benzodiazepine receptor agonist,,351,"eprinomectin | benzodiazepine receptor agonist |  | infectious disease | gastrointestinal roundworms, lungworms",other,False,False,False,PRISM Secondary dose-response,False
BRD-K17979676-001-01-2,eprobemide,monoamine oxidase inhibitor,MAOA,400,eprobemide | monoamine oxidase inhibitor | maoa | neurology/psychiatry | depression,other,False,False,False,PRISM Secondary dose-response,False
BRD-K67977190-066-02-3,eprosartan,angiotensin receptor antagonist,AGTR1,426,eprosartan | angiotensin receptor antagonist | agtr1 | cardiology | hypertension,other,False,False,False,PRISM Secondary dose-response,False
BRD-A90547603-001-02-5,eptifibatide,platelet aggregation inhibitor,"ITGA2B, ITGB3",385,"eptifibatide | platelet aggregation inhibitor | itga2b, itgb3 | cardiology | acute coronary syndrome (acs), percutaneous coronary intervention (pci)",other,False,False,False,PRISM Secondary dose-response,False
BRD-K54847683-001-04-0,equol,estrogen receptor agonist,"ESR1, ESR2",422,"equol | estrogen receptor agonist | esr1, esr2 |  | ",other,False,False,False,PRISM Secondary dose-response,False
BRD-A25004090-001-08-4,erastin,ion channel antagonist,VDAC2,390,erastin | ion channel antagonist | vdac2 |  | ,other,False,False,False,PRISM Secondary dose-response,False
BRD-K84163249-001-01-9,ercalcitriol,vitamin D receptor agonist,VDR,443,ercalcitriol | vitamin d receptor agonist | vdr |  | ,other,False,False,False,PRISM Secondary dose-response,False
BRD-K84868168-001-01-0,erdafitinib,FGFR inhibitor,"FGFR1, FGFR2, FGFR3, FGFR4",438,"erdafitinib | fgfr inhibitor | fgfr1, fgfr2, fgfr3, fgfr4 |  | ",other,False,False,False,PRISM Secondary dose-response,False
BRD-K70401845-001-15-7,erlotinib,EGFR inhibitor,"EGFR, NR1I2",433,"erlotinib | egfr inhibitor | egfr, nr1i2 | oncology | non-small cell lung cancer (nsclc), pancreatic cancer",other,False,False,False,PRISM Secondary dose-response,False
BRD-K70401845-003-09-6,erlotinib,EGFR inhibitor,"EGFR, NR1I2",460,"erlotinib | egfr inhibitor | egfr, nr1i2 | oncology | non-small cell lung cancer (nsclc), pancreatic cancer",other,False,False,False,PRISM Secondary dose-response,False
BRD-K80608265-001-01-6,erteberel,estrogen receptor agonist,"ESR1, ESR2",448,"erteberel | estrogen receptor agonist | esr1, esr2 |  | ",other,False,False,False,PRISM Secondary dose-response,False
BRD-K79315489-001-07-8,erythritol,,,436,erythritol |  |  |  | ,other,False,False,False,PRISM Secondary dose-response,False
BRD-K18910433-001-36-6,estradiol,estrogen receptor agonist,"ESR1, ESR2, GPER1, KCNMA1, NR1I2",404,"estradiol | estrogen receptor agonist | esr1, esr2, gper1, kcnma1, nr1i2 | endocrinology | contraceptive",other,False,False,False,PRISM Secondary dose-response,False
BRD-A74765037-001-01-1,estradiol-benzoate,contraceptive agent,ESR1,385,estradiol-benzoate | contraceptive agent | esr1 |  | ,other,False,False,False,PRISM Secondary dose-response,False
BRD-A91452556-001-04-0,estradiol-cypionate,estrogen receptor agonist,ESR1,427,"estradiol-cypionate | estrogen receptor agonist | esr1 | endocrinology | hypoestrogenism, menopause",other,False,False,False,PRISM Secondary dose-response,False
BRD-K81839095-001-30-1,estrone,"estrogen receptor agonist, estrogenic hormone","ESR1, ESR2",407,"estrone | estrogen receptor agonist, estrogenic hormone | esr1, esr2 |  | ",other,False,False,False,PRISM Secondary dose-response,False
BRD-K24715592-406-02-1,ethacridine-lactate-monohydrate,DNA intercalating agent,,449,ethacridine-lactate-monohydrate | dna intercalating agent |  |  | ,other,False,False,False,PRISM Secondary dose-response,False
BRD-K48195008-001-19-9,ethinyl-estradiol,"estrogen receptor agonist, estrogenic hormone","ESR1, ESR2, NR1I2",397,"ethinyl-estradiol | estrogen receptor agonist, estrogenic hormone | esr1, esr2, nr1i2 | endocrinology | contraceptive",other,False,False,False,PRISM Secondary dose-response,False
BRD-K49840922-001-05-1,etofylline-clofibrate,platelet aggregation inhibitor,PPARA,308,etofylline-clofibrate | platelet aggregation inhibitor | ppara |  | ,other,False,False,False,PRISM Secondary dose-response,False
BRD-K32405725-001-02-8,etomoxir,carnitine palmitoyltransferase inhibitor,CPT1A,439,etomoxir | carnitine palmitoyltransferase inhibitor | cpt1a |  | ,other,False,False,False,PRISM Secondary dose-response,False
BRD-K16551357-001-03-2,evacetrapib,cholesteryl ester transfer protein inhibitor,CETP,453,evacetrapib | cholesteryl ester transfer protein inhibitor | cetp |  | ,other,False,False,False,PRISM Secondary dose-response,False
BRD-K13514097-001-04-6,everolimus,mTOR inhibitor,MTOR,416,"everolimus | mtor inhibitor | mtor | oncology, neurology/psychiatry, genetics, urology | breast cancer, neuroendocrine tumors of pancreatic origin (pnet), renal cell carcinoma (rcc), subependymal giant cell astrocytoma (sega), tuberous sclerosis complex (tsc), renal angiomyolipoma",other,False,False,False,PRISM Secondary dose-response,False
BRD-K13514097-001-05-3,everolimus,mTOR inhibitor,MTOR,406,"everolimus | mtor inhibitor | mtor | oncology, neurology/psychiatry, genetics, urology | breast cancer, neuroendocrine tumors of pancreatic origin (pnet), renal cell carcinoma (rcc), subependymal giant cell astrocytoma (sega), tuberous sclerosis complex (tsc), renal angiomyolipoma",other,False,False,False,PRISM Secondary dose-response,False
BRD-A68631409-001-05-4,evodiamine,"ATPase inhibitor, TRPV agonist",TRPV1,467,"evodiamine | atpase inhibitor, trpv agonist | trpv1 |  | ",other,False,False,False,PRISM Secondary dose-response,False
BRD-K33425534-001-12-5,exemestane,aromatase inhibitor,CYP19A1,321,exemestane | aromatase inhibitor | cyp19a1 | oncology | breast cancer,other,False,False,False,PRISM Secondary dose-response,False
BRD-K45033733-001-12-2,famciclovir,DNA polymerase inhibitor,,346,"famciclovir | dna polymerase inhibitor |  | dental, infectious disease | cold sore, genitial herpes, shingles",other,False,False,False,PRISM Secondary dose-response,False
BRD-K00673382-001-18-9,famotidine,histamine receptor antagonist,HRH2,388,famotidine | histamine receptor antagonist | hrh2 | gastroenterology | heartburn,other,False,False,False,PRISM Secondary dose-response,False
BRD-K04264130-001-01-4,favipiravir,RNA polymerase inhibitor,,418,favipiravir | rna polymerase inhibitor |  |  | ,other,False,False,False,PRISM Secondary dose-response,False
BRD-K18157228-001-01-7,fdcyd,DNA methyltransferase inhibitor,,406,fdcyd | dna methyltransferase inhibitor |  |  | ,other,False,False,False,PRISM Secondary dose-response,False
BRD-K99107520-001-24-1,felbamate,glutamate receptor antagonist,"GRIN1, GRIN2A, GRIN2B, GRIN2C, GRIN2D, GRIN3A, GRIN3B",470,"felbamate | glutamate receptor antagonist | grin1, grin2a, grin2b, grin2c, grin2d, grin3a, grin3b | neurology/psychiatry | epilepsy",other,False,False,False,PRISM Secondary dose-response,False
BRD-K08791496-001-01-0,fenaclon,,,393,fenaclon |  |  |  | ,other,False,False,False,PRISM Secondary dose-response,False
BRD-A71033472-003-23-9,fendiline,calcium channel blocker,HTR2B,387,fendiline | calcium channel blocker | htr2b |  | ,other,False,False,False,PRISM Secondary dose-response,False
BRD-A81129465-001-03-8,fenoprofen,prostaglandin inhibitor,"PTGS1, PTGS2, SLC5A8",398,"fenoprofen | prostaglandin inhibitor | ptgs1, ptgs2, slc5a8 | rheumatology | rheumatoid arthritis, osteoarthritis",other,False,False,False,PRISM Secondary dose-response,False
BRD-K37069697-001-01-3,fexinidazole,,,357,fexinidazole |  |  |  | ,other,False,False,False,PRISM Secondary dose-response,False
BRD-K37379014-001-01-2,filanesib,"kinesin inhibitor, kinesin-like spindle protein inhibitor",KIF11,312,"filanesib | kinesin inhibitor, kinesin-like spindle protein inhibitor | kif11 |  | ",other,False,False,False,PRISM Secondary dose-response,False
BRD-K37379014-001-02-0,filanesib,"kinesin inhibitor, kinesin-like spindle protein inhibitor",KIF11,431,"filanesib | kinesin inhibitor, kinesin-like spindle protein inhibitor | kif11 |  | ",other,False,False,False,PRISM Secondary dose-response,False
BRD-K16803204-001-01-6,filgotinib,JAK inhibitor,"JAK1, JAK2, JAK3, TYK2",381,"filgotinib | jak inhibitor | jak1, jak2, jak3, tyk2 |  | ",other,False,False,False,PRISM Secondary dose-response,False
BRD-K98384930-003-01-5,finafloxacin,bacterial DNA gyrase inhibitor,,442,"finafloxacin | bacterial dna gyrase inhibitor |  | infectious disease, pulmonary | intra-abdominal infections, chronic obstructive pulmonary disease (copd), cystic fibrosis",other,False,False,False,PRISM Secondary dose-response,False
BRD-A30886737-001-02-9,florfenicol,protein synthesis inhibitor,,433,florfenicol | protein synthesis inhibitor |  | pulmonary | bovine respiratory disease (brd),other,False,False,False,PRISM Secondary dose-response,False
BRD-K66788707-001-14-3,fludarabine,ribonucleotide reductase inhibitor,"ADA, RRM1, RRM2",438,"fludarabine | ribonucleotide reductase inhibitor | ada, rrm1, rrm2 | hematologic malignancy | chronic lymphocytic leukemia (cll)",other,False,False,False,PRISM Secondary dose-response,False
BRD-K71106091-001-06-1,fludarabine-phosphate,ribonucleotide reductase inhibitor,"DCK, POLA1, POLD1, POLE, RRM1, RRM2, RRM2B",457,"fludarabine-phosphate | ribonucleotide reductase inhibitor | dck, pola1, pold1, pole, rrm1, rrm2, rrm2b | hematologic malignancy | chronic lymphocytic leukemia (cll)",other,False,False,False,PRISM Secondary dose-response,False
BRD-K44067360-001-30-3,flufenamic-acid,chloride channel blocker,"AKR1C3, ANO1, AR, GJA1, GJA10, GJA3, GJA4, GJA5, GJA8, GJA9, GJB1, GJB2, GJB3, GJB4, GJB5, GJB6, GJB7, GJC1, GJC2, GJC3, GJD2, GJD3, GJD4, GJE1, PANX1, PANX2, PANX3, PKD2L1, PTGS1, PTGS2, TRPC5, TRPM2, TRPM5",404,"flufenamic-acid | chloride channel blocker | akr1c3, ano1, ar, gja1, gja10, gja3, gja4, gja5, gja8, gja9, gjb1, gjb2, gjb3, gjb4, gjb5, gjb6, gjb7, gjc1, gjc2, gjc3, gjd2, gjd3, gjd4, gje1, panx1, panx2, panx3, pkd2l1, ptgs1, ptgs2, trpc5, trpm2, trpm5 |  | ",other,False,False,False,PRISM Secondary dose-response,False
BRD-K68870568-066-01-5,flumatinib,Bcr-Abl kinase inhibitor,"ABL1, PDGFRB",440,"flumatinib | bcr-abl kinase inhibitor | abl1, pdgfrb |  | ",other,False,False,False,PRISM Secondary dose-response,False
BRD-K51199656-003-01-4,fluoromethylcholine,,,308,fluoromethylcholine |  |  |  | ,other,False,False,False,PRISM Secondary dose-response,False
BRD-K56908511-001-01-2,fluroxene,local anesthetic,,443,fluroxene | local anesthetic |  |  | ,other,False,False,False,PRISM Secondary dose-response,False
BRD-K28307902-001-21-7,flutamide,androgen receptor antagonist,"AHR, AR",438,"flutamide | androgen receptor antagonist | ahr, ar | oncology | prostate cancer",other,False,False,False,PRISM Secondary dose-response,False
BRD-K66296774-236-11-3,fluvastatin,HMGCR inhibitor,HMGCR,470,"fluvastatin | hmgcr inhibitor | hmgcr | endocrinology, cardiology | hypercholesterolemia, congenital heart defects",other,False,False,False,PRISM Secondary dose-response,False
BRD-K03449891-001-08-6,foretinib,VEGFR inhibitor,"FLT1, FLT4, KDR, MET",478,"foretinib | vegfr inhibitor | flt1, flt4, kdr, met |  | ",other,False,False,False,PRISM Secondary dose-response,False
BRD-A26503646-001-16-6,formestane,aromatase inhibitor,CYP19A1,422,formestane | aromatase inhibitor | cyp19a1 | oncology | breast cancer,other,False,False,False,PRISM Secondary dose-response,False
BRD-K16505263-003-02-9,forodesine,purinergic receptor antagonist,PNP,421,forodesine | purinergic receptor antagonist | pnp |  | ,other,False,False,False,PRISM Secondary dose-response,False
BRD-K09602097-001-13-6,forskolin,adenylyl cyclase activator,"ADCY2, ADCY5, GNAS",373,"forskolin | adenylyl cyclase activator | adcy2, adcy5, gnas |  | ",other,False,False,False,PRISM Secondary dose-response,False
BRD-K85146014-314-05-4,foscarnet,DNA polymerase inhibitor,,441,"foscarnet | dna polymerase inhibitor |  | infectious disease | cytomegalovirus retinitis, acquired immunodeficiency syndrome (aids), virus herpes simplex (hsv)",other,False,False,False,PRISM Secondary dose-response,False
BRD-K07202345-001-19-4,frentizole,immunosuppressant,,467,frentizole | immunosuppressant |  |  | ,other,False,False,False,PRISM Secondary dose-response,False
BRD-K99383816-001-03-5,ftorafur,thymidylate synthase inhibitor,TYMS,448,ftorafur | thymidylate synthase inhibitor | tyms | oncology | colorectal cancer,other,False,False,False,PRISM Secondary dose-response,False
BRD-K54838207-001-03-8,fudosteine,mucolytic agent,,439,fudosteine | mucolytic agent |  | pulmonary | chest congestion,other,False,False,False,PRISM Secondary dose-response,False
BRD-A85667082-001-12-7,fulvestrant,estrogen receptor antagonist,"ESR1, ESR2, GPER1",384,"fulvestrant | estrogen receptor antagonist | esr1, esr2, gper1 | oncology | breast cancer",other,False,False,False,PRISM Secondary dose-response,False
BRD-A07986123-001-02-8,galeterone,androgen receptor modulator,"AR, CYP17A1",446,"galeterone | androgen receptor modulator | ar, cyp17a1 |  | ",other,False,False,False,PRISM Secondary dose-response,False
BRD-K77245796-003-01-6,gamma-aminobutyric-acid,benzodiazepine receptor agonist,"GABBR1, GABBR2, GABRA1, GABRA2, GABRA3, GABRA5, GABRB2, GABRG2, GATM, KCTD12, KCTD16, KCTD8, SLC6A1",395,"gamma-aminobutyric-acid | benzodiazepine receptor agonist | gabbr1, gabbr2, gabra1, gabra2, gabra3, gabra5, gabrb2, gabrg2, gatm, kctd12, kctd16, kctd8, slc6a1 |  | ",other,False,False,False,PRISM Secondary dose-response,False
BRD-K38852836-001-02-1,ganetespib,HSP inhibitor,HSP90AA1,479,ganetespib | hsp inhibitor | hsp90aa1 |  | ,other,False,False,False,PRISM Secondary dose-response,False
BRD-K81613478-001-01-8,gastrodin,,,457,gastrodin |  |  |  | ,other,False,False,False,PRISM Secondary dose-response,False
BRD-K64052750-001-17-5,gefitinib,EGFR inhibitor,EGFR,377,gefitinib | egfr inhibitor | egfr | oncology | non-small cell lung cancer (nsclc),other,False,False,False,PRISM Secondary dose-response,False
BRD-K64052750-001-22-5,gefitinib,EGFR inhibitor,EGFR,410,gefitinib | egfr inhibitor | egfr | oncology | non-small cell lung cancer (nsclc),other,False,False,False,PRISM Secondary dose-response,False
BRD-K15108141-001-06-6,gemcitabine,ribonucleotide reductase inhibitor,"CMPK1, RRM1, RRM2, TYMS",387,"gemcitabine | ribonucleotide reductase inhibitor | cmpk1, rrm1, rrm2, tyms | oncology | ovarian cancer, breast cancer, non-small cell lung cancer (nsclc), pancreatic cancer",other,False,False,False,PRISM Secondary dose-response,False
BRD-K28824103-001-02-8,genipin,choleretic agent,,467,genipin | choleretic agent |  |  | ,other,False,False,False,PRISM Secondary dose-response,False
BRD-K97472745-001-01-8,gestrinone,progesterone receptor antagonist,"AR, ESR1, PGR",420,"gestrinone | progesterone receptor antagonist | ar, esr1, pgr | obstetrics/gynecology | endometriosis",other,False,False,False,PRISM Secondary dose-response,False
BRD-K22588750-001-07-0,gidazepam,GABA benzodiazepine site receptor agonist,,437,gidazepam | gaba benzodiazepine site receptor agonist |  |  | ,other,False,False,False,PRISM Secondary dose-response,False
BRD-K72280606-001-01-2,gilteritinib,FLT3 inhibitor,FLT3,437,gilteritinib | flt3 inhibitor | flt3 |  | ,other,False,False,False,PRISM Secondary dose-response,False
BRD-K35687421-001-02-5,gimeracil,dihydropyrimidine dehydrogenase inhibitor,DPYD,412,gimeracil | dihydropyrimidine dehydrogenase inhibitor | dpyd | oncology | gastric adenocarcinoma,other,False,False,False,PRISM Secondary dose-response,False
BRD-A95121829-001-08-9,ginkgolide-a,GABA receptor antagonist,"GLRA1, GLRB",456,"ginkgolide-a | gaba receptor antagonist | glra1, glrb |  | ",other,False,False,False,PRISM Secondary dose-response,False
BRD-K13810148-311-03-2,givinostat,HDAC inhibitor,"HDAC1, HDAC2, HDAC3, HDAC4, HDAC5, HDAC6, HDAC7, HDAC8, HDAC9",446,"givinostat | hdac inhibitor | hdac1, hdac2, hdac3, hdac4, hdac5, hdac6, hdac7, hdac8, hdac9 |  | ",other,False,False,False,PRISM Secondary dose-response,False
BRD-A57886255-001-01-1,golgicide-a,ARF inhibitor,GBF1,451,golgicide-a | arf inhibitor | gbf1 |  | ,other,False,False,False,PRISM Secondary dose-response,False
BRD-K69001009-001-02-8,golvatinib,VEGFR inhibitor,"KDR, MET",457,"golvatinib | vegfr inhibitor | kdr, met |  | ",other,False,False,False,PRISM Secondary dose-response,False
BRD-K76037122-001-02-5,guanidine,HSP inhibitor,"ALDH2, DLG4, GAMT, RNASE1",441,"guanidine | hsp inhibitor | aldh2, dlg4, gamt, rnase1 | neurology/psychiatry | lambert-eaton myasthenic syndrome (lems)",other,False,False,False,PRISM Secondary dose-response,False
BRD-A51964809-003-12-6,halofantrine,antimalarial agent,"KCNH2, KCNN4",459,"halofantrine | antimalarial agent | kcnh2, kcnn4 | infectious disease | malaria",other,False,False,False,PRISM Secondary dose-response,False
BRD-K54247840-004-01-3,halofuginone,collagenase inhibitor,"COL1A1, MMP2",447,"halofuginone | collagenase inhibitor | col1a1, mmp2 | rheumatology | scleroderma",other,False,False,False,PRISM Secondary dose-response,False
BRD-K96358241-001-01-9,harringtonine,protein synthesis inhibitor,,455,harringtonine | protein synthesis inhibitor |  |  | ,other,False,False,False,PRISM Secondary dose-response,False
BRD-K58122457-001-02-2,hesperadin,Aurora kinase inhibitor,AURKB,366,hesperadin | aurora kinase inhibitor | aurkb |  | ,other,False,False,False,PRISM Secondary dose-response,False
BRD-K99792991-001-34-9,hexachlorophene,potassium channel activator,"GLUD1, SDHD",455,"hexachlorophene | potassium channel activator | glud1, sdhd | infectious disease | gram-positive bacterial infections",other,False,False,False,PRISM Secondary dose-response,False
BRD-K73753850-003-01-6,hexaminolevulinate,,,464,hexaminolevulinate |  |  | radiology | diagnostic agent,other,False,False,False,PRISM Secondary dose-response,False
BRD-K99946902-001-07-5,hexylresorcinol,local anesthetic,TYR,365,"hexylresorcinol | local anesthetic | tyr | infectious disease | skin infections, first-aid antiseptic",other,False,False,False,PRISM Secondary dose-response,False
BRD-K76674262-001-03-3,homoharringtonine,protein synthesis inhibitor,RPL3,475,homoharringtonine | protein synthesis inhibitor | rpl3 | hematologic malignancy | chronic myeloid leukemia (cml),other,False,False,False,PRISM Secondary dose-response,False
BRD-K30519779-001-03-1,homoquinolinic-acid,glutamate receptor agonist,"GRIN1, GRIN2A, GRIN2B, GRIN2C, GRIN2D",416,"homoquinolinic-acid | glutamate receptor agonist | grin1, grin2a, grin2b, grin2c, grin2d |  | ",other,False,False,False,PRISM Secondary dose-response,False
BRD-A34751532-001-06-9,homosalate,HSP inducer,,376,homosalate | hsp inducer |  |  | ,other,False,False,False,PRISM Secondary dose-response,False
BRD-A98299281-050-09-6,"hydroxytacrine-maleate-(r,s)",cholinesterase inhibitor,ACHE,438,"hydroxytacrine-maleate-(r,s) | cholinesterase inhibitor | ache |  | ",other,False,False,False,PRISM Secondary dose-response,False
BRD-K51747290-001-13-1,hydroxyurea,ribonucleotide reductase inhibitor,"RRM1, RRM2, RRM2B",453,"hydroxyurea | ribonucleotide reductase inhibitor | rrm1, rrm2, rrm2b | hematologic malignancy, oncology | chronic myeloid leukemia (cml), head and neck squamous cell carcinoma (hnscc)",other,False,False,False,PRISM Secondary dose-response,False
BRD-K44009692-001-02-3,hyodeoxycholic-acid,atherosclerosis formation inhibitor,,429,hyodeoxycholic-acid | atherosclerosis formation inhibitor |  |  | ,other,False,False,False,PRISM Secondary dose-response,False
BRD-K40530731-001-11-6,hyoscyamine,acetylcholine receptor antagonist,"CHRM1, CHRM2, CHRM3, CHRM4",451,"hyoscyamine | acetylcholine receptor antagonist | chrm1, chrm2, chrm3, chrm4 | gastroenterology, urology, neurology/psychiatry, allergy | peptic ulcer disease (pud), acute abdominal visceral spasm, ulcerative colitis, interstitial cystitis (ic), enterocolitis, irritable bowel syndrome, tremors, allergic rhinitis",other,False,False,False,PRISM Secondary dose-response,False
BRD-K29673530-001-05-4,hypericin,tyrosine kinase inhibitor,,365,hypericin | tyrosine kinase inhibitor |  |  | ,other,False,False,False,PRISM Secondary dose-response,False
BRD-K70301465-001-02-6,ibrutinib,Bruton's tyrosine kinase (BTK) inhibitor,"BLK, BMX, BTK",419,"ibrutinib | bruton's tyrosine kinase (btk) inhibitor | blk, bmx, btk | hematologic malignancy | chronic lymphocytic leukemia (cll), mantle cell lymphoma (mcl), waldenstrom's macroglobulinemia (wm)",other,False,False,False,PRISM Secondary dose-response,False
BRD-K70301465-001-05-9,ibrutinib,Bruton's tyrosine kinase (BTK) inhibitor,"BLK, BMX, BTK",434,"ibrutinib | bruton's tyrosine kinase (btk) inhibitor | blk, bmx, btk | hematologic malignancy | chronic lymphocytic leukemia (cll), mantle cell lymphoma (mcl), waldenstrom's macroglobulinemia (wm)",other,False,False,False,PRISM Secondary dose-response,False
BRD-A74391928-051-01-3,ibutilide,potassium channel blocker,"CACNA1C, CACNA2D1, CACNB1, CACNG1, KCNH2, KCNH6, KCNH7, KCNJ11, KCNK1, KCNK6",428,"ibutilide | potassium channel blocker | cacna1c, cacna2d1, cacnb1, cacng1, kcnh2, kcnh6, kcnh7, kcnj11, kcnk1, kcnk6 | cardiology | atrial fibrillation (af)",other,False,False,False,PRISM Secondary dose-response,False
BRD-K31698212-001-02-9,icotinib,EGFR inhibitor,EGFR,477,icotinib | egfr inhibitor | egfr | oncology | non-small cell lung cancer (nsclc),other,False,False,False,PRISM Secondary dose-response,False
BRD-A18696154-003-22-6,idazoxan,adrenergic receptor antagonist,ADRA2A,462,idazoxan | adrenergic receptor antagonist | adra2a |  | ,other,False,False,False,PRISM Secondary dose-response,False
BRD-K60866521-001-07-1,idelalisib,PI3K inhibitor,"PIK3CA, PIK3CB, PIK3CD, PIK3CG",458,"idelalisib | pi3k inhibitor | pik3ca, pik3cb, pik3cd, pik3cg | hematologic malignancy | chronic lymphocytic leukemia (cll)",other,False,False,False,PRISM Secondary dose-response,False
BRD-K76634210-001-14-7,idoxuridine,DNA directed DNA polymerase inhibitor,,455,idoxuridine | dna directed dna polymerase inhibitor |  | infectious disease | virus herpes simplex (hsv),other,False,False,False,PRISM Secondary dose-response,False
BRD-K74671368-001-01-8,idronoxil,XIAP inhibitor,"ENOX2, SPHK1",455,"idronoxil | xiap inhibitor | enox2, sphk1 |  | ",other,False,False,False,PRISM Secondary dose-response,False
BRD-K51662849-001-08-8,ilomastat,matrix metalloprotease inhibitor,"ACAN, ADAM28, MMP1, MMP12, MMP13, MMP14, MMP2, MMP3, MMP8, MMP9",418,"ilomastat | matrix metalloprotease inhibitor | acan, adam28, mmp1, mmp12, mmp13, mmp14, mmp2, mmp3, mmp8, mmp9 |  | ",other,False,False,False,PRISM Secondary dose-response,False
BRD-K92723993-001-06-7,imatinib,"Bcr-Abl kinase inhibitor, KIT inhibitor, PDGFR tyrosine kinase receptor inhibitor","ABL1, CSF1R, DDR1, KIT, NTRK1, PDGFRA, PDGFRB, RET",458,"imatinib | bcr-abl kinase inhibitor, kit inhibitor, pdgfr tyrosine kinase receptor inhibitor | abl1, csf1r, ddr1, kit, ntrk1, pdgfra, pdgfrb, ret | hematologic malignancy, oncology | chronic myeloid leukemia (cml), acute lymphoblastic leukemia (all), myelodysplastic diseases (mds), aggressive systemic mastocytosis (asm), hypereosinophilic syndrome (hes), chronic eosinophilic leukemia (cel), dermatofibrosarcoma protuberans (dfsp), gastrointestinal stromal tumors (gist)",other,False,False,False,PRISM Secondary dose-response,False
BRD-K92723993-001-17-4,imatinib,"Bcr-Abl kinase inhibitor, KIT inhibitor, PDGFR tyrosine kinase receptor inhibitor","ABL1, CSF1R, DDR1, KIT, NTRK1, PDGFRA, PDGFRB, RET",361,"imatinib | bcr-abl kinase inhibitor, kit inhibitor, pdgfr tyrosine kinase receptor inhibitor | abl1, csf1r, ddr1, kit, ntrk1, pdgfra, pdgfrb, ret | hematologic malignancy, oncology | chronic myeloid leukemia (cml), acute lymphoblastic leukemia (all), myelodysplastic diseases (mds), aggressive systemic mastocytosis (asm), hypereosinophilic syndrome (hes), chronic eosinophilic leukemia (cel), dermatofibrosarcoma protuberans (dfsp), gastrointestinal stromal tumors (gist)",other,False,False,False,PRISM Secondary dose-response,False
BRD-K34332569-001-01-3,imidapril,angiotensin converting enzyme inhibitor,ACE,471,"imidapril | angiotensin converting enzyme inhibitor | ace | cardiology | hypertension, congestive heart failure",other,False,False,False,PRISM Secondary dose-response,False
BRD-A10903566-003-07-7,imiloxan,adrenergic receptor antagonist,"ADRA2A, ADRA2B",349,"imiloxan | adrenergic receptor antagonist | adra2a, adra2b |  | ",other,False,False,False,PRISM Secondary dose-response,False
BRD-K26657438-001-15-2,imiquimod,"interferon inducer, toll-like receptor agonist","TLR7, TLR8",471,"imiquimod | interferon inducer, toll-like receptor agonist | tlr7, tlr8 | dermatology, infectious disease, oncology | actinic keratosis (ak), genital warts, basal cell carcinoma (bcc)",other,False,False,False,PRISM Secondary dose-response,False
BRD-K90948141-001-01-4,indiplon,benzodiazepine receptor agonist,GABRA1,450,indiplon | benzodiazepine receptor agonist | gabra1 |  | ,other,False,False,False,PRISM Secondary dose-response,False
BRD-K17894950-001-14-3,indirubin,"CDK inhibitor, glycogen synthase kinase inhibitor","CDK1, CDK5, GSK3A",478,"indirubin | cdk inhibitor, glycogen synthase kinase inhibitor | cdk1, cdk5, gsk3a |  | ",other,False,False,False,PRISM Secondary dose-response,False
BRD-K17610631-001-03-3,indisulam,CDK inhibitor,"CA1, CA12, CA14, CA2, CA6, CA7, CA9",475,"indisulam | cdk inhibitor | ca1, ca12, ca14, ca2, ca6, ca7, ca9 |  | ",other,False,False,False,PRISM Secondary dose-response,False
BRD-K93779381-001-01-9,ingenol-mebutate,PKC activator,"PRKCA, PRKCB, PRKCD, PRKCE, PRKCG",448,"ingenol-mebutate | pkc activator | prkca, prkcb, prkcd, prkce, prkcg | dermatology | actinic keratosis (ak)",other,False,False,False,PRISM Secondary dose-response,False
BRD-K79612754-001-19-1,inosine,neurotrophic agent,"PARP1, PNP",461,"inosine | neurotrophic agent | parp1, pnp |  | ",other,False,False,False,PRISM Secondary dose-response,False
BRD-K43860855-065-11-9,iobenguane,antineoplastic agent,,279,"iobenguane | antineoplastic agent |  | oncology, cardiology, endocrinology | neuroblastoma, congestive heart failure, pheochromocytoma",other,False,False,False,PRISM Secondary dose-response,False
BRD-K67261995-001-11-7,iodipamide,radiopaque medium,ALB,427,iodipamide | radiopaque medium | alb | radiology | contrast agent,other,False,False,False,PRISM Secondary dose-response,False
BRD-A46813902-001-01-6,iododexetimide,acetylcholine receptor antagonist,,432,iododexetimide | acetylcholine receptor antagonist |  |  | ,other,False,False,False,PRISM Secondary dose-response,False
BRD-K88568253-011-19-9,iproniazid,monoamine oxidase inhibitor,"MAOA, MAOB",384,"iproniazid | monoamine oxidase inhibitor | maoa, maob |  | ",other,False,False,False,PRISM Secondary dose-response,False
BRD-K90574421-001-03-5,ipsapirone,serotonin receptor agonist,HTR1A,363,ipsapirone | serotonin receptor agonist | htr1a |  | ,other,False,False,False,PRISM Secondary dose-response,False
BRD-A24587114-066-22-5,isoetharine,adrenergic receptor agonist,"ADRB1, ADRB2",367,"isoetharine | adrenergic receptor agonist | adrb1, adrb2 | pulmonary | bronchospasm, asthma",other,False,False,False,PRISM Secondary dose-response,False
BRD-A07704283-001-01-3,isofloxythepin,dopamine receptor antagonist,,443,isofloxythepin | dopamine receptor antagonist |  |  | ,other,False,False,False,PRISM Secondary dose-response,False
BRD-K29173907-001-09-2,isoflupredone-acetate,,NR3C1,396,isoflupredone-acetate |  | nr3c1 |  | ,other,False,False,False,PRISM Secondary dose-response,False
BRD-A64743628-001-01-5,isometheptene-mucate,,"ADRA1A, SLC18A2",274,"isometheptene-mucate |  | adra1a, slc18a2 | neurology/psychiatry | headache",other,False,False,False,PRISM Secondary dose-response,False
BRD-K13409143-001-01-9,isopropyl-myristate,,,452,isopropyl-myristate |  |  | dermatology | cosmetic,other,False,False,False,PRISM Secondary dose-response,False
BRD-A16700644-003-04-4,isoxsuprine,adrenergic receptor agonist,ADRB2,292,"isoxsuprine | adrenergic receptor agonist | adrb2 | rheumatology, cardiology | raynaud's disease, arteriosclerosis, buerger's disease",other,False,False,False,PRISM Secondary dose-response,False
BRD-K64881305-001-03-7,ispinesib,kinesin inhibitor,KIF11,479,ispinesib | kinesin inhibitor | kif11 |  | ,other,False,False,False,PRISM Secondary dose-response,False
BRD-K87774949-001-03-9,istradefylline,adenosine receptor antagonist,"ADORA1, ADORA2A, ADORA2B, ADORA3",360,"istradefylline | adenosine receptor antagonist | adora1, adora2a, adora2b, adora3 | neurology/psychiatry | parkinson's disease, dyskinesia",other,False,False,False,PRISM Secondary dose-response,False
BRD-A23067620-300-01-3,itraconazole,cytochrome P450 inhibitor,CYP51A1,186,"itraconazole | cytochrome p450 inhibitor | cyp51a1 | infectious disease | onychomycosis, histoplasmosis, blastomycosis, aspergillosis",other,False,False,False,PRISM Secondary dose-response,False
BRD-K85554912-001-06-3,ivermectin,benzodiazepine receptor agonist,"CHRNA7, GABRB3, GLRA3, P2RX7",464,"ivermectin | benzodiazepine receptor agonist | chrna7, gabrb3, glra3, p2rx7 | infectious disease | gastrointestinal roundworms, lungworms, cattle grubs, mites, lice, horn flies",other,False,False,False,PRISM Secondary dose-response,False
BRD-K25837718-001-03-8,josamycin,bacterial 50S ribosomal subunit inhibitor,,429,josamycin | bacterial 50s ribosomal subunit inhibitor |  | pulmonary | bronchitis,other,False,False,False,PRISM Secondary dose-response,False
BRD-K37312348-001-15-0,kenpaullone,"CDK inhibitor, glycogen synthase kinase inhibitor","CCNB1, CDK1, CDK5, GSK3B",462,"kenpaullone | cdk inhibitor, glycogen synthase kinase inhibitor | ccnb1, cdk1, cdk5, gsk3b |  | ",other,False,False,False,PRISM Secondary dose-response,False
BRD-A38350138-001-04-9,ketoconazole,sterol demethylase inhibitor,"AR, CYP19A1, CYP21A2, KCNA10",327,"ketoconazole | sterol demethylase inhibitor | ar, cyp19a1, cyp21a2, kcna10 | dermatology | seborrheic dermatitis",other,False,False,False,PRISM Secondary dose-response,False
BRD-K02898090-001-02-7,kifunensine,mannosidase inhibitor,"MAN1B1, MAN2A1",447,"kifunensine | mannosidase inhibitor | man1b1, man2a1 |  | ",other,False,False,False,PRISM Secondary dose-response,False
BRD-K67566344-001-07-5,ku-0063794,mTOR inhibitor,MTOR,475,ku-0063794 | mtor inhibitor | mtor |  | ,other,False,False,False,PRISM Secondary dose-response,False
BRD-K85872723-001-15-9,kynurenic-acid,glutamate receptor antagonist,"GPR35, GRIN1, GRIN2A, GRIN2B",421,"kynurenic-acid | glutamate receptor antagonist | gpr35, grin1, grin2a, grin2b |  | ",other,False,False,False,PRISM Secondary dose-response,False
BRD-K40787673-001-02-1,lacitol,osmosis stimulant,,366,lacitol | osmosis stimulant |  | gastroenterology | constipation,other,False,False,False,PRISM Secondary dose-response,False
BRD-A67516570-001-02-8,lafutidine,histamine receptor antagonist,HRH2,446,"lafutidine | histamine receptor antagonist | hrh2 | gastroenterology | duodenal ulcer disease, peptic ulcer disease (pud)",other,False,False,False,PRISM Secondary dose-response,False
BRD-A64242993-001-05-6,lanatoside-c,cardiac glycoside,,462,lanatoside-c | cardiac glycoside |  |  | ,other,False,False,False,PRISM Secondary dose-response,False
BRD-A54275602-001-01-0,lanoconazole,sterol demethylase inhibitor,,325,lanoconazole | sterol demethylase inhibitor |  | infectious disease | fungal infection,other,False,False,False,PRISM Secondary dose-response,False
BRD-K19687926-001-04-1,lapatinib,EGFR inhibitor,"EGFR, ERBB2",446,"lapatinib | egfr inhibitor | egfr, erbb2 | oncology | breast cancer",other,False,False,False,PRISM Secondary dose-response,False
BRD-K19687926-379-07-4,lapatinib,EGFR inhibitor,"EGFR, ERBB2",465,"lapatinib | egfr inhibitor | egfr, erbb2 | oncology | breast cancer",other,False,False,False,PRISM Secondary dose-response,False
BRD-A05906449-004-01-1,lappaconite,sodium channel blocker,,473,lappaconite | sodium channel blocker |  |  | ,other,False,False,False,PRISM Secondary dose-response,False
BRD-A72711497-236-03-8,lasalocid,bacterial permeability inducer,,463,lasalocid | bacterial permeability inducer |  | infectious disease | coccidiosis,other,False,False,False,PRISM Secondary dose-response,False
BRD-K10961822-001-05-1,latanoprost,prostanoid receptor agonist,PTGFR,413,"latanoprost | prostanoid receptor agonist | ptgfr | ophthalmology | ocular hypertension, glaucoma",other,False,False,False,PRISM Secondary dose-response,False
BRD-K55703048-001-07-7,latrepirdine,glutamate receptor antagonist,"HRH1, HTR6",356,"latrepirdine | glutamate receptor antagonist | hrh1, htr6 |  | ",other,False,False,False,PRISM Secondary dose-response,False
BRD-A17883755-001-06-1,lenalidomide,anticancer agent,"CDH5, CRBN, PTGS2, TNF, TNFSF11",450,"lenalidomide | anticancer agent | cdh5, crbn, ptgs2, tnf, tnfsf11 | hematologic malignancy | multiple myeloma, mantle cell lymphoma (mcl), myelodysplastic diseases (mds)",other,False,False,False,PRISM Secondary dose-response,False
BRD-K39974922-001-04-3,lenvatinib,"FGFR inhibitor, KIT inhibitor, PDGFR tyrosine kinase receptor inhibitor, VEGFR inhibitor","FLT4, KDR",477,"lenvatinib | fgfr inhibitor, kit inhibitor, pdgfr tyrosine kinase receptor inhibitor, vegfr inhibitor | flt4, kdr | oncology | thyroid cancer",other,False,False,False,PRISM Secondary dose-response,False
BRD-K62398570-300-01-2,lerisetron,serotonin receptor antagonist,HTR3A,447,lerisetron | serotonin receptor antagonist | htr3a |  | ,other,False,False,False,PRISM Secondary dose-response,False
BRD-A27376179-001-01-3,lestaurtinib,"FLT3 inhibitor, growth factor receptor inhibitor, JAK inhibitor","FLT3, NTRK1",402,"lestaurtinib | flt3 inhibitor, growth factor receptor inhibitor, jak inhibitor | flt3, ntrk1 |  | ",other,False,False,False,PRISM Secondary dose-response,False
BRD-K88789588-001-14-9,letrozole,aromatase inhibitor,CYP19A1,431,letrozole | aromatase inhibitor | cyp19a1 | oncology | breast cancer,other,False,False,False,PRISM Secondary dose-response,False
BRD-A75919782-399-02-6,leucovorin,folate receptor ligand,TYMS,386,leucovorin | folate receptor ligand | tyms | oncology | osteosarcoma,other,False,False,False,PRISM Secondary dose-response,False
BRD-K31812033-003-11-0,levobunolol,adrenergic receptor antagonist,"ADRB1, ADRB2, ADRB3",428,"levobunolol | adrenergic receptor antagonist | adrb1, adrb2, adrb3 | ophthalmology | glaucoma, ocular hypertension",other,False,False,False,PRISM Secondary dose-response,False
BRD-K59647213-001-10-5,levocarnitine,,,396,levocarnitine |  |  | endocrinology | carnitine deficiency,other,False,False,False,PRISM Secondary dose-response,False
BRD-K27184429-300-01-3,levocetirizine,histamine receptor antagonist,HRH1,451,"levocetirizine | histamine receptor antagonist | hrh1 | allergy | allergic rhinitis, urticaria",other,False,False,False,PRISM Secondary dose-response,False
BRD-K35189033-001-26-1,levonorgestrel,"estrogen receptor agonist, glucocorticoid receptor antagonist, progesterone receptor agonist, progesterone receptor antagonist","AR, ESR1, PGR, SRD5A1",325,"levonorgestrel | estrogen receptor agonist, glucocorticoid receptor antagonist, progesterone receptor agonist, progesterone receptor antagonist | ar, esr1, pgr, srd5a1 | endocrinology | contraceptive",other,False,False,False,PRISM Secondary dose-response,False
BRD-K68693535-001-03-4,lidamidine,adrenergic receptor agonist,,265,lidamidine | adrenergic receptor agonist |  | gastroenterology | diarrhea,other,False,False,False,PRISM Secondary dose-response,False
BRD-K52662033-003-21-2,lidocaine,histamine receptor agonist,"EGFR, SCN10A, SCN11A, SCN1A, SCN2A, SCN3A, SCN4A, SCN5A, SCN7A, SCN8A, SCN9A",421,"lidocaine | histamine receptor agonist | egfr, scn10a, scn11a, scn1a, scn2a, scn3a, scn4a, scn5a, scn7a, scn8a, scn9a | neurology/psychiatry, dermatology, hematology | itching, eczema, hemorrhage",other,False,False,False,PRISM Secondary dose-response,False
BRD-A43082461-001-06-3,linalool,anticonvulsant,,419,linalool | anticonvulsant |  |  | ,other,False,False,False,PRISM Secondary dose-response,False
BRD-K99749624-001-07-0,linifanib,"PDGFR tyrosine kinase receptor inhibitor, VEGFR inhibitor","CSF1, CSF1R, FLT1, FLT3, FLT4, KDR, KIT, PDGFRB, RET, TEK",477,"linifanib | pdgfr tyrosine kinase receptor inhibitor, vegfr inhibitor | csf1, csf1r, flt1, flt3, flt4, kdr, kit, pdgfrb, ret, tek |  | ",other,False,False,False,PRISM Secondary dose-response,False
BRD-K86118762-001-01-8,linsitinib,IGF-1 inhibitor,"IGF1R, INSR, INSRR",464,"linsitinib | igf-1 inhibitor | igf1r, insr, insrr |  | ",other,False,False,False,PRISM Secondary dose-response,False
BRD-K83029223-001-01-3,litronesib,kinesin-like spindle protein inhibitor,KIF11,473,litronesib | kinesin-like spindle protein inhibitor | kif11 |  | ,other,False,False,False,PRISM Secondary dose-response,False
BRD-A75850590-213-01-0,lomefloxacin,bacterial DNA gyrase inhibitor,TOP2A,245,"lomefloxacin | bacterial dna gyrase inhibitor | top2a | infectious disease | respiratory tract infections, urinary tract infections",other,False,False,False,PRISM Secondary dose-response,False
BRD-K92213669-001-01-3,lomitapide,microsomal trigylceride transfer protein inhibitor,MTTP,414,lomitapide | microsomal trigylceride transfer protein inhibitor | mttp | endocrinology | hypercholesterolemia,other,False,False,False,PRISM Secondary dose-response,False
BRD-K41599323-001-02-3,lonafarnib,farnesyltransferase inhibitor,"FNTA, HRAS, KRAS, NRAS",462,"lonafarnib | farnesyltransferase inhibitor | fnta, hras, kras, nras |  | ",other,False,False,False,PRISM Secondary dose-response,False
BRD-A11990600-001-03-4,lorazepam,benzodiazepine receptor agonist,"GABRA1, GABRA2, GABRA3, GABRA4, GABRA5, GABRA6, GABRB1, GABRB2, GABRB3, GABRD, GABRE, GABRG1, GABRG2, GABRG3, GABRP, GABRQ, TSPO",428,"lorazepam | benzodiazepine receptor agonist | gabra1, gabra2, gabra3, gabra4, gabra5, gabra6, gabrb1, gabrb2, gabrb3, gabrd, gabre, gabrg1, gabrg2, gabrg3, gabrp, gabrq, tspo | neurology/psychiatry | status epilepticus",other,False,False,False,PRISM Secondary dose-response,False
BRD-K99879819-001-02-1,lorlatinib,ALK tyrosine kinase receptor inhibitor,ALK,431,lorlatinib | alk tyrosine kinase receptor inhibitor | alk |  | ,other,False,False,False,PRISM Secondary dose-response,False
BRD-K09416995-001-39-9,lovastatin,HMGCR inhibitor,"HDAC2, HMGCR, ITGAL, NR1I2",285,"lovastatin | hmgcr inhibitor | hdac2, hmgcr, itgal, nr1i2 | cardiology, endocrinology | coronary heart disease, myocardial infarction, hypercholesterolemia",other,False,False,False,PRISM Secondary dose-response,False
BRD-K21937671-001-09-2,loxistatin-acid,cysteine peptidase inhibitor,CTSB,415,loxistatin-acid | cysteine peptidase inhibitor | ctsb |  | ,other,False,False,False,PRISM Secondary dose-response,False
BRD-K31309378-001-01-5,lucitanib,"FGFR inhibitor, VEGFR inhibitor","FGFR1, FLT1, KDR, KIT, PDGFRA, PDGFRB, RET",455,"lucitanib | fgfr inhibitor, vegfr inhibitor | fgfr1, flt1, kdr, kit, pdgfra, pdgfrb, ret |  | ",other,False,False,False,PRISM Secondary dose-response,False
BRD-K51143828-003-03-1,lurasidone,"dopamine receptor antagonist, serotonin receptor antagonist","ADRA2A, ADRA2C, DRD2, HTR1A, HTR2A, HTR7",431,"lurasidone | dopamine receptor antagonist, serotonin receptor antagonist | adra2a, adra2c, drd2, htr1a, htr2a, htr7 | neurology/psychiatry | schizophrenia",other,False,False,False,PRISM Secondary dose-response,False
BRD-K25433859-003-25-4,maprotiline,"norepinephrine reputake inhibitor, tricyclic antidepressant","ADRA1A, ADRA1B, ADRA1D, ADRA2A, ADRA2B, ADRA2C, CHRM1, CHRM2, CHRM3, CHRM4, CHRM5, DRD2, HRH1, HTR2A, HTR2C, HTR7, SLC6A2",400,"maprotiline | norepinephrine reputake inhibitor, tricyclic antidepressant | adra1a, adra1b, adra1d, adra2a, adra2b, adra2c, chrm1, chrm2, chrm3, chrm4, chrm5, drd2, hrh1, htr2a, htr2c, htr7, slc6a2 | neurology/psychiatry | depression, dysthymic disorder",other,False,False,False,PRISM Secondary dose-response,False
BRD-K21396683-001-04-8,marimastat,matrix metalloprotease inhibitor,"MMP1, MMP10, MMP11, MMP12, MMP13, MMP14, MMP15, MMP16, MMP17, MMP19, MMP2, MMP20, MMP21, MMP23A, MMP24, MMP25, MMP26, MMP27, MMP28, MMP3, MMP7, MMP8, MMP9",466,"marimastat | matrix metalloprotease inhibitor | mmp1, mmp10, mmp11, mmp12, mmp13, mmp14, mmp15, mmp16, mmp17, mmp19, mmp2, mmp20, mmp21, mmp23a, mmp24, mmp25, mmp26, mmp27, mmp28, mmp3, mmp7, mmp8, mmp9 |  | ",other,False,False,False,PRISM Secondary dose-response,False
BRD-K71035033-001-07-1,masitinib,"KIT inhibitor, PDGFR tyrosine kinase receptor inhibitor, src inhibitor","FGFR3, KIT, PDGFRA, PDGFRB",418,"masitinib | kit inhibitor, pdgfr tyrosine kinase receptor inhibitor, src inhibitor | fgfr3, kit, pdgfra, pdgfrb | dermatology | mastocytoma",other,False,False,False,PRISM Secondary dose-response,False
BRD-K81332461-001-01-4,maxacalcitol,vitamin D receptor agonist,VDR,424,maxacalcitol | vitamin d receptor agonist | vdr | endocrinology | hyperparathyroidism,other,False,False,False,PRISM Secondary dose-response,False
BRD-K15898725-001-01-7,maytansinol-isobutyrate,,,301,maytansinol-isobutyrate |  |  |  | ,other,False,False,False,PRISM Secondary dose-response,False
BRD-A50311610-300-10-4,meclizine,constitutive androstane receptor (CAR) agonist,"HRH1, NR1I3",412,"meclizine | constitutive androstane receptor (car) agonist | hrh1, nr1i3 | gastroenterology, neurology/psychiatry | nausea, vomiting, motion sickness",other,False,False,False,PRISM Secondary dose-response,False
BRD-K20655524-003-12-0,mefexamide,psychoactive drug,,462,mefexamide | psychoactive drug |  |  | ,other,False,False,False,PRISM Secondary dose-response,False
BRD-K51324732-001-01-0,meglitinide,potassium channel blocker,CCR2,441,meglitinide | potassium channel blocker | ccr2 |  | ,other,False,False,False,PRISM Secondary dose-response,False
BRD-A42746051-001-02-9,melengestrol-acetate,progesterone receptor agonist,,437,melengestrol-acetate | progesterone receptor agonist |  |  | ,other,False,False,False,PRISM Secondary dose-response,False
BRD-K78126613-001-28-5,menadione,"mitochondrial DNA polymerase inhibitor, phosphatase inhibitor","AOX1, BGLAP, F10, F2, F7, F9, GGCX, NQO1, NQO2, PROC, PROS1, PROZ, VKORC1, VKORC1L1",430,"menadione | mitochondrial dna polymerase inhibitor, phosphatase inhibitor | aox1, bglap, f10, f2, f7, f9, ggcx, nqo1, nqo2, proc, pros1, proz, vkorc1, vkorc1l1 | gastroenterology, neurology/psychiatry, dermatology, rheumatology | ulcerative colitis, diarrhea, headache, varicose veins, rheumatoid arthritis",other,False,False,False,PRISM Secondary dose-response,False
BRD-A83937277-001-10-5,mephenytoin,hydantoin antiepileptic,"SCN10A, SCN11A, SCN1A, SCN2A, SCN3A, SCN4A, SCN5A, SCN7A, SCN8A, SCN9A",385,"mephenytoin | hydantoin antiepileptic | scn10a, scn11a, scn1a, scn2a, scn3a, scn4a, scn5a, scn7a, scn8a, scn9a | neurology/psychiatry | seizures",other,False,False,False,PRISM Secondary dose-response,False
BRD-A03216249-003-24-3,mepivacaine,"potassium channel blocker, sodium channel blocker",SCN10A,420,"mepivacaine | potassium channel blocker, sodium channel blocker | scn10a | neurology/psychiatry | local anesthetic",other,False,False,False,PRISM Secondary dose-response,False
BRD-K91601245-001-12-0,mercaptopurine,"immunosuppressant, protein synthesis inhibitor, purine antagonist","HPRT1, IMPDH1, IMPDH2, PPAT",450,"mercaptopurine | immunosuppressant, protein synthesis inhibitor, purine antagonist | hprt1, impdh1, impdh2, ppat | hematologic malignancy | acute lymphoblastic leukemia (all)",other,False,False,False,PRISM Secondary dose-response,False
BRD-K69726595-001-01-2,mericitabine,HCV inhibitor,,438,mericitabine | hcv inhibitor |  |  | ,other,False,False,False,PRISM Secondary dose-response,False
BRD-K09372874-001-01-0,merimepodib,inosine monophosphate dehydrogenase inhibitor,IMPDH1,441,merimepodib | inosine monophosphate dehydrogenase inhibitor | impdh1 |  | ,other,False,False,False,PRISM Secondary dose-response,False
BRD-A14395271-074-17-8,mesoridazine,dopamine receptor antagonist,"DRD2, HTR2A",371,"mesoridazine | dopamine receptor antagonist | drd2, htr2a | neurology/psychiatry | schizophrenia",other,False,False,False,PRISM Secondary dose-response,False
BRD-K96253961-046-03-1,metaraminol,adrenergic receptor agonist,ADRA1A,466,metaraminol | adrenergic receptor agonist | adra1a | cardiology | hypotension,other,False,False,False,PRISM Secondary dose-response,False
BRD-K27182532-001-02-3,metatinib,Bcr-Abl kinase inhibitor,"ABL1, BCR",468,"metatinib | bcr-abl kinase inhibitor | abl1, bcr |  | ",other,False,False,False,PRISM Secondary dose-response,False
BRD-A49035384-003-28-9,methacycline,protein synthesis inhibitor,,463,methacycline | protein synthesis inhibitor |  | pulmonary | bronchitis,other,False,False,False,PRISM Secondary dose-response,False
BRD-K02764365-001-13-6,methiazole,anthelmintic agent,,463,methiazole | anthelmintic agent |  |  | ,other,False,False,False,PRISM Secondary dose-response,False
BRD-A31521121-001-26-4,methocarbamol,muscle relaxant,CA1,299,methocarbamol | muscle relaxant | ca1 | neurology/psychiatry | muscle relaxant,other,False,False,False,PRISM Secondary dose-response,False
BRD-A55424491-001-19-9,methotrexate,dihydrofolate reductase inhibitor,DHFR,338,"methotrexate | dihydrofolate reductase inhibitor | dhfr | oncology, hematologic malignancy, dermatology, rheumatology | gestational choriocarcinoma, hydatidiform mole, acute lymphoblastic leukemia (all), psoriasis, rheumatoid arthritis",other,False,False,False,PRISM Secondary dose-response,False
BRD-K06152156-001-01-8,methoxyflurane,membrane permeability inhibitor,"ATP2C1, ATP5D, GABRA1, GABRA2, GABRA3, GABRA4, GABRA5, GABRA6, GABRB1, GABRB2, GABRB3, GABRD, GABRE, GABRG1, GABRG2, GABRG3, GABRP, GABRQ, GLRA1, GLRB, GRIA1, KCNA1, MT-ND1",458,"methoxyflurane | membrane permeability inhibitor | atp2c1, atp5d, gabra1, gabra2, gabra3, gabra4, gabra5, gabra6, gabrb1, gabrb2, gabrb3, gabrd, gabre, gabrg1, gabrg2, gabrg3, gabrp, gabrq, glra1, glrb, gria1, kcna1, mt-nd1 | neurology/psychiatry | general anaesthetic",other,False,False,False,PRISM Secondary dose-response,False
BRD-A03932035-004-04-3,methscopolamine,acetylcholine receptor antagonist,"CHRM1, CHRM2, CHRM3",428,"methscopolamine | acetylcholine receptor antagonist | chrm1, chrm2, chrm3 | gastroenterology | peptic ulcer disease (pud)",other,False,False,False,PRISM Secondary dose-response,False
BRD-K48578705-001-17-6,methyldopa,adrenergic receptor agonist,"ADRA2A, ADRA2B, ADRA2C, DDC",404,"methyldopa | adrenergic receptor agonist | adra2a, adra2b, adra2c, ddc | cardiology | hypertension",other,False,False,False,PRISM Secondary dose-response,False
BRD-A19585813-003-03-3,methylphenidate,dopamine-norepinephrine reuptake inhibitor,"SLC6A2, SLC6A3, SLC6A4",406,"methylphenidate | dopamine-norepinephrine reuptake inhibitor | slc6a2, slc6a3, slc6a4 | neurology/psychiatry | attention-deficit/hyperactivity disorder (adhd), narcolepsy",other,False,False,False,PRISM Secondary dose-response,False
BRD-A03623303-045-09-5,metoprolol,adrenergic receptor antagonist,"ADRB1, ADRB2",413,"metoprolol | adrenergic receptor antagonist | adrb1, adrb2 | cardiology | hypertension, angina pectoris, myocardial infarction",other,False,False,False,PRISM Secondary dose-response,False
BRD-K46862739-001-14-3,metyrapone,cytochrome P450 inhibitor,CYP11B1,431,metyrapone | cytochrome p450 inhibitor | cyp11b1 | nephrology | adrenal diagnostic agent,other,False,False,False,PRISM Secondary dose-response,False
BRD-K94441233-001-13-0,mevastatin,HMGCR inhibitor,HMGCR,458,mevastatin | hmgcr inhibitor | hmgcr |  | ,other,False,False,False,PRISM Secondary dose-response,False
BRD-K18613660-001-05-5,mexeneone,,,432,mexeneone |  |  |  | ,other,False,False,False,PRISM Secondary dose-response,False
BRD-A64092382-003-18-3,mexiletine,sodium channel blocker,"AHR, SCN4A, SCN5A",462,"mexiletine | sodium channel blocker | ahr, scn4a, scn5a | cardiology | ventricular arrhythmias, ventricular tachycardia (vt)",other,False,False,False,PRISM Secondary dose-response,False
BRD-K42981054-001-01-9,mibampator,glutamate receptor modulator,GRIA1,396,mibampator | glutamate receptor modulator | gria1 |  | ,other,False,False,False,PRISM Secondary dose-response,False
BRD-K09549677-300-03-4,mibefradil,T-type calcium channel blocker,"ANO1, CACNA1C, CACNA1D, CACNA1F, CACNA1G, CACNA1H, CACNA1I, CACNA1S, CACNB1, CACNB2, CACNB3, CACNB4, CATSPER1, CATSPER2, CATSPER3, CATSPER4",428,"mibefradil | t-type calcium channel blocker | ano1, cacna1c, cacna1d, cacna1f, cacna1g, cacna1h, cacna1i, cacna1s, cacnb1, cacnb2, cacnb3, cacnb4, catsper1, catsper2, catsper3, catsper4 |  | ",other,False,False,False,PRISM Secondary dose-response,False
BRD-A79981887-003-16-4,midodrine,adrenergic receptor agonist,"ADRA1A, ADRA1B, ADRA1D",426,"midodrine | adrenergic receptor agonist | adra1a, adra1b, adra1d | cardiology | hypotension",other,False,False,False,PRISM Secondary dose-response,False
BRD-K13646352-001-03-8,midostaurin,"FLT3 inhibitor, KIT inhibitor, PKC inhibitor","FLT3, PRKCG",469,"midostaurin | flt3 inhibitor, kit inhibitor, pkc inhibitor | flt3, prkcg | hematologic malignancy | acute myeloid leukemia (aml)",other,False,False,False,PRISM Secondary dose-response,False
BRD-K37270826-001-27-6,mifepristone,"glucocorticoid receptor antagonist, progesterone receptor antagonist","AR, NR1I2, NR3C1, PGR",462,"mifepristone | glucocorticoid receptor antagonist, progesterone receptor antagonist | ar, nr1i2, nr3c1, pgr | endocrinology | hyperglycemia, diabetes mellitus",other,False,False,False,PRISM Secondary dose-response,False
BRD-A69651145-003-07-2,minocycline,bacterial 30S ribosomal subunit inhibitor,"ALOX5, CASP1, CASP3, CYCS, IL1B, MMP9, VEGFA",371,"minocycline | bacterial 30s ribosomal subunit inhibitor | alox5, casp1, casp3, cycs, il1b, mmp9, vegfa | endocrinology, infectious disease, ophthalmology, urology | fever, respiratory tract infections, psittacosis, trachoma, conjunctivitis, urethritis, chancroid, tularemia, cholera, brucellosis",other,False,False,False,PRISM Secondary dose-response,False
BRD-K16485616-001-08-9,mocetinostat,HDAC inhibitor,"HDAC1, HDAC11, HDAC2, HDAC3",231,"mocetinostat | hdac inhibitor | hdac1, hdac11, hdac2, hdac3 |  | ",other,False,False,False,PRISM Secondary dose-response,False
BRD-A06627858-236-03-0,monensin,bacterial permeability inducer,,470,monensin | bacterial permeability inducer |  |  | ,other,False,False,False,PRISM Secondary dose-response,False
BRD-K54262262-001-09-0,monobenzone,melanin inhibitor,TYR,329,monobenzone | melanin inhibitor | tyr | dermatology | skin depigmentation,other,False,False,False,PRISM Secondary dose-response,False
BRD-K11590034-002-03-4,morin,cytochrome P450 inhibitor,"ADORA2A, ESR2, FASN, MCL1, SLC22A12",385,"morin | cytochrome p450 inhibitor | adora2a, esr2, fasn, mcl1, slc22a12 |  | ",other,False,False,False,PRISM Secondary dose-response,False
BRD-K99616396-001-05-1,motesanib,"KIT inhibitor, PDGFR tyrosine kinase receptor inhibitor, VEGFR inhibitor","FLT1, FLT4, KDR, KIT",469,"motesanib | kit inhibitor, pdgfr tyrosine kinase receptor inhibitor, vegfr inhibitor | flt1, flt4, kdr, kit |  | ",other,False,False,False,PRISM Secondary dose-response,False
BRD-A31095847-001-02-3,mozavaptan,vasopressin receptor antagonist,"AVPR1A, AVPR1B, AVPR2",475,"mozavaptan | vasopressin receptor antagonist | avpr1a, avpr1b, avpr2 | endocrinology | hyponatremia",other,False,False,False,PRISM Secondary dose-response,False
BRD-K19061412-001-02-4,mubritinib,protein tyrosine kinase inhibitor,"EGFR, ERBB2",369,"mubritinib | protein tyrosine kinase inhibitor | egfr, erbb2 |  | ",other,False,False,False,PRISM Secondary dose-response,False
BRD-K92428153-001-04-4,mycophenolate-mofetil,"dehydrogenase inhibitor, inositol monophosphatase inhibitor","IMPDH1, IMPDH2",351,"mycophenolate-mofetil | dehydrogenase inhibitor, inositol monophosphatase inhibitor | impdh1, impdh2 | transplant | organ rejection",other,False,False,False,PRISM Secondary dose-response,False
BRD-K63750851-001-20-7,mycophenolic-acid,"dehydrogenase inhibitor, inositol monophosphatase inhibitor","IMPDH1, IMPDH2",337,"mycophenolic-acid | dehydrogenase inhibitor, inositol monophosphatase inhibitor | impdh1, impdh2 | transplant | organ rejection",other,False,False,False,PRISM Secondary dose-response,False
BRD-A11132253-001-08-2,nadide,electron acceptor,"AHCY, AKR1A1, ALDH2, BLVRA, DHPS, DLD, GALE, HMGCR, HSD17B1, HSD17B4, IMPDH2, MGAM, P2RY11, SORD, TRPM2",396,"nadide | electron acceptor | ahcy, akr1a1, aldh2, blvra, dhps, dld, gale, hmgcr, hsd17b1, hsd17b4, impdh2, mgam, p2ry11, sord, trpm2 |  | ",other,False,False,False,PRISM Secondary dose-response,False
BRD-A24397426-001-10-4,nadifloxacin,bacterial DNA gyrase inhibitor,,353,"nadifloxacin | bacterial dna gyrase inhibitor |  | dermatology, infectious disease | acne vulgaris (av), skin infections",other,False,False,False,PRISM Secondary dose-response,False
BRD-K18574842-236-17-7,nafcillin,bacterial cell wall synthesis inhibitor,"CYP1A2, CYP3A4, SLC22A6",392,"nafcillin | bacterial cell wall synthesis inhibitor | cyp1a2, cyp3a4, slc22a6 | infectious disease | gram-positive bacterial infections",other,False,False,False,PRISM Secondary dose-response,False
BRD-A67862938-034-14-9,naftidrofuryl,adrenergic receptor antagonist,,313,naftidrofuryl | adrenergic receptor antagonist |  | cardiology | claudication,other,False,False,False,PRISM Secondary dose-response,False
BRD-K74141488-003-11-2,naftifine,fungal squalene epoxidase inhibitor,SQLE,458,"naftifine | fungal squalene epoxidase inhibitor | sqle | infectious disease | tinea pedis, tinea cruris, tinea corporis",other,False,False,False,PRISM Secondary dose-response,False
BRD-K67511046-001-02-3,naloxone,opioid receptor antagonist,"CREB1, ESR1, OPRD1, OPRK1, OPRM1, TLR4",309,"naloxone | opioid receptor antagonist | creb1, esr1, oprd1, oprk1, oprm1, tlr4 | pulmonary | respiratory depression",other,False,False,False,PRISM Secondary dose-response,False
BRD-K88172511-003-20-3,naltrexone,opioid receptor antagonist,"OPRD1, OPRK1, OPRM1, SIGMAR1",404,"naltrexone | opioid receptor antagonist | oprd1, oprk1, oprm1, sigmar1 | neurology/psychiatry | abstinence from alcohol",other,False,False,False,PRISM Secondary dose-response,False
BRD-A73871920-236-03-6,nanchangmycin,other antibiotic,,468,nanchangmycin | other antibiotic |  |  | ,other,False,False,False,PRISM Secondary dose-response,False
BRD-K22064724-001-01-8,napabucasin,STAT inhibitor,STAT3,476,napabucasin | stat inhibitor | stat3 |  | ,other,False,False,False,PRISM Secondary dose-response,False
BRD-A25608658-001-01-1,narasin,antiprotozoal agent,,479,narasin | antiprotozoal agent |  | infectious disease | coccidiosis,other,False,False,False,PRISM Secondary dose-response,False
BRD-K38287497-001-01-2,narlaprevir,HCV inhibitor,,149,narlaprevir | hcv inhibitor |  |  | ,other,False,False,False,PRISM Secondary dose-response,False
BRD-K82850175-001-01-1,navarixin,CC chemokine receptor antagonist,"CXCR1, CXCR2",440,"navarixin | cc chemokine receptor antagonist | cxcr1, cxcr2 |  | ",other,False,False,False,PRISM Secondary dose-response,False
BRD-K65678996-001-05-5,nefiracetam,"acetylcholine receptor agonist, benzodiazepine receptor agonist",CHRM1,428,"nefiracetam | acetylcholine receptor agonist, benzodiazepine receptor agonist | chrm1 |  | ",other,False,False,False,PRISM Secondary dose-response,False
BRD-M80207679-001-01-5,nemonapride,dopamine receptor antagonist,"DRD2, DRD3, DRD4",398,"nemonapride | dopamine receptor antagonist | drd2, drd3, drd4 | neurology/psychiatry | schizophrenia",other,False,False,False,PRISM Secondary dose-response,False
BRD-K85606544-001-09-1,neratinib,EGFR inhibitor,"EGFR, ERBB2, KDR",476,"neratinib | egfr inhibitor | egfr, erbb2, kdr |  | ",other,False,False,False,PRISM Secondary dose-response,False
BRD-K70402238-001-02-8,nexturastat-a,HDAC inhibitor,"HDAC1, HDAC6",420,"nexturastat-a | hdac inhibitor | hdac1, hdac6 |  | ",other,False,False,False,PRISM Secondary dose-response,False
BRD-K60237333-001-27-1,niacin,"NAD precursor, vitamin B","DGAT2, HCAR1, HCAR2, HCAR3, NNMT, QPRT",349,"niacin | nad precursor, vitamin b | dgat2, hcar1, hcar2, hcar3, nnmt, qprt | endocrinology | hypertriglyceridemia",other,False,False,False,PRISM Secondary dose-response,False
BRD-K35960502-001-20-0,niclosamide,"DNA replication inhibitor, STAT inhibitor",STAT3,464,"niclosamide | dna replication inhibitor, stat inhibitor | stat3 | infectious disease | tapeworm",other,False,False,False,PRISM Secondary dose-response,False
BRD-K97752965-001-16-4,nicorandil,"nitric oxide donor, potassium channel activator",KCNJ11,433,"nicorandil | nitric oxide donor, potassium channel activator | kcnj11 | cardiology | angina pectoris",other,False,False,False,PRISM Secondary dose-response,False
BRD-A93695607-322-02-5,nicotine,acetylcholine receptor agonist,"CHAT, CHRNA10, CHRNA2, CHRNA3, CHRNA4, CHRNA5, CHRNA6, CHRNA7, CHRNA9, CHRNB2, CHRNB3, CHRNB4, CYP19A1, TBXAS1, TRPA1",414,"nicotine | acetylcholine receptor agonist | chat, chrna10, chrna2, chrna3, chrna4, chrna5, chrna6, chrna7, chrna9, chrnb2, chrnb3, chrnb4, cyp19a1, tbxas1, trpa1 | neurology/psychiatry | smoking cessation",other,False,False,False,PRISM Secondary dose-response,False
BRD-K81528515-001-13-8,nilotinib,"Abl kinase inhibitor, Bcr-Abl kinase inhibitor","ABL1, KIT",445,"nilotinib | abl kinase inhibitor, bcr-abl kinase inhibitor | abl1, kit | hematologic malignancy | chronic myeloid leukemia (cml)",other,False,False,False,PRISM Secondary dose-response,False
BRD-K23566484-001-15-1,nilutamide,androgen receptor antagonist,AR,409,nilutamide | androgen receptor antagonist | ar | oncology | prostate cancer,other,False,False,False,PRISM Secondary dose-response,False
BRD-K49075727-001-08-5,nintedanib,"FGFR inhibitor, PDGFR tyrosine kinase receptor inhibitor, VEGFR inhibitor","FGFR1, FGFR2, FGFR3, FGFR4, FLT1, FLT4, KDR, PDGFRA, PDGFRB",451,"nintedanib | fgfr inhibitor, pdgfr tyrosine kinase receptor inhibitor, vegfr inhibitor | fgfr1, fgfr2, fgfr3, fgfr4, flt1, flt4, kdr, pdgfra, pdgfrb | pulmonary | idiopathic pulmonary fibrosis (ipf)",other,False,False,False,PRISM Secondary dose-response,False
BRD-K53123955-001-10-5,niridazole,phosphofructokinase inhibitor,,423,niridazole | phosphofructokinase inhibitor |  | infectious disease | schistosomiasis,other,False,False,False,PRISM Secondary dose-response,False
BRD-A95696066-003-13-8,nisoxetine,norepinephrine reuptake inhibitor,"SLC6A2, SLC6A3, SLC6A4",419,"nisoxetine | norepinephrine reuptake inhibitor | slc6a2, slc6a3, slc6a4 |  | ",other,False,False,False,PRISM Secondary dose-response,False
BRD-K56707426-001-02-0,nitarsone,,,362,nitarsone |  |  | dermatology | blackhead disease,other,False,False,False,PRISM Secondary dose-response,False
BRD-K01109406-001-03-7,nitisinone,hydroxyphenylpyruvate dioxygenase inhibitor,HPD,401,nitisinone | hydroxyphenylpyruvate dioxygenase inhibitor | hpd | metabolism | tyrosinemia,other,False,False,False,PRISM Secondary dose-response,False
BRD-K28453807-003-11-2,nitrocaramiphen,cholinergic receptor antagonist,CHRM1,345,nitrocaramiphen | cholinergic receptor antagonist | chrm1 |  | ,other,False,False,False,PRISM Secondary dose-response,False
BRD-K73589491-001-11-2,nizatidine,histamine receptor antagonist,HRH2,406,"nizatidine | histamine receptor antagonist | hrh2 | gastroenterology | duodenal ulcer disease, erosive esophagitis (ee), ulcerative esophagitis (ue), gastroesophageal reflux disease (gerd)",other,False,False,False,PRISM Secondary dose-response,False
BRD-K84011460-051-01-7,nizofenone,ion channel antagonist,,423,nizofenone | ion channel antagonist |  | neurology/psychiatry | stroke,other,False,False,False,PRISM Secondary dose-response,False
BRD-K06753942-001-14-5,nobiletin,MEK inhibitor,MAP2K1,453,nobiletin | mek inhibitor | map2k1 |  | ,other,False,False,False,PRISM Secondary dose-response,False
BRD-K27351809-001-09-5,nomegestrol-acetate,progesterone receptor agonist,PGR,356,nomegestrol-acetate | progesterone receptor agonist | pgr | endocrinology | contraceptive,other,False,False,False,PRISM Secondary dose-response,False
BRD-K88625236-001-04-2,nonoxynol-9,membrane integrity inhibitor,,466,nonoxynol-9 | membrane integrity inhibitor |  | endocrinology | contraceptive,other,False,False,False,PRISM Secondary dose-response,False
BRD-K87349682-347-03-8,norepinephrine,adrenergic receptor agonist,"ADRA1A, ADRA1B, ADRA1D, ADRA2A, ADRA2B, ADRA2C, ADRB1, ADRB2, ADRB3, PAH, SLC18A1, SLC18A2",462,"norepinephrine | adrenergic receptor agonist | adra1a, adra1b, adra1d, adra2a, adra2b, adra2c, adrb1, adrb2, adrb3, pah, slc18a1, slc18a2 | cardiology, allergy, neurology/psychiatry | hypertension, urticaria, headache, seasonal affective disorder",other,False,False,False,PRISM Secondary dose-response,False
BRD-K92073408-001-15-7,norethindrone,progesterone receptor agonist,PGR,412,norethindrone | progesterone receptor agonist | pgr | obstetrics/gynecology | endometriosis,other,False,False,False,PRISM Secondary dose-response,False
BRD-K92073408-001-16-5,norethindrone,progesterone receptor agonist,PGR,260,norethindrone | progesterone receptor agonist | pgr | obstetrics/gynecology | endometriosis,other,False,False,False,PRISM Secondary dose-response,False
BRD-A09349126-001-10-7,norethindrone-acetate,progesterone receptor agonist,,392,"norethindrone-acetate | progesterone receptor agonist |  | endocrinology, orthopedics, obstetrics/gynecology | menopause, osteoporosis, vaginal atrophy",other,False,False,False,PRISM Secondary dose-response,False
BRD-A00758722-001-04-9,noretynodrel,progestogen hormone,PGR,417,noretynodrel | progestogen hormone | pgr | endocrinology | contraceptive,other,False,False,False,PRISM Secondary dose-response,False
BRD-K11196887-001-22-0,norfloxacin,bacterial DNA gyrase inhibitor,TOP2A,456,"norfloxacin | bacterial dna gyrase inhibitor | top2a | infectious disease, urology | urinary tract infections, gonorrhea, prostatitis",other,False,False,False,PRISM Secondary dose-response,False
BRD-A14886633-001-01-6,norgestrel,progesterone receptor agonist,PGR,416,norgestrel | progesterone receptor agonist | pgr | endocrinology | contraceptive,other,False,False,False,PRISM Secondary dose-response,False
BRD-K85307935-236-09-5,novobiocin,bacterial DNA gyrase inhibitor,,451,novobiocin | bacterial dna gyrase inhibitor |  | obstetrics/gynecology | mastitis,other,False,False,False,PRISM Secondary dose-response,False
BRD-K33588785-001-01-9,obidoxime,cholinesterase reactivator,ACHE,431,"obidoxime | cholinesterase reactivator | ache | critical care, neurology/psychiatry | poison antidote, nerve gas poisoning",other,False,False,False,PRISM Secondary dose-response,False
BRD-K04568635-300-01-4,octenidine,membrane integrity inhibitor,,298,octenidine | membrane integrity inhibitor |  |  | ,other,False,False,False,PRISM Secondary dose-response,False
BRD-A14240607-003-26-1,octopamine,trace amine associated receptor agonist,"F10, TAAR1",419,"octopamine | trace amine associated receptor agonist | f10, taar1 |  | ",other,False,False,False,PRISM Secondary dose-response,False
BRD-K22822991-001-02-3,odanacatib,cathepsin inhibitor,CTSK,455,odanacatib | cathepsin inhibitor | ctsk |  | ,other,False,False,False,PRISM Secondary dose-response,False
BRD-K90647725-001-07-3,oleanolic-acid,G protein-coupled receptor agonist,GPBAR1,415,oleanolic-acid | g protein-coupled receptor agonist | gpbar1 |  | ,other,False,False,False,PRISM Secondary dose-response,False
BRD-A81541225-001-06-8,oligomycin-a,"ATP synthase inhibitor, ATPase inhibitor",ATP5A1,365,"oligomycin-a | atp synthase inhibitor, atpase inhibitor | atp5a1 |  | ",other,False,False,False,PRISM Secondary dose-response,False
BRD-K86972824-001-01-4,oltipraz,"nuclear factor erythroid derived, like (NRF2) activator",ANG,471,"oltipraz | nuclear factor erythroid derived, like (nrf2) activator | ang |  | ",other,False,False,False,PRISM Secondary dose-response,False
BRD-A55962179-001-22-1,omeprazole,ATPase inhibitor,"ATP4A, CLCN2",372,"omeprazole | atpase inhibitor | atp4a, clcn2 | gastroenterology | heartburn",other,False,False,False,PRISM Secondary dose-response,False
BRD-K55966568-001-05-4,orantinib,"FGFR inhibitor, PDGFR tyrosine kinase receptor inhibitor, VEGFR inhibitor","AURKA, AURKB, EGFR, FGFR1, FGFR2, KDR, PDGFRA, PDGFRB",421,"orantinib | fgfr inhibitor, pdgfr tyrosine kinase receptor inhibitor, vegfr inhibitor | aurka, aurkb, egfr, fgfr1, fgfr2, kdr, pdgfra, pdgfrb |  | ",other,False,False,False,PRISM Secondary dose-response,False
BRD-A13561534-003-02-0,ornithine,NFkB pathway modulator,"ARG1, ARG2, GATM, GPRC6A, OAT, OAZ1, OAZ2, OAZ3, OTC, SLC25A15, SLC25A2, SLC7A1, SLC7A2, SLC7A3, SLC7A4",421,"ornithine | nfkb pathway modulator | arg1, arg2, gatm, gprc6a, oat, oaz1, oaz2, oaz3, otc, slc25a15, slc25a2, slc7a1, slc7a2, slc7a3, slc7a4 |  | ",other,False,False,False,PRISM Secondary dose-response,False
BRD-K32572029-001-04-4,orotic-acid,,DHODH,424,orotic-acid |  | dhodh |  | ,other,False,False,False,PRISM Secondary dose-response,False
BRD-K76011241-001-01-8,oseltamivir-phosphate,neuraminidase inhibitor,"CES1, NEU1, NEU2",417,"oseltamivir-phosphate | neuraminidase inhibitor | ces1, neu1, neu2 | infectious disease | influenza a virus infection",other,False,False,False,PRISM Secondary dose-response,False
BRD-K42805893-001-04-9,osimertinib,EGFR inhibitor,EGFR,478,osimertinib | egfr inhibitor | egfr | oncology | non-small cell lung cancer (nsclc),other,False,False,False,PRISM Secondary dose-response,False
BRD-K33277808-331-01-3,ouabain,ATPase inhibitor,ATP1A1,406,"ouabain | atpase inhibitor | atp1a1 | cardiology | hypertension, cardiac arrythmia",other,False,False,False,PRISM Secondary dose-response,False
BRD-A50049929-001-01-9,oxazepam,GABA benzodiazepine site receptor agonist,"GABRA1, GABRA2, GABRA3, GABRA4, GABRA5, GABRA6, GABRB1, GABRB2, GABRB3, GABRD, GABRE, GABRG1, GABRG2, GABRG3, GABRP, GABRQ, GABRR1, GABRR2, GABRR3",406,"oxazepam | gaba benzodiazepine site receptor agonist | gabra1, gabra2, gabra3, gabra4, gabra5, gabra6, gabrb1, gabrb2, gabrb3, gabrd, gabre, gabrg1, gabrg2, gabrg3, gabrp, gabrq, gabrr1, gabrr2, gabrr3 | neurology/psychiatry | anxiety",other,False,False,False,PRISM Secondary dose-response,False
BRD-K04196797-001-24-4,oxcarbazepine,sodium channel blocker,"SCN10A, SCN11A, SCN1A, SCN2A, SCN3A, SCN4A, SCN5A, SCN7A, SCN8A, SCN9A",414,"oxcarbazepine | sodium channel blocker | scn10a, scn11a, scn1a, scn2a, scn3a, scn4a, scn5a, scn7a, scn8a, scn9a | neurology/psychiatry | seizures",other,False,False,False,PRISM Secondary dose-response,False
BRD-K78096648-001-05-7,oxiperomide,dopamine receptor antagonist,,424,oxiperomide | dopamine receptor antagonist |  |  | ,other,False,False,False,PRISM Secondary dose-response,False
BRD-K50677762-001-01-5,oxiracetam,acetylcholine receptor agonist,,478,oxiracetam | acetylcholine receptor agonist |  |  | ,other,False,False,False,PRISM Secondary dose-response,False
BRD-K31468676-237-01-8,oxonic-acid,uricase inhibitor,,412,oxonic-acid | uricase inhibitor |  |  | ,other,False,False,False,PRISM Secondary dose-response,False
BRD-A43671941-003-11-9,oxprenolol,adrenergic receptor antagonist,"ADRB1, ADRB2",460,"oxprenolol | adrenergic receptor antagonist | adrb1, adrb2 | cardiology | angina pectoris, hypertension, cardiac arrythmia",other,False,False,False,PRISM Secondary dose-response,False
BRD-A57833392-001-01-7,oxymatrine,,,403,oxymatrine |  |  |  | ,other,False,False,False,PRISM Secondary dose-response,False
BRD-K16195444-003-26-0,oxymetazoline,adrenergic receptor agonist,"ADRA1A, ADRA1B, ADRA1D, ADRA2A, ADRA2B, ADRA2C, HTR1B, HTR1D, HTR2C",437,"oxymetazoline | adrenergic receptor agonist | adra1a, adra1b, adra1d, adra2a, adra2b, adra2c, htr1b, htr1d, htr2c | otolaryngology | nasal congestion",other,False,False,False,PRISM Secondary dose-response,False
BRD-A58193911-003-18-7,oxyphencyclimine,cholinergic receptor antagonist,"CHRM1, CHRM2, CHRM3",456,"oxyphencyclimine | cholinergic receptor antagonist | chrm1, chrm2, chrm3 | gastroenterology | peptic ulcer disease (pud)",other,False,False,False,PRISM Secondary dose-response,False
BRD-K66808046-065-03-7,oxyquinoline,chelating agent,METAP2,478,oxyquinoline | chelating agent | metap2 | dermatology | cosmetic,other,False,False,False,PRISM Secondary dose-response,False
BRD-K19034817-001-01-4,pacritinib,"FLT3 inhibitor, JAK inhibitor","FLT3, JAK1, JAK2, JAK3",462,"pacritinib | flt3 inhibitor, jak inhibitor | flt3, jak1, jak2, jak3 |  | ",other,False,False,False,PRISM Secondary dose-response,False
BRD-K51313569-001-07-8,palbociclib,CDK inhibitor,"CDK4, CDK6",438,"palbociclib | cdk inhibitor | cdk4, cdk6 | oncology | breast cancer",other,False,False,False,PRISM Secondary dose-response,False
BRD-K51313569-003-03-3,palbociclib,CDK inhibitor,"CDK4, CDK6",409,"palbociclib | cdk inhibitor | cdk4, cdk6 | oncology | breast cancer",other,False,False,False,PRISM Secondary dose-response,False
BRD-A99888680-001-03-8,paliperidone,"dopamine receptor antagonist, serotonin receptor antagonist","ADRA1A, ADRA1B, ADRA2A, ADRA2B, ADRA2C, CYP2D6, CYP3A4, CYP3A5, DRD1, DRD2, DRD3, DRD4, HRH1, HTR1A, HTR1D, HTR2A, HTR2C",452,"paliperidone | dopamine receptor antagonist, serotonin receptor antagonist | adra1a, adra1b, adra2a, adra2b, adra2c, cyp2d6, cyp3a4, cyp3a5, drd1, drd2, drd3, drd4, hrh1, htr1a, htr1d, htr2a, htr2c | neurology/psychiatry | schizophrenia",other,False,False,False,PRISM Secondary dose-response,False
BRD-K58466253-003-14-0,palmatine-chloride,dopamine synthesis inhibitor,CYP3A4,442,palmatine-chloride | dopamine synthesis inhibitor | cyp3a4 |  | ,other,False,False,False,PRISM Secondary dose-response,False
BRD-K68095457-001-10-1,palmitoylethanolamide,cannabinoid receptor agonist,"CNR2, GPR119, GPR55",404,"palmitoylethanolamide | cannabinoid receptor agonist | cnr2, gpr119, gpr55 |  | ",other,False,False,False,PRISM Secondary dose-response,False
BRD-A50998626-001-02-1,palomid-529,"AKT inhibitor, mTOR inhibitor",MTOR,421,"palomid-529 | akt inhibitor, mtor inhibitor | mtor |  | ",other,False,False,False,PRISM Secondary dose-response,False
BRD-K02130563-001-11-4,panobinostat,HDAC inhibitor,"HDAC1, HDAC2, HDAC3, HDAC4, HDAC6, HDAC7, HDAC8, HDAC9",474,"panobinostat | hdac inhibitor | hdac1, hdac2, hdac3, hdac4, hdac6, hdac7, hdac8, hdac9 | hematologic malignancy | multiple myeloma",other,False,False,False,PRISM Secondary dose-response,False
BRD-K15567136-003-27-2,papaverine,phosphodiesterase inhibitor,"PDE10A, PDE4B, PDE5A",418,"papaverine | phosphodiesterase inhibitor | pde10a, pde4b, pde5a | cardiology, hematology, gastroenterology | myocardial infarction, angina pectoris, pulmonary embolism (pe), colitis, vascular spasm",other,False,False,False,PRISM Secondary dose-response,False
BRD-K40992116-001-09-7,parachlorophenol,antiinfective drug,,382,parachlorophenol | antiinfective drug |  |  | ,other,False,False,False,PRISM Secondary dose-response,False
BRD-K11851476-003-01-7,pardoprunox,"serotonin receptor agonist, dopamine receptor agonist","DRD2, DRD3, DRD4, HTR1A, HTR7",463,"pardoprunox | serotonin receptor agonist, dopamine receptor agonist | drd2, drd3, drd4, htr1a, htr7 |  | ",other,False,False,False,PRISM Secondary dose-response,False
BRD-K60585088-001-01-5,paricalcitol,vitamin D receptor agonist,VDR,340,"paricalcitol | vitamin d receptor agonist | vdr | nephrology, endocrinology | chronic kidney disease (ckd), hyperthyroidism",other,False,False,False,PRISM Secondary dose-response,False
BRD-K74514084-001-03-9,pazopanib,"KIT inhibitor, PDGFR tyrosine kinase receptor inhibitor, VEGFR inhibitor","CSF1R, FGF1, FGFR1, FGFR3, FLT1, FLT4, ITK, KDR, KIT, PDGFRA, PDGFRB, SH2B3",446,"pazopanib | kit inhibitor, pdgfr tyrosine kinase receptor inhibitor, vegfr inhibitor | csf1r, fgf1, fgfr1, fgfr3, flt1, flt4, itk, kdr, kit, pdgfra, pdgfrb, sh2b3 | oncology | renal cell carcinoma (rcc), soft tissue sarcoma (sts)",other,False,False,False,PRISM Secondary dose-response,False
BRD-K74514084-003-09-2,pazopanib,"KIT inhibitor, PDGFR tyrosine kinase receptor inhibitor, VEGFR inhibitor","CSF1R, FGF1, FGFR1, FGFR3, FLT1, FLT4, ITK, KDR, KIT, PDGFRA, PDGFRB, SH2B3",420,"pazopanib | kit inhibitor, pdgfr tyrosine kinase receptor inhibitor, vegfr inhibitor | csf1r, fgf1, fgfr1, fgfr3, flt1, flt4, itk, kdr, kit, pdgfra, pdgfrb, sh2b3 | oncology | renal cell carcinoma (rcc), soft tissue sarcoma (sts)",other,False,False,False,PRISM Secondary dose-response,False
BRD-K08799216-001-05-3,pelitinib,EGFR inhibitor,EGFR,479,pelitinib | egfr inhibitor | egfr |  | ,other,False,False,False,PRISM Secondary dose-response,False
BRD-K15409150-001-05-8,penfluridol,T-type calcium channel blocker,CACNA1G,465,penfluridol | t-type calcium channel blocker | cacna1g | neurology/psychiatry | schizophrenia,other,False,False,False,PRISM Secondary dose-response,False
BRD-K17518951-001-03-0,penicillamine-(D),chelating agent,,418,"penicillamine-(d) | chelating agent |  | metabolism, rheumatology, nephrology | wilson's disease, rheumatoid arthritis, cystinuria",other,False,False,False,PRISM Secondary dose-response,False
BRD-K78789465-001-01-6,pentagastrin,CCK receptor agonist,CCKBR,388,"pentagastrin | cck receptor agonist | cckbr | gastroenterology | anacidity diagnostic, gastric hypersecretion diagnostic, anacidity diagnostic, gastric hypersecretion diagnostic",other,False,False,False,PRISM Secondary dose-response,False
BRD-K13183738-317-10-2,pentamidine,anti-pneumocystis agent,TRDMT1,409,pentamidine | anti-pneumocystis agent | trdmt1 | infectious disease | pneumonia,other,False,False,False,PRISM Secondary dose-response,False
BRD-K91543828-001-02-0,pentostatin,"adenosine deaminase inhibitor, ribonucleotide reductase inhibitor",ADA,416,"pentostatin | adenosine deaminase inhibitor, ribonucleotide reductase inhibitor | ada | hematologic malignancy | hairy cell leukemia",other,False,False,False,PRISM Secondary dose-response,False
BRD-K13571841-001-14-4,pepstatin,aspartic protease inhibitor,"CTSB, CTSD, CTSL, REN",400,"pepstatin | aspartic protease inhibitor | ctsb, ctsd, ctsl, ren |  | ",other,False,False,False,PRISM Secondary dose-response,False
BRD-A72716251-001-01-5,peruvoside,cardiac glycoside,,438,peruvoside | cardiac glycoside |  |  | ,other,False,False,False,PRISM Secondary dose-response,False
BRD-K67844266-003-01-9,pevonedistat,nedd activating enzyme inhibitor,"NAE1, UBA3",472,"pevonedistat | nedd activating enzyme inhibitor | nae1, uba3 |  | ",other,False,False,False,PRISM Secondary dose-response,False
BRD-K87024524-065-17-7,phenelzine,monoamine oxidase inhibitor,"ABAT, AOC3, GAD2, GPT, GPT2, MAOA, MAOB, SLC6A2, SLC6A3, SLC6A4",392,"phenelzine | monoamine oxidase inhibitor | abat, aoc3, gad2, gpt, gpt2, maoa, maob, slc6a2, slc6a3, slc6a4 | neurology/psychiatry | depression",other,False,False,False,PRISM Secondary dose-response,False
BRD-A23072235-050-18-5,pheniramine,histamine receptor antagonist,HRH1,455,"pheniramine | histamine receptor antagonist | hrh1 | allergy | allergic rhinitis, urticaria",other,False,False,False,PRISM Secondary dose-response,False
BRD-K74193284-001-04-8,phenylmercuric-acetate,other antifungal,,463,phenylmercuric-acetate | other antifungal |  |  | ,other,False,False,False,PRISM Secondary dose-response,False
BRD-K24601397-001-01-1,phlorizin,sodium/glucose cotransporter inhibitor,"SLC5A1, SLC5A11, SLC5A2, SLC5A3",423,"phlorizin | sodium/glucose cotransporter inhibitor | slc5a1, slc5a11, slc5a2, slc5a3 |  | ",other,False,False,False,PRISM Secondary dose-response,False
BRD-K01029106-001-01-4,picolinic-acid,chelating agent,,432,picolinic-acid | chelating agent |  |  | ,other,False,False,False,PRISM Secondary dose-response,False
BRD-K49456274-001-01-9,pilaralisib,PI3K inhibitor,,447,pilaralisib | pi3k inhibitor |  |  | ,other,False,False,False,PRISM Secondary dose-response,False
BRD-K85090592-008-22-7,pilocarpine,acetylcholine receptor agonist,"CHRM1, CHRM2, CHRM3, CHRM4, CHRM5",386,"pilocarpine | acetylcholine receptor agonist | chrm1, chrm2, chrm3, chrm4, chrm5 | ophthalmology, cardiology | glaucoma, hypertension",other,False,False,False,PRISM Secondary dose-response,False
BRD-A97701745-001-16-0,pindolol,adrenergic receptor antagonist,"ADRB1, ADRB2, HTR1A, HTR1B, HTR2A, HTR2B",424,"pindolol | adrenergic receptor antagonist | adrb1, adrb2, htr1a, htr1b, htr2a, htr2b | cardiology | hypertension",other,False,False,False,PRISM Secondary dose-response,False
BRD-K16277217-001-10-9,piperacetazine,dopamine receptor antagonist,,401,piperacetazine | dopamine receptor antagonist |  | neurology/psychiatry | schizophrenia,other,False,False,False,PRISM Secondary dose-response,False
BRD-K13249881-001-02-3,piperazine,benzodiazepine receptor agonist,GABRB3,407,piperazine | benzodiazepine receptor agonist | gabrb3 | infectious disease | gastrointestinal roundworms,other,False,False,False,PRISM Secondary dose-response,False
BRD-K59522102-001-14-6,piperine,monoamine oxidase inhibitor,"MAOA, MAOB, TRPV1",441,"piperine | monoamine oxidase inhibitor | maoa, maob, trpv1 |  | ",other,False,False,False,PRISM Secondary dose-response,False
BRD-K25224017-001-25-0,pirenperone,serotonin receptor antagonist,"HTR2A, HTR7",470,"pirenperone | serotonin receptor antagonist | htr2a, htr7 |  | ",other,False,False,False,PRISM Secondary dose-response,False
BRD-K75958547-238-01-0,pitavastatin,HMGCR inhibitor,HMGCR,333,pitavastatin | hmgcr inhibitor | hmgcr | endocrinology | hyperlipidemia,other,False,False,False,PRISM Secondary dose-response,False
BRD-K43236057-001-07-1,polydatin,ICAM1 expression inhibitor,ICAM1,455,polydatin | icam1 expression inhibitor | icam1 |  | ,other,False,False,False,PRISM Secondary dose-response,False
BRD-K44227013-001-06-4,ponatinib,"Bcr-Abl kinase inhibitor, FLT3 inhibitor, PDGFR tyrosine kinase receptor inhibitor","ABL1, BCR, FGFR1, FGFR2, FGFR3, FGFR4, FLT3, KDR, KIT, LCK, LYN, PDGFRA, RET, SRC, TEK",475,"ponatinib | bcr-abl kinase inhibitor, flt3 inhibitor, pdgfr tyrosine kinase receptor inhibitor | abl1, bcr, fgfr1, fgfr2, fgfr3, fgfr4, flt3, kdr, kit, lck, lyn, pdgfra, ret, src, tek | hematologic malignancy | chronic myeloid leukemia (cml), acute lymphoblastic leukemia (all)",other,False,False,False,PRISM Secondary dose-response,False
BRD-K06222852-001-03-2,posaconazole,sterol demethylase inhibitor,CYP3A4,443,posaconazole | sterol demethylase inhibitor | cyp3a4 | infectious disease | oropharyngeal candidiasis,other,False,False,False,PRISM Secondary dose-response,False
BRD-K50010139-001-01-5,poziotinib,EGFR inhibitor,"EGFR, ERBB2, ERBB4",433,"poziotinib | egfr inhibitor | egfr, erbb2, erbb4 |  | ",other,False,False,False,PRISM Secondary dose-response,False
BRD-K50010139-001-02-3,poziotinib,EGFR inhibitor,"EGFR, ERBB2, ERBB4",459,"poziotinib | egfr inhibitor | egfr, erbb2, erbb4 |  | ",other,False,False,False,PRISM Secondary dose-response,False
BRD-A41304429-001-14-8,practolol,adrenergic receptor antagonist,ADRB1,336,practolol | adrenergic receptor antagonist | adrb1 |  | ,other,False,False,False,PRISM Secondary dose-response,False
BRD-A74914197-001-02-9,pralatrexate,dihydrofolate reductase inhibitor,"DHFR, TYMS",479,"pralatrexate | dihydrofolate reductase inhibitor | dhfr, tyms | hematologic malignancy | peripheral t-cell lymphoma (ptcl)",other,False,False,False,PRISM Secondary dose-response,False
BRD-A68083442-001-01-6,pranidipine,calcium channel blocker,CACNA1C,444,pranidipine | calcium channel blocker | cacna1c |  | ,other,False,False,False,PRISM Secondary dose-response,False
BRD-K49111258-003-29-7,prazosin,adrenergic receptor antagonist,"ADRA1A, ADRA1B, ADRA1D, ADRA2A, ADRA2B, ADRA2C, KCNH2, KCNH6, KCNH7",429,"prazosin | adrenergic receptor antagonist | adra1a, adra1b, adra1d, adra2a, adra2b, adra2c, kcnh2, kcnh6, kcnh7 | cardiology | hypertension",other,False,False,False,PRISM Secondary dose-response,False
BRD-K68408467-065-01-8,proflavine-hemisulfate,topical anesthetic,F2,390,proflavine-hemisulfate | topical anesthetic | f2 |  | ,other,False,False,False,PRISM Secondary dose-response,False
BRD-K18250272-003-11-0,propoxycaine,local anesthetic,,395,propoxycaine | local anesthetic |  | neurology/psychiatry | anesthetic,other,False,False,False,PRISM Secondary dose-response,False
BRD-A10070317-003-28-3,propranolol,adrenergic receptor antagonist,,391,"propranolol | adrenergic receptor antagonist |  | cardiology, neurology/psychiatry | hypertension, angina pectoris, migraine headache",other,False,False,False,PRISM Secondary dose-response,False
BRD-A11815689-001-01-1,proscillaridin-a,,,335,"proscillaridin-a |  |  | cardiology | congestive heart failure, cardiac arrythmia",other,False,False,False,PRISM Secondary dose-response,False
BRD-A16997652-001-02-3,protirelin,thyrotropin releasing hormone receptor agonist,TRHR,394,protirelin | thyrotropin releasing hormone receptor agonist | trhr | radiology | thyroid function diagnostic,other,False,False,False,PRISM Secondary dose-response,False
BRD-A28970875-300-04-9,puromycin,protein synthesis inhibitor,"NHP2L1, RPL10L, RPL11, RPL13A, RPL15, RPL19, RPL23, RPL23A, RPL26L1, RPL3, RPL37, RPL8, RSL24D1",461,"puromycin | protein synthesis inhibitor | nhp2l1, rpl10l, rpl11, rpl13a, rpl15, rpl19, rpl23, rpl23a, rpl26l1, rpl3, rpl37, rpl8, rsl24d1 |  | ",other,False,False,False,PRISM Secondary dose-response,False
BRD-K88429204-001-35-1,pyrimethamine,dihydrofolate reductase inhibitor,"DHFR, SLC47A1",465,"pyrimethamine | dihydrofolate reductase inhibitor | dhfr, slc47a1 | infectious disease | malaria",other,False,False,False,PRISM Secondary dose-response,False
BRD-K16136380-001-01-7,pyrithione-zinc,ATP synthase inhibitor,"KCNQ1, KCNQ2, KCNQ4, KCNQ5",467,"pyrithione-zinc | atp synthase inhibitor | kcnq1, kcnq2, kcnq4, kcnq5 | dermatology | dandruff",other,False,False,False,PRISM Secondary dose-response,False
BRD-K82181219-001-04-3,pyritinol,,,282,"pyritinol |  |  | rheumatology, neurology/psychiatry | rheumatoid arthritis, senile dementia",other,False,False,False,PRISM Secondary dose-response,False
BRD-K11663430-001-02-3,pyroxamide,HDAC inhibitor,HDAC1,434,pyroxamide | hdac inhibitor | hdac1 |  | ,other,False,False,False,PRISM Secondary dose-response,False
BRD-A59303141-001-10-4,quinethazone,thiazide diuretic,"CA1, CA2, SLC12A1, SLC12A2, SLC12A3",386,"quinethazone | thiazide diuretic | ca1, ca2, slc12a1, slc12a2, slc12a3 | cardiology | hypertension",other,False,False,False,PRISM Secondary dose-response,False
BRD-K59632282-052-03-1,quinidine,sodium channel blocker,"KCNA5, KCNA7, KCNH1, KCNH2, KCNH5, KCNK1, KCNK6, SCN5A, SLC29A4",417,"quinidine | sodium channel blocker | kcna5, kcna7, kcnh1, kcnh2, kcnh5, kcnk1, kcnk6, scn5a, slc29a4 | infectious disease, cardiology | malaria, atrial fibrillation (af), ventricular arrhythmias",other,False,False,False,PRISM Secondary dose-response,False
BRD-K93918653-001-08-9,quizartinib,FLT3 inhibitor,"CSF1R, FLT3, KIT, PDGFRA, PDGFRB, RET",455,"quizartinib | flt3 inhibitor | csf1r, flt3, kit, pdgfra, pdgfrb, ret |  | ",other,False,False,False,PRISM Secondary dose-response,False
BRD-A39390670-236-10-7,rabeprazole,"ATPase inhibitor, gastrin inhibitor",ATP4A,327,"rabeprazole | atpase inhibitor, gastrin inhibitor | atp4a | gastroenterology | gastroesophageal reflux disease (gerd), duodenal ulcer disease, zollinger-ellison syndrome",other,False,False,False,PRISM Secondary dose-response,False
BRD-A08187463-001-12-9,racecadotril,enkephalinase inhibitor,MME,424,racecadotril | enkephalinase inhibitor | mme | gastroenterology | diarrhea,other,False,False,False,PRISM Secondary dose-response,False
BRD-K04111260-001-10-0,raclopride,dopamine receptor antagonist,"DRD2, DRD3, HTR1A",443,"raclopride | dopamine receptor antagonist | drd2, drd3, htr1a |  | ",other,False,False,False,PRISM Secondary dose-response,False
BRD-K84683831-001-01-0,radezolid,"bacterial 30S ribosomal subunit inhibitor, bacterial 50S ribosomal subunit inhibitor",,396,"radezolid | bacterial 30s ribosomal subunit inhibitor, bacterial 50s ribosomal subunit inhibitor |  |  | ",other,False,False,False,PRISM Secondary dose-response,False
BRD-K63828191-003-32-1,raloxifene,"estrogen receptor antagonist, selective estrogen receptor modulator (SERM)","ESR1, ESR2",305,"raloxifene | estrogen receptor antagonist, selective estrogen receptor modulator (serm) | esr1, esr2 | orthopedics, oncology | osteoporosis, breast cancer",other,False,False,False,PRISM Secondary dose-response,False
BRD-K89839824-001-05-3,raltitrexed,thymidylate synthase inhibitor,"FPGS, TYMS",472,"raltitrexed | thymidylate synthase inhibitor | fpgs, tyms | oncology | mesothelioma",other,False,False,False,PRISM Secondary dose-response,False
BRD-K08586861-001-01-1,ramatroban,prostanoid receptor antagonist,"PTGDR2, TBXA2R",433,"ramatroban | prostanoid receptor antagonist | ptgdr2, tbxa2r | cardiology, pulmonary | coronary artery disease (cad), asthma",other,False,False,False,PRISM Secondary dose-response,False
BRD-K70505054-003-12-4,ranitidine,histamine receptor antagonist,HRH2,301,ranitidine | histamine receptor antagonist | hrh2 | gastroenterology | heartburn,other,False,False,False,PRISM Secondary dose-response,False
BRD-K85751432-001-03-3,refametinib,MEK inhibitor,"MAP2K1, MAP2K2",369,"refametinib | mek inhibitor | map2k1, map2k2 |  | ",other,False,False,False,PRISM Secondary dose-response,False
BRD-K16730910-001-07-3,regorafenib,"FGFR inhibitor, KIT inhibitor, PDGFR tyrosine kinase receptor inhibitor, RAF inhibitor, RET tyrosine kinase inhibitor, VEGFR inhibitor","ABL1, BRAF, DDR2, EPHA2, FGFR1, FGFR2, FLT1, FLT4, FRK, KDR, KIT, MAPK11, NTRK1, PDGFRA, PDGFRB, RAF1, RET, TEK",456,"regorafenib | fgfr inhibitor, kit inhibitor, pdgfr tyrosine kinase receptor inhibitor, raf inhibitor, ret tyrosine kinase inhibitor, vegfr inhibitor | abl1, braf, ddr2, epha2, fgfr1, fgfr2, flt1, flt4, frk, kdr, kit, mapk11, ntrk1, pdgfra, pdgfrb, raf1, ret, tek | oncology | colorectal cancer, gastrointestinal stromal tumors (gist)",other,False,False,False,PRISM Secondary dose-response,False
BRD-K16730910-001-10-7,regorafenib,"FGFR inhibitor, KIT inhibitor, PDGFR tyrosine kinase receptor inhibitor, RAF inhibitor, RET tyrosine kinase inhibitor, VEGFR inhibitor","ABL1, BRAF, DDR2, EPHA2, FGFR1, FGFR2, FLT1, FLT4, FRK, KDR, KIT, MAPK11, NTRK1, PDGFRA, PDGFRB, RAF1, RET, TEK",430,"regorafenib | fgfr inhibitor, kit inhibitor, pdgfr tyrosine kinase receptor inhibitor, raf inhibitor, ret tyrosine kinase inhibitor, vegfr inhibitor | abl1, braf, ddr2, epha2, fgfr1, fgfr2, flt1, flt4, frk, kdr, kit, mapk11, ntrk1, pdgfra, pdgfrb, raf1, ret, tek | oncology | colorectal cancer, gastrointestinal stromal tumors (gist)",other,False,False,False,PRISM Secondary dose-response,False
BRD-K54094468-003-11-1,remoxipride,dopamine receptor antagonist,"DRD2, DRD3, DRD4, HTR2A, SIGMAR1",345,"remoxipride | dopamine receptor antagonist | drd2, drd3, drd4, htr2a, sigmar1 |  | ",other,False,False,False,PRISM Secondary dose-response,False
BRD-K82846253-001-15-4,repaglinide,insulin secretagogue,"ABCC8, KCNJ11, PPARG",429,"repaglinide | insulin secretagogue | abcc8, kcnj11, pparg | endocrinology | diabetes mellitus",other,False,False,False,PRISM Secondary dose-response,False
BRD-K80480517-001-02-4,repsox,TGF beta receptor inhibitor,TGFBR1,463,repsox | tgf beta receptor inhibitor | tgfbr1 |  | ,other,False,False,False,PRISM Secondary dose-response,False
BRD-K61567297-001-01-9,resatorvid,toll-like receptor antagonist,TLR4,447,resatorvid | toll-like receptor antagonist | tlr4 |  | ,other,False,False,False,PRISM Secondary dose-response,False
BRD-K76210423-001-01-6,resiquimod,toll-like receptor agonist,"TLR7, TLR8",473,"resiquimod | toll-like receptor agonist | tlr7, tlr8 |  | ",other,False,False,False,PRISM Secondary dose-response,False
BRD-K28822270-001-01-1,resminostat,HDAC inhibitor,"HDAC1, HDAC3, HDAC6, HDAC8",369,"resminostat | hdac inhibitor | hdac1, hdac3, hdac6, hdac8 |  | ",other,False,False,False,PRISM Secondary dose-response,False
BRD-K28822270-001-03-7,resminostat,HDAC inhibitor,"HDAC1, HDAC3, HDAC6, HDAC8",426,"resminostat | hdac inhibitor | hdac1, hdac3, hdac6, hdac8 |  | ",other,False,False,False,PRISM Secondary dose-response,False
BRD-K67772619-001-05-1,rheochrysidin,protein tyrosine kinase inhibitor,PTPN1,444,rheochrysidin | protein tyrosine kinase inhibitor | ptpn1 |  | ,other,False,False,False,PRISM Secondary dose-response,False
BRD-K60369935-001-18-3,ribavirin,antiviral,"ADK, ENPP1, IMPDH1, IMPDH2, NT5C2",419,"ribavirin | antiviral | adk, enpp1, impdh1, impdh2, nt5c2 | infectious disease | hepatitis c",other,False,False,False,PRISM Secondary dose-response,False
BRD-K49313711-001-05-4,ribitol,,,449,ribitol |  |  |  | ,other,False,False,False,PRISM Secondary dose-response,False
BRD-K36788280-001-01-2,ribociclib,CDK inhibitor,"CDK4, CDK6",478,"ribociclib | cdk inhibitor | cdk4, cdk6 | oncology | breast cancer",other,False,False,False,PRISM Secondary dose-response,False
BRD-K70246307-001-04-1,riboflavin,vitamin B2,"BLVRB, RFK",418,"riboflavin | vitamin b2 | blvrb, rfk | gastroenterology | jaundice",other,False,False,False,PRISM Secondary dose-response,False
BRD-K01507359-001-22-9,rifampin,RNA polymerase inhibitor,"NR1I2, SLCO1A2, SLCO1B1, SLCO1B3",467,"rifampin | rna polymerase inhibitor | nr1i2, slco1a2, slco1b1, slco1b3 | infectious disease | tuberculosis, meningitis",other,False,False,False,PRISM Secondary dose-response,False
BRD-K55187425-236-05-2,rigosertib,"cell cycle inhibitor, PLK inhibitor",PLK1,473,"rigosertib | cell cycle inhibitor, plk inhibitor | plk1 |  | ",other,False,False,False,PRISM Secondary dose-response,False
BRD-K21283037-001-21-5,riluzole,glutamate inhibitor,"KCNK10, KCNK2, KCNK4, KCNN4, SCN10A, SCN11A, SCN1A, SCN2A, SCN3A, SCN4A, SCN5A, SCN7A, SCN8A, SCN9A, SLC7A11",407,"riluzole | glutamate inhibitor | kcnk10, kcnk2, kcnk4, kcnn4, scn10a, scn11a, scn1a, scn2a, scn3a, scn4a, scn5a, scn7a, scn8a, scn9a, slc7a11 | neurology/psychiatry | amyotrophic lateral sclerosis (als)",other,False,False,False,PRISM Secondary dose-response,False
BRD-K84783599-001-01-0,riociguat,guanylate cyclase stimulant,"GUCY1A2, GUCY1A3, GUCY1B2, GUCY1B3",398,"riociguat | guanylate cyclase stimulant | gucy1a2, gucy1a3, gucy1b2, gucy1b3 | cardiology | hypertension",other,False,False,False,PRISM Secondary dose-response,False
BRD-K14003026-003-09-0,ritodrine,adrenergic receptor agonist,ADRB2,419,ritodrine | adrenergic receptor agonist | adrb2 | obstetrics/gynecology | premature labor,other,False,False,False,PRISM Secondary dose-response,False
BRD-K33610132-001-02-9,rociletinib,EGFR inhibitor,EGFR,473,rociletinib | egfr inhibitor | egfr |  | ,other,False,False,False,PRISM Secondary dose-response,False
BRD-K61397605-001-03-4,romidepsin,HDAC inhibitor,"HDAC1, HDAC2, HDAC3, HDAC4, HDAC5, HDAC6, HDAC7, HDAC8, HDAC9",463,"romidepsin | hdac inhibitor | hdac1, hdac2, hdac3, hdac4, hdac5, hdac6, hdac7, hdac8, hdac9 | hematologic malignancy | cutaneous t-cell lymphoma (ctcl)",other,False,False,False,PRISM Secondary dose-response,False
BRD-K61036791-001-01-6,rucinol,tyrosinase inhibitor,TYR,420,rucinol | tyrosinase inhibitor | tyr |  | ,other,False,False,False,PRISM Secondary dose-response,False
BRD-K53972329-001-07-0,ruxolitinib,JAK inhibitor,"JAK1, JAK2, JAK3, TYK2",470,"ruxolitinib | jak inhibitor | jak1, jak2, jak3, tyk2 | hematologic malignancy, hematology | myelofibrosis, polycythemia vera",other,False,False,False,PRISM Secondary dose-response,False
BRD-K06426971-001-02-7,ryuvidine,histone lysine methyltransferase inhibitor,"CDK2, CDK4",459,"ryuvidine | histone lysine methyltransferase inhibitor | cdk2, cdk4 |  | ",other,False,False,False,PRISM Secondary dose-response,False
BRD-K66030860-001-03-6,salidroside,beta amyloid protein neurotoxicity inhibitor,APP,426,salidroside | beta amyloid protein neurotoxicity inhibitor | app |  | ,other,False,False,False,PRISM Secondary dose-response,False
BRD-A28301258-001-03-0,salinomycin,,,439,salinomycin |  |  | infectious disease | coccidiosis,other,False,False,False,PRISM Secondary dose-response,False
BRD-K18898553-001-01-1,salvianolic-acid-B,"metalloproteinase inhibitor, EGFR inhibitor",MMP9,413,"salvianolic-acid-b | metalloproteinase inhibitor, egfr inhibitor | mmp9 |  | ",other,False,False,False,PRISM Secondary dose-response,False
BRD-K19284129-001-02-6,salvinorin-a,opioid receptor agonist,"OPRD1, OPRK1, OPRM1",443,"salvinorin-a | opioid receptor agonist | oprd1, oprk1, oprm1 |  | ",other,False,False,False,PRISM Secondary dose-response,False
BRD-K19540840-001-09-4,saracatinib,src inhibitor,"ABL1, LCK, SRC, YES1",478,"saracatinib | src inhibitor | abl1, lck, src, yes1 |  | ",other,False,False,False,PRISM Secondary dose-response,False
BRD-K08525451-003-05-2,sarafloxacin,bacterial DNA gyrase inhibitor,,379,sarafloxacin | bacterial dna gyrase inhibitor |  |  | ,other,False,False,False,PRISM Secondary dose-response,False
BRD-A81513827-001-03-6,saxagliptin,dipeptidyl peptidase inhibitor,DPP4,452,saxagliptin | dipeptidyl peptidase inhibitor | dpp4 | endocrinology | diabetes mellitus,other,False,False,False,PRISM Secondary dose-response,False
BRD-A23127772-001-02-3,sclareol,,,431,sclareol |  |  |  | ,other,False,False,False,PRISM Secondary dose-response,False
BRD-K22503835-001-11-0,scriptaid,HDAC inhibitor,"HDAC1, HDAC2, HDAC3, HDAC4, HDAC5, HDAC6, HDAC7, HDAC8, HDAC9",472,"scriptaid | hdac inhibitor | hdac1, hdac2, hdac3, hdac4, hdac5, hdac6, hdac7, hdac8, hdac9 |  | ",other,False,False,False,PRISM Secondary dose-response,False
BRD-K74227499-001-01-1,se-methylselenocysteine,,,440,se-methylselenocysteine |  |  |  | ,other,False,False,False,PRISM Secondary dose-response,False
BRD-A58564983-001-04-6,selamectin,nematocide,,343,selamectin | nematocide |  | infectious disease | flea control,other,False,False,False,PRISM Secondary dose-response,False
BRD-K21361524-001-01-1,selinexor,exportin antagonist,XPO1,479,selinexor | exportin antagonist | xpo1 |  | ,other,False,False,False,PRISM Secondary dose-response,False
BRD-K57080016-001-15-9,selumetinib,MEK inhibitor,MAP2K1,476,selumetinib | mek inhibitor | map2k1 |  | ,other,False,False,False,PRISM Secondary dose-response,False
BRD-K63504947-001-14-7,semaxanib,VEGFR inhibitor,"FGFR1, FLT1, KDR, KIT, PDGFRA, PDGFRB, RET",404,"semaxanib | vegfr inhibitor | fgfr1, flt1, kdr, kit, pdgfra, pdgfrb, ret |  | ",other,False,False,False,PRISM Secondary dose-response,False
BRD-K63504947-001-15-4,semaxanib,VEGFR inhibitor,"FGFR1, FLT1, KDR, KIT, PDGFRA, PDGFRB, RET",404,"semaxanib | vegfr inhibitor | fgfr1, flt1, kdr, kit, pdgfra, pdgfrb, ret |  | ",other,False,False,False,PRISM Secondary dose-response,False
BRD-K69116396-001-04-1,sertindole,"dopamine receptor antagonist, serotonin receptor antagonist","ADRA1A, ADRA1B, ADRA1D, DRD2, DRD3, DRD4, HRH1, HTR1A, HTR1B, HTR1D, HTR1E, HTR1F, HTR2A, HTR2C, HTR6, KCNH2",454,"sertindole | dopamine receptor antagonist, serotonin receptor antagonist | adra1a, adra1b, adra1d, drd2, drd3, drd4, hrh1, htr1a, htr1b, htr1d, htr1e, htr1f, htr2a, htr2c, htr6, kcnh2 |  | ",other,False,False,False,PRISM Secondary dose-response,False
BRD-U45393375-000-01-6,sevelamer,phosphate antagonist,,395,sevelamer | phosphate antagonist |  | nephrology | chronic kidney disease (ckd),other,False,False,False,PRISM Secondary dose-response,False
BRD-K05638300-001-01-2,sevoflurane,membrane integrity inhibitor,"ATP2C1, ATP5D, GABRA1, GABRA2, GABRA3, GABRA4, GABRA5, GABRA6, GABRB1, GABRB2, GABRB3, GABRD, GABRE, GABRG1, GABRG2, GABRG3, GABRP, GABRQ, GLRA1, GLRB, GRIA1, KCNA1, KCNK10, KCNK18, KCNK2, KCNK3, KCNK9, MT-ND1",460,"sevoflurane | membrane integrity inhibitor | atp2c1, atp5d, gabra1, gabra2, gabra3, gabra4, gabra5, gabra6, gabrb1, gabrb2, gabrb3, gabrd, gabre, gabrg1, gabrg2, gabrg3, gabrp, gabrq, glra1, glrb, gria1, kcna1, kcnk10, kcnk18, kcnk2, kcnk3, kcnk9, mt-nd1 | neurology/psychiatry | anesthetic",other,False,False,False,PRISM Secondary dose-response,False
BRD-K22134346-001-24-9,simvastatin,HMGCR inhibitor,"HMGCR, ITGB2",457,"simvastatin | hmgcr inhibitor | hmgcr, itgb2 | endocrinology, cardiology, neurology/psychiatry | hypercholesterolemia, coronary heart disease, myocardial infarction, stroke, hyperlipidemia",other,False,False,False,PRISM Secondary dose-response,False
BRD-K84937637-001-09-9,sirolimus,mTOR inhibitor,"FGF2, FKBP1A, MTOR",435,"sirolimus | mtor inhibitor | fgf2, fkbp1a, mtor | transplant, pulmonary | organ rejection, lymphangioleiomyomatosis",other,False,False,False,PRISM Secondary dose-response,False
BRD-K83607951-001-02-2,skepinone-l,p38 MAPK inhibitor,MAPK14,438,skepinone-l | p38 mapk inhibitor | mapk14 |  | ,other,False,False,False,PRISM Secondary dose-response,False
BRD-K85406984-001-01-0,sobetirome,thyroid hormone receptor agonist,"THRA, THRB",368,"sobetirome | thyroid hormone receptor agonist | thra, thrb |  | ",other,False,False,False,PRISM Secondary dose-response,False
BRD-K35952844-236-01-6,sodium-glucoheptonate,,,389,sodium-glucoheptonate |  |  |  | ,other,False,False,False,PRISM Secondary dose-response,False
BRD-A60786380-412-01-5,sodium-stibogluconate,tyrosine phosphatase inhibitor,"PTPN6, TOP1",453,"sodium-stibogluconate | tyrosine phosphatase inhibitor | ptpn6, top1 | infectious disease | leishmaniasis",other,False,False,False,PRISM Secondary dose-response,False
BRD-K84798689-236-02-9,sodium-tanshinone-ii-a-sulfonate,potassium channel activator,,418,sodium-tanshinone-ii-a-sulfonate | potassium channel activator |  |  | ,other,False,False,False,PRISM Secondary dose-response,False
BRD-K19796430-001-05-6,sonidegib,smoothened receptor antagonist,SMO,463,sonidegib | smoothened receptor antagonist | smo | oncology | basal cell carcinoma (bcc),other,False,False,False,PRISM Secondary dose-response,False
BRD-K23984367-001-07-5,sorafenib,"FLT3 inhibitor, KIT inhibitor, PDGFR tyrosine kinase receptor inhibitor, RAF inhibitor, RET tyrosine kinase inhibitor, VEGFR inhibitor","BRAF, DDR2, FGFR1, FLT1, FLT3, FLT4, KDR, KIT, PDGFRB, RAF1, RET",440,"sorafenib | flt3 inhibitor, kit inhibitor, pdgfr tyrosine kinase receptor inhibitor, raf inhibitor, ret tyrosine kinase inhibitor, vegfr inhibitor | braf, ddr2, fgfr1, flt1, flt3, flt4, kdr, kit, pdgfrb, raf1, ret | oncology | renal cell carcinoma (rcc), thyroid cancer, hepatocellular carcinoma (hcc)",other,False,False,False,PRISM Secondary dose-response,False
BRD-K23984367-075-15-2,sorafenib,"FLT3 inhibitor, KIT inhibitor, PDGFR tyrosine kinase receptor inhibitor, RAF inhibitor, RET tyrosine kinase inhibitor, VEGFR inhibitor","BRAF, DDR2, FGFR1, FLT1, FLT3, FLT4, KDR, KIT, PDGFRB, RAF1, RET",429,"sorafenib | flt3 inhibitor, kit inhibitor, pdgfr tyrosine kinase receptor inhibitor, raf inhibitor, ret tyrosine kinase inhibitor, vegfr inhibitor | braf, ddr2, fgfr1, flt1, flt3, flt4, kdr, kit, pdgfrb, raf1, ret | oncology | renal cell carcinoma (rcc), thyroid cancer, hepatocellular carcinoma (hcc)",other,False,False,False,PRISM Secondary dose-response,False
BRD-K07612980-001-05-3,sparfloxacin,bacterial DNA gyrase inhibitor,TOP2A,444,sparfloxacin | bacterial dna gyrase inhibitor | top2a |  | ,other,False,False,False,PRISM Secondary dose-response,False
BRD-K40438880-305-06-6,spermidine,glutamate receptor modulator,"KCNJ4, TXNRD1",447,"spermidine | glutamate receptor modulator | kcnj4, txnrd1 |  | ",other,False,False,False,PRISM Secondary dose-response,False
BRD-K18375018-376-02-3,spermine,,"CA14, CA4, CA6, CA9, CASR, GRIN1, GRIN2A, KCNJ4, ODC1, SMOX, SMS, TRPM4, TRPM5",446,"spermine |  | ca14, ca4, ca6, ca9, casr, grin1, grin2a, kcnj4, odc1, smox, sms, trpm4, trpm5 |  | ",other,False,False,False,PRISM Secondary dose-response,False
BRD-K28192623-066-08-1,spiradoline,opioid receptor agonist,OPRK1,462,spiradoline | opioid receptor agonist | oprk1 |  | ,other,False,False,False,PRISM Secondary dose-response,False
BRD-K90027355-001-13-3,spironolactone,mineralocorticoid receptor antagonist,"AR, CACNA1A, CACNA1B, CACNA1C, CACNA1D, CACNA1F, CACNA1G, CACNA1H, CACNA1I, CACNA1S, CACNA2D1, CACNA2D2, CACNA2D3, CACNB1, CACNB2, CACNB3, CACNB4, CACNG1, CYP11B2, NR3C1, NR3C2, PGR, SHBG",444,"spironolactone | mineralocorticoid receptor antagonist | ar, cacna1a, cacna1b, cacna1c, cacna1d, cacna1f, cacna1g, cacna1h, cacna1i, cacna1s, cacna2d1, cacna2d2, cacna2d3, cacnb1, cacnb2, cacnb3, cacnb4, cacng1, cyp11b2, nr3c1, nr3c2, pgr, shbg | endocrinology, cardiology, gastroenterology, rheumatology | hyperaldosteronism, congestive heart failure, hepatic cirrhosis, nephrotic syndrome, hypertension, hypokalemia",other,False,False,False,PRISM Secondary dose-response,False
BRD-K17061841-001-03-5,stattic,,,442,stattic |  |  |  | ,other,False,False,False,PRISM Secondary dose-response,False
BRD-K36739687-001-03-0,stemregenin-1,aryl hydrocarbon receptor antagonist,AHR,369,stemregenin-1 | aryl hydrocarbon receptor antagonist | ahr |  | ,other,False,False,False,PRISM Secondary dose-response,False
BRD-K21547160-001-01-4,sufentanil,opioid receptor modulator,"OPRD1, OPRK1, OPRM1",391,"sufentanil | opioid receptor modulator | oprd1, oprk1, oprm1 | neurology/psychiatry | anesthetic",other,False,False,False,PRISM Secondary dose-response,False
BRD-A70649075-008-30-8,sulconazole,sterol demethylase inhibitor,,465,"sulconazole | sterol demethylase inhibitor |  | infectious disease | tinea pedis, tinea cruris, tinea corporis",other,False,False,False,PRISM Secondary dose-response,False
BRD-K59983611-001-21-9,sulfabenzamide,bacterial antifolate,,389,sulfabenzamide | bacterial antifolate |  |  | ,other,False,False,False,PRISM Secondary dose-response,False
BRD-K11640013-236-10-1,sulfamethazine,PABA antagonist,,403,"sulfamethazine | paba antagonist |  | gastroenterology | enteritis, enteritis",other,False,False,False,PRISM Secondary dose-response,False
BRD-K02594908-001-16-4,sulfanilamide,carbonic anhydrase inhibitor,"CYP2C19, CYP2C9, CYP2D6, CYP2E1, CYP3A4",412,"sulfanilamide | carbonic anhydrase inhibitor | cyp2c19, cyp2c9, cyp2d6, cyp2e1, cyp3a4 | infectious disease | vulvovaginal candidiasis",other,False,False,False,PRISM Secondary dose-response,False
BRD-A22081593-001-11-1,sulmazole,adenosine receptor antagonist,,428,sulmazole | adenosine receptor antagonist |  |  | ,other,False,False,False,PRISM Secondary dose-response,False
BRD-K42828737-001-03-3,sunitinib,"FLT3 inhibitor, KIT inhibitor, PDGFR tyrosine kinase receptor inhibitor, RET tyrosine kinase inhibitor, VEGFR inhibitor","CSF1R, FGFR1, FLT1, FLT3, FLT4, KDR, KIT, PDGFRA, PDGFRB, RET",443,"sunitinib | flt3 inhibitor, kit inhibitor, pdgfr tyrosine kinase receptor inhibitor, ret tyrosine kinase inhibitor, vegfr inhibitor | csf1r, fgfr1, flt1, flt3, flt4, kdr, kit, pdgfra, pdgfrb, ret | oncology | gastrointestinal stromal tumors (gist), renal cell carcinoma (rcc), neuroendocrine tumors of pancreatic origin (pnet)",other,False,False,False,PRISM Secondary dose-response,False
BRD-K42828737-044-09-0,sunitinib,"FLT3 inhibitor, KIT inhibitor, PDGFR tyrosine kinase receptor inhibitor, RET tyrosine kinase inhibitor, VEGFR inhibitor","CSF1R, FGFR1, FLT1, FLT3, FLT4, KDR, KIT, PDGFRA, PDGFRB, RET",407,"sunitinib | flt3 inhibitor, kit inhibitor, pdgfr tyrosine kinase receptor inhibitor, ret tyrosine kinase inhibitor, vegfr inhibitor | csf1r, fgfr1, flt1, flt3, flt4, kdr, kit, pdgfra, pdgfrb, ret | oncology | gastrointestinal stromal tumors (gist), renal cell carcinoma (rcc), neuroendocrine tumors of pancreatic origin (pnet)",other,False,False,False,PRISM Secondary dose-response,False
BRD-K73237276-001-01-0,tacalcitol,vitamin D receptor agonist,VDR,437,"tacalcitol | vitamin d receptor agonist | vdr | dermatology | psoriasis, chapped lips",other,False,False,False,PRISM Secondary dose-response,False
BRD-K52313696-001-12-3,tacedinaline,HDAC inhibitor,HDAC1,473,tacedinaline | hdac inhibitor | hdac1 |  | ,other,False,False,False,PRISM Secondary dose-response,False
BRD-K69608737-001-10-2,tacrolimus,calcineurin inhibitor,FKBP1A,448,tacrolimus | calcineurin inhibitor | fkbp1a | transplant | organ rejection,other,False,False,False,PRISM Secondary dose-response,False
BRD-A73556557-001-06-4,tagatose,phosphorylase inhibitor,PYGL,421,tagatose | phosphorylase inhibitor | pygl |  | ,other,False,False,False,PRISM Secondary dose-response,False
BRD-K17555800-003-01-5,talmapimod,p38 MAPK inhibitor,"MAPK11, MAPK14",458,"talmapimod | p38 mapk inhibitor | mapk11, mapk14 |  | ",other,False,False,False,PRISM Secondary dose-response,False
BRD-K17555800-003-02-3,talmapimod,p38 MAPK inhibitor,"MAPK11, MAPK14",397,"talmapimod | p38 mapk inhibitor | mapk11, mapk14 |  | ",other,False,False,False,PRISM Secondary dose-response,False
BRD-K93869735-001-01-1,taltirelin,thyrotropin releasing hormone receptor agonist,TRHR,427,taltirelin | thyrotropin releasing hormone receptor agonist | trhr | neurology/psychiatry | spinocerebellar ataxia,other,False,False,False,PRISM Secondary dose-response,False
BRD-K36627727-001-05-4,tamibarotene,retinoid receptor agonist,"RARA, RARB",469,"tamibarotene | retinoid receptor agonist | rara, rarb | hematologic malignancy | acute promyelocytic leukemia (apl)",other,False,False,False,PRISM Secondary dose-response,False
BRD-K93754473-048-20-2,tamoxifen,"estrogen receptor antagonist, selective estrogen receptor modulator (SERM)","EBP, ESR1, ESR2, GPER1, PRKCA, PRKCB, PRKCD, PRKCE, PRKCG, PRKCI, PRKCQ, PRKCZ",423,"tamoxifen | estrogen receptor antagonist, selective estrogen receptor modulator (serm) | ebp, esr1, esr2, gper1, prkca, prkcb, prkcd, prkce, prkcg, prkci, prkcq, prkcz | oncology | breast cancer",other,False,False,False,PRISM Secondary dose-response,False
BRD-K99604664-001-01-1,tanaproget,progesterone receptor agonist,PGR,464,tanaproget | progesterone receptor agonist | pgr |  | ,other,False,False,False,PRISM Secondary dose-response,False
BRD-K89162000-001-06-4,tandutinib,"FLT3 inhibitor, KIT inhibitor, PDGFR tyrosine kinase receptor inhibitor","CSF1R, FLT3, KIT, PDGFD, PDGFRB",423,"tandutinib | flt3 inhibitor, kit inhibitor, pdgfr tyrosine kinase receptor inhibitor | csf1r, flt3, kit, pdgfd, pdgfrb |  | ",other,False,False,False,PRISM Secondary dose-response,False
BRD-K81473043-001-14-6,tanespimycin,HSP inhibitor,HSP90AA1,469,tanespimycin | hsp inhibitor | hsp90aa1 |  | ,other,False,False,False,PRISM Secondary dose-response,False
BRD-K81473043-001-19-5,tanespimycin,HSP inhibitor,HSP90AA1,449,tanespimycin | hsp inhibitor | hsp90aa1 |  | ,other,False,False,False,PRISM Secondary dose-response,False
BRD-K34073885-001-09-3,tanshinone-i,AP inhibitor,IFNG,418,tanshinone-i | ap inhibitor | ifng |  | ,other,False,False,False,PRISM Secondary dose-response,False
BRD-K44844162-001-01-6,taselisib,PI3K inhibitor,PIK3CA,466,taselisib | pi3k inhibitor | pik3ca |  | ,other,False,False,False,PRISM Secondary dose-response,False
BRD-K11215326-001-03-7,tazemetostat,histone lysine methyltransferase inhibitor,EZH2,455,tazemetostat | histone lysine methyltransferase inhibitor | ezh2 |  | ,other,False,False,False,PRISM Secondary dose-response,False
BRD-K48195801-001-01-6,tecastemizole,histamine receptor antagonist,KCNH2,424,tecastemizole | histamine receptor antagonist | kcnh2 |  | ,other,False,False,False,PRISM Secondary dose-response,False
BRD-K59436580-001-01-7,tedizolid,bacterial 50S ribosomal subunit inhibitor,,458,tedizolid | bacterial 50s ribosomal subunit inhibitor |  | infectious disease | skin infections,other,False,False,False,PRISM Secondary dose-response,False
BRD-K89121095-001-01-7,tedizolid-phosphate,protein synthesis inhibitor,,465,tedizolid-phosphate | protein synthesis inhibitor |  | infectious disease | skin infections,other,False,False,False,PRISM Secondary dose-response,False
BRD-K84564571-001-02-4,telatinib,"KIT inhibitor, PDGFR tyrosine kinase receptor inhibitor, VEGFR inhibitor",KDR,453,"telatinib | kit inhibitor, pdgfr tyrosine kinase receptor inhibitor, vegfr inhibitor | kdr |  | ",other,False,False,False,PRISM Secondary dose-response,False
BRD-K94559059-091-01-6,telotristat-ethyl,tryptophan hydroxylase inhibitor,TPH1,276,telotristat-ethyl | tryptophan hydroxylase inhibitor | tph1 | gastroenterology | diarrhea,other,False,False,False,PRISM Secondary dose-response,False
BRD-A93093700-001-02-9,temazepam,benzodiazepine receptor agonist,"GABRA1, GABRA2, GABRA3, GABRA4, GABRA5, GABRA6, GABRB1, GABRB2, GABRB3, GABRD, GABRE, GABRG1, GABRG2, GABRG3, GABRP, GABRQ, GABRR1, GABRR2, GABRR3, TSPO",423,"temazepam | benzodiazepine receptor agonist | gabra1, gabra2, gabra3, gabra4, gabra5, gabra6, gabrb1, gabrb2, gabrb3, gabrd, gabre, gabrg1, gabrg2, gabrg3, gabrp, gabrq, gabrr1, gabrr2, gabrr3, tspo |  | ",other,False,False,False,PRISM Secondary dose-response,False
BRD-K10784860-003-02-3,temocapril,angiotensin converting enzyme inhibitor,ACE,424,"temocapril | angiotensin converting enzyme inhibitor | ace | cardiology, nephrology | hypertension, congestive heart failure, diabetic nephropathy, coronary artery disease (cad)",other,False,False,False,PRISM Secondary dose-response,False
BRD-K63712959-001-01-8,temoporfin,radical formation stimulant,,473,temoporfin | radical formation stimulant |  | oncology | head and neck squamous cell carcinoma (hnscc),other,False,False,False,PRISM Secondary dose-response,False
BRD-K42898655-001-01-8,temsirolimus,mTOR inhibitor,MTOR,470,temsirolimus | mtor inhibitor | mtor | oncology | renal cell carcinoma (rcc),other,False,False,False,PRISM Secondary dose-response,False
BRD-K13949769-001-01-7,tenovin-6,SIRT inhibitor,"SIRT1, SIRT2, SIRT3",462,"tenovin-6 | sirt inhibitor | sirt1, sirt2, sirt3 |  | ",other,False,False,False,PRISM Secondary dose-response,False
BRD-K11510141-001-01-8,teprenone,mucus protecting agent,,431,teprenone | mucus protecting agent |  | dermatology | cosmetic,other,False,False,False,PRISM Secondary dose-response,False
BRD-A50157456-065-20-6,terbutaline,adrenergic receptor agonist,ADRB2,423,"terbutaline | adrenergic receptor agonist | adrb2 | pulmonary | bronchospasm, bronchitis, emphysema",other,False,False,False,PRISM Secondary dose-response,False
BRD-K86204871-001-16-2,terconazole,sterol demethylase inhibitor,,384,terconazole | sterol demethylase inhibitor |  | infectious disease | vulvovaginal candidiasis,other,False,False,False,PRISM Secondary dose-response,False
BRD-A06352418-001-25-9,terfenadine,histamine receptor antagonist,"CHRM1, CHRM2, CHRM3, CHRM4, CHRM5, HRH1, KCNH1, KCNH2",405,"terfenadine | histamine receptor antagonist | chrm1, chrm2, chrm3, chrm4, chrm5, hrh1, kcnh1, kcnh2 |  | ",other,False,False,False,PRISM Secondary dose-response,False
BRD-A42699921-001-03-6,teriflunomide,dihydroorotate dehydrogenase inhibitor,DHODH,453,teriflunomide | dihydroorotate dehydrogenase inhibitor | dhodh | neurology/psychiatry | multiple sclerosis,other,False,False,False,PRISM Secondary dose-response,False
BRD-A91831168-003-02-5,tetrahydropapaverine,,,442,tetrahydropapaverine |  |  |  | ,other,False,False,False,PRISM Secondary dose-response,False
BRD-A86248581-001-01-4,tetrahydrouridine,cytidine deaminase inhibitor,CDA,450,tetrahydrouridine | cytidine deaminase inhibitor | cda |  | ,other,False,False,False,PRISM Secondary dose-response,False
BRD-K36889451-001-01-1,tetramethylthiuram-monosulfide,,,446,tetramethylthiuram-monosulfide |  |  |  | ,other,False,False,False,PRISM Secondary dose-response,False
BRD-K08078237-001-19-8,tetrandrine,calcium channel blocker,SLC6A3,455,tetrandrine | calcium channel blocker | slc6a3 |  | ,other,False,False,False,PRISM Secondary dose-response,False
BRD-K97101532-001-02-8,tezacaftor,CFTR channel agonist,,399,tezacaftor | cftr channel agonist |  | pulmonary | cystic fibrosis,other,False,False,False,PRISM Secondary dose-response,False
BRD-K97799481-001-16-0,theophylline,adenosine receptor antagonist,,436,"theophylline | adenosine receptor antagonist |  | pulmonary | asthma, emphysema, bronchitis",other,False,False,False,PRISM Secondary dose-response,False
BRD-K95785345-300-14-8,thiamine,vitamin B,"SLC19A2, SLC19A3, TPK1",416,"thiamine | vitamin b | slc19a2, slc19a3, tpk1 | metabolism | thiamine deficiency",other,False,False,False,PRISM Secondary dose-response,False
BRD-K26619122-001-02-1,thiocolchicoside,GABA receptor antagonist,"GABRA1, GABRB2, GABRG2, GLRA1, GLRB",432,"thiocolchicoside | gaba receptor antagonist | gabra1, gabrb2, gabrg2, glra1, glrb | neurology/psychiatry | muscle relaxant",other,False,False,False,PRISM Secondary dose-response,False
BRD-K49350383-001-13-7,thioguanine,purine antagonist,"IMPDH1, IMPDH2",440,"thioguanine | purine antagonist | impdh1, impdh2 | hematologic malignancy | acute myeloid leukemia (aml)",other,False,False,False,PRISM Secondary dose-response,False
BRD-K49350383-001-14-5,thioguanine,purine antagonist,"IMPDH1, IMPDH2",421,"thioguanine | purine antagonist | impdh1, impdh2 | hematologic malignancy | acute myeloid leukemia (aml)",other,False,False,False,PRISM Secondary dose-response,False
BRD-K61443650-236-13-1,thiomersal,other antibiotic,OXCT1,462,thiomersal | other antibiotic | oxct1 |  | ,other,False,False,False,PRISM Secondary dose-response,False
BRD-K08619574-334-05-4,thioproperazine,dopamine receptor antagonist,"ADRA1A, ADRA1B, DRD1, DRD2, HTR1A, HTR2A",154,"thioproperazine | dopamine receptor antagonist | adra1a, adra1b, drd1, drd2, htr1a, htr2a | neurology/psychiatry | schizophrenia",other,False,False,False,PRISM Secondary dose-response,False
BRD-K58049875-001-04-7,thiostrepton,"FOXM1 inhibitor, protein synthesis inhibitor",FOXM1,403,"thiostrepton | foxm1 inhibitor, protein synthesis inhibitor | foxm1 | obstetrics/gynecology | mastitis",other,False,False,False,PRISM Secondary dose-response,False
BRD-K29254801-001-14-7,thiram,,JAK2,421,thiram |  | jak2 | ophthalmology | contact dermatitis,other,False,False,False,PRISM Secondary dose-response,False
BRD-K13387373-004-14-5,thonzonium,ATPase inhibitor,,443,thonzonium | atpase inhibitor |  |  | ,other,False,False,False,PRISM Secondary dose-response,False
BRD-K60160658-003-11-2,tiagabine,GABA uptake inhibitor,SLC6A1,357,tiagabine | gaba uptake inhibitor | slc6a1 | neurology/psychiatry | seizures,other,False,False,False,PRISM Secondary dose-response,False
BRD-K81330143-001-04-8,tideglusib,glycogen synthase kinase inhibitor,GSK3B,460,tideglusib | glycogen synthase kinase inhibitor | gsk3b |  | ,other,False,False,False,PRISM Secondary dose-response,False
BRD-A30582499-003-05-1,tiletamine,glutamate receptor antagonist,,388,tiletamine | glutamate receptor antagonist |  | neurology/psychiatry | anesthetic,other,False,False,False,PRISM Secondary dose-response,False
BRD-K26634012-001-04-9,tilmicosin,bacterial 50S ribosomal subunit inhibitor,,408,tilmicosin | bacterial 50s ribosomal subunit inhibitor |  | pulmonary | bovine respiratory disease (brd),other,False,False,False,PRISM Secondary dose-response,False
BRD-K10845183-304-01-6,tiludronate,"bone resorption inhibitor, osteoclast inhibitor","ATP6V1A, MMP2, PTPN1",400,"tiludronate | bone resorption inhibitor, osteoclast inhibitor | atp6v1a, mmp2, ptpn1 | orthopedics | navicular syndrome",other,False,False,False,PRISM Secondary dose-response,False
BRD-K75649340-001-13-1,tioguanine,purine antagonist,,456,tioguanine | purine antagonist |  |  | ,other,False,False,False,PRISM Secondary dose-response,False
BRD-K15071410-001-01-1,tiotidine,histamine receptor antagonist,HRH2,453,tiotidine | histamine receptor antagonist | hrh2 |  | ,other,False,False,False,PRISM Secondary dose-response,False
BRD-K41876534-001-13-7,tioxolone,carbonic anhydrase inhibitor,CA2,447,tioxolone | carbonic anhydrase inhibitor | ca2 |  | ,other,False,False,False,PRISM Secondary dose-response,False
BRD-K62965247-001-04-9,tipifarnib,farnesyltransferase inhibitor,"FNTA, FNTB",467,"tipifarnib | farnesyltransferase inhibitor | fnta, fntb |  | ",other,False,False,False,PRISM Secondary dose-response,False
BRD-K11973162-003-01-8,tipiracil,thymidine phosphorylase inhibitor,TYMP,468,tipiracil | thymidine phosphorylase inhibitor | tymp | oncology | colorectal cancer,other,False,False,False,PRISM Secondary dose-response,False
BRD-A10039652-001-01-2,tipranavir,HIV protease inhibitor,,390,tipranavir | hiv protease inhibitor |  | infectious disease | human immunodeficiency virus (hiv-1),other,False,False,False,PRISM Secondary dose-response,False
BRD-K33379087-001-07-5,tivantinib,tyrosine kinase inhibitor,MET,479,tivantinib | tyrosine kinase inhibitor | met |  | ,other,False,False,False,PRISM Secondary dose-response,False
BRD-K53414658-001-08-2,tivozanib,VEGFR inhibitor,"FLT1, FLT4, KDR, KIT, PDGFRA, PDGFRB",474,"tivozanib | vegfr inhibitor | flt1, flt4, kdr, kit, pdgfra, pdgfrb |  | ",other,False,False,False,PRISM Secondary dose-response,False
BRD-K96344439-002-02-7,tofogliflozin,sodium/glucose cotransporter inhibitor,GCK,452,"tofogliflozin | sodium/glucose cotransporter inhibitor | gck | endocrinology | diabetes mellitus, diabetes mellitus",other,False,False,False,PRISM Secondary dose-response,False
BRD-K30480208-001-18-5,torasemide,"electrolyte reabsorption inhibitor, thromboxane receptor antagonist",SLC12A1,425,"torasemide | electrolyte reabsorption inhibitor, thromboxane receptor antagonist | slc12a1 | cardiology | edema, congestive heart failure, hypertension",other,False,False,False,PRISM Secondary dose-response,False
BRD-K55675242-001-03-0,torcetrapib,cholesteryl ester transfer protein inhibitor,CETP,422,torcetrapib | cholesteryl ester transfer protein inhibitor | cetp |  | ,other,False,False,False,PRISM Secondary dose-response,False
BRD-K51350053-048-16-5,toremifene,"estrogen receptor antagonist, selective estrogen receptor modulator (SERM)",ESR1,454,"toremifene | estrogen receptor antagonist, selective estrogen receptor modulator (serm) | esr1 | oncology | breast cancer",other,False,False,False,PRISM Secondary dose-response,False
BRD-K40175214-001-11-6,torin-1,mTOR inhibitor,MTOR,468,torin-1 | mtor inhibitor | mtor |  | ,other,False,False,False,PRISM Secondary dose-response,False
BRD-K68174511-001-06-6,torin-2,mTOR inhibitor,MTOR,462,torin-2 | mtor inhibitor | mtor |  | ,other,False,False,False,PRISM Secondary dose-response,False
BRD-K92241597-001-06-0,tosedostat,peptidase inhibitor,"ANPEP, LAP3, NPEPPS",479,"tosedostat | peptidase inhibitor | anpep, lap3, npepps |  | ",other,False,False,False,PRISM Secondary dose-response,False
BRD-K59369769-001-20-3,tozasertib,"Aurora kinase inhibitor, Bcr-Abl kinase inhibitor, FLT3 inhibitor, JAK inhibitor","AURKA, AURKB, AURKC, LCK",473,"tozasertib | aurora kinase inhibitor, bcr-abl kinase inhibitor, flt3 inhibitor, jak inhibitor | aurka, aurkb, aurkc, lck |  | ",other,False,False,False,PRISM Secondary dose-response,False
BRD-K59369769-001-22-9,tozasertib,"Aurora kinase inhibitor, Bcr-Abl kinase inhibitor, FLT3 inhibitor, JAK inhibitor","AURKA, AURKB, AURKC, LCK",434,"tozasertib | aurora kinase inhibitor, bcr-abl kinase inhibitor, flt3 inhibitor, jak inhibitor | aurka, aurkb, aurkc, lck |  | ",other,False,False,False,PRISM Secondary dose-response,False
BRD-K12343256-001-08-9,trametinib,MEK inhibitor,"MAP2K1, MAP2K2",466,"trametinib | mek inhibitor | map2k1, map2k2 | oncology | melanoma",other,False,False,False,PRISM Secondary dose-response,False
BRD-K12343256-001-14-7,trametinib,MEK inhibitor,"MAP2K1, MAP2K2",445,"trametinib | mek inhibitor | map2k1, map2k2 | oncology | melanoma",other,False,False,False,PRISM Secondary dose-response,False
BRD-K17849083-001-32-9,tranilast,angiogenesis inhibitor,"HPGDS, HRH1",470,"tranilast | angiogenesis inhibitor | hpgds, hrh1 | pulmonary | asthma",other,False,False,False,PRISM Secondary dose-response,False
BRD-K91614056-001-02-2,trans-4-Hydroxycrotonic-acid,gamma hydroxybutyric acid ligand,,421,trans-4-hydroxycrotonic-acid | gamma hydroxybutyric acid ligand |  |  | ,other,False,False,False,PRISM Secondary dose-response,False
BRD-K95763993-001-19-3,trapidil,PDGFR tyrosine kinase receptor inhibitor,PDGFRA,448,trapidil | pdgfr tyrosine kinase receptor inhibitor | pdgfra | cardiology | coronary artery disease (cad),other,False,False,False,PRISM Secondary dose-response,False
BRD-K08619838-300-05-7,tremorine,acetylcholine receptor agonist,,432,tremorine | acetylcholine receptor agonist |  |  | ,other,False,False,False,PRISM Secondary dose-response,False
BRD-K84663978-003-02-9,trequinsin,phosphodiesterase inhibitor,PDE5A,437,trequinsin | phosphodiesterase inhibitor | pde5a |  | ,other,False,False,False,PRISM Secondary dose-response,False
BRD-K92049597-001-20-8,triamterene,sodium channel blocker,"SCNN1A, SCNN1B, SCNN1D, SCNN1G",439,"triamterene | sodium channel blocker | scnn1a, scnn1b, scnn1d, scnn1g | endocrinology, cardiology | hypokalemia, hypertension, edema",other,False,False,False,PRISM Secondary dose-response,False
BRD-K01669786-001-02-2,triapine,ribonucleotide reductase inhibitor,"RRM1, RRM2",467,"triapine | ribonucleotide reductase inhibitor | rrm1, rrm2 |  | ",other,False,False,False,PRISM Secondary dose-response,False
BRD-K68202742-001-16-5,trichostatin-a,HDAC inhibitor,"HDAC1, HDAC10, HDAC2, HDAC3, HDAC4, HDAC5, HDAC6, HDAC7, HDAC8, HDAC9",448,"trichostatin-a | hdac inhibitor | hdac1, hdac10, hdac2, hdac3, hdac4, hdac5, hdac6, hdac7, hdac8, hdac9 |  | ",other,False,False,False,PRISM Secondary dose-response,False
BRD-K80431395-001-07-3,triciribine,AKT inhibitor,"AKT1, AKT2, AKT3",467,"triciribine | akt inhibitor | akt1, akt2, akt3 |  | ",other,False,False,False,PRISM Secondary dose-response,False
BRD-K03243820-001-23-8,trifluridine,"DNA directed DNA polymerase inhibitor, thymidylate synthase inhibitor",TYMS,465,"trifluridine | dna directed dna polymerase inhibitor, thymidylate synthase inhibitor | tyms | infectious disease | virus herpes simplex (hsv)",other,False,False,False,PRISM Secondary dose-response,False
BRD-A92630576-050-24-1,trimebutine,opioid receptor agonist,"OPRD1, OPRK1, OPRM1",434,"trimebutine | opioid receptor agonist | oprd1, oprk1, oprm1 | gastroenterology | irritable bowel syndrome",other,False,False,False,PRISM Secondary dose-response,False
BRD-K39484304-001-16-5,triptolide,RNA polymerase inhibitor,RELA,422,triptolide | rna polymerase inhibitor | rela |  | ,other,False,False,False,PRISM Secondary dose-response,False
BRD-K47978074-001-02-4,trometamol,,"AMD1, CANT1, DCN, NEIL1, VEGFA",400,"trometamol |  | amd1, cant1, dcn, neil1, vegfa |  | ",other,False,False,False,PRISM Secondary dose-response,False
BRD-K50866992-003-10-3,tropisetron,serotonin receptor antagonist,"GLRA1, GLRA2, GLRB, HTR3A, HTR4",413,"tropisetron | serotonin receptor antagonist | glra1, glra2, glrb, htr3a, htr4 | gastroenterology | nausea, vomiting, nausea, vomiting",other,False,False,False,PRISM Secondary dose-response,False
BRD-K00494077-066-01-9,trovafloxacin,bacterial DNA gyrase inhibitor,TOP2A,433,trovafloxacin | bacterial dna gyrase inhibitor | top2a |  | ,other,False,False,False,PRISM Secondary dose-response,False
BRD-K26026438-001-01-0,tucatinib,EGFR inhibitor,ERBB2,475,tucatinib | egfr inhibitor | erbb2 |  | ,other,False,False,False,PRISM Secondary dose-response,False
BRD-K40255344-001-17-6,tyrphostin-A9,"protein tyrosine kinase inhibitor, tyrosine kinase inhibitor",,465,"tyrphostin-a9 | protein tyrosine kinase inhibitor, tyrosine kinase inhibitor |  |  | ",other,False,False,False,PRISM Secondary dose-response,False
BRD-K76064317-001-07-3,tyrphostin-AG-1296,FLT3 inhibitor,FLT3,458,tyrphostin-ag-1296 | flt3 inhibitor | flt3 |  | ,other,False,False,False,PRISM Secondary dose-response,False
BRD-K68336408-001-10-9,tyrphostin-AG-1478,EGFR inhibitor,"EGFR, MAPK14",471,"tyrphostin-ag-1478 | egfr inhibitor | egfr, mapk14 |  | ",other,False,False,False,PRISM Secondary dose-response,False
BRD-K34533029-001-08-5,tyrphostin-AG-494,EGFR inhibitor,EGFR,403,tyrphostin-ag-494 | egfr inhibitor | egfr |  | ,other,False,False,False,PRISM Secondary dose-response,False
BRD-K60184833-001-05-6,tyrphostin-AG-99,tyrosine kinase inhibitor,EGFR,471,tyrphostin-ag-99 | tyrosine kinase inhibitor | egfr |  | ,other,False,False,False,PRISM Secondary dose-response,False
BRD-K59574735-001-11-8,ubenimex,leukotriene synthesis inhibitor,"LTA4H, RNPEP",276,"ubenimex | leukotriene synthesis inhibitor | lta4h, rnpep | hematologic malignancy | acute myeloid leukemia (aml)",other,False,False,False,PRISM Secondary dose-response,False
BRD-K64381438-001-03-8,ulipristal,progesterone receptor antagonist,PGR,314,ulipristal | progesterone receptor antagonist | pgr | endocrinology | contraceptive,other,False,False,False,PRISM Secondary dose-response,False
BRD-K38332599-001-01-3,uprosertib,AKT inhibitor,"AKT1, AKT2, AKT3",475,"uprosertib | akt inhibitor | akt1, akt2, akt3 |  | ",other,False,False,False,PRISM Secondary dose-response,False
BRD-K80129304-001-08-1,uracil,,"DPYD, UCKL1",436,"uracil |  | dpyd, uckl1 |  | ",other,False,False,False,PRISM Secondary dose-response,False
BRD-K01295354-001-02-8,uric-acid,,PYGL,423,uric-acid |  | pygl |  | ,other,False,False,False,PRISM Secondary dose-response,False
BRD-K13050303-001-17-3,uridine,dopamine receptor agonist,"LSM6, TYMP",429,"uridine | dopamine receptor agonist | lsm6, tymp |  | ",other,False,False,False,PRISM Secondary dose-response,False
BRD-A12417644-001-07-6,usniacin-(+),MAP kinase activator,PTPN1,438,usniacin-(+) | map kinase activator | ptpn1 |  | ,other,False,False,False,PRISM Secondary dose-response,False
BRD-K33813875-003-01-8,valnemulin,bacterial 50S ribosomal subunit inhibitor,,466,"valnemulin | bacterial 50s ribosomal subunit inhibitor |  | infectious disease, gastroenterology | dysentry, colitis, pneumonia",other,False,False,False,PRISM Secondary dose-response,False
BRD-K77625799-001-07-7,vandetanib,"EGFR inhibitor, RET tyrosine kinase inhibitor, VEGFR inhibitor","EGFR, EPHA1, EPHA10, EPHA2, EPHA3, EPHA4, EPHA5, EPHA6, EPHA7, EPHA8, EPHB1, EPHB2, EPHB3, EPHB4, EPHB6, ERBB2, ERBB3, ERBB4, FLT1, FLT4, KDR, PTK6, RET, SRC, TEK, VEGFA",467,"vandetanib | egfr inhibitor, ret tyrosine kinase inhibitor, vegfr inhibitor | egfr, epha1, epha10, epha2, epha3, epha4, epha5, epha6, epha7, epha8, ephb1, ephb2, ephb3, ephb4, ephb6, erbb2, erbb3, erbb4, flt1, flt4, kdr, ptk6, ret, src, tek, vegfa | oncology | medullary thyroid cancer (mtc)",other,False,False,False,PRISM Secondary dose-response,False
BRD-K32501161-300-06-2,vanoxerine,dopamine uptake inhibitor,SLC6A3,470,vanoxerine | dopamine uptake inhibitor | slc6a3 |  | ,other,False,False,False,PRISM Secondary dose-response,False
BRD-K70163715-300-05-7,vatalanib,"KIT inhibitor, PDGFR tyrosine kinase receptor inhibitor, VEGFR inhibitor","EGFR, FLT1, FLT4, KDR, PDGFRB",461,"vatalanib | kit inhibitor, pdgfr tyrosine kinase receptor inhibitor, vegfr inhibitor | egfr, flt1, flt4, kdr, pdgfrb |  | ",other,False,False,False,PRISM Secondary dose-response,False
BRD-K56343971-001-10-6,vemurafenib,RAF inhibitor,"BRAF, RAF1",343,"vemurafenib | raf inhibitor | braf, raf1 | oncology | melanoma",other,False,False,False,PRISM Secondary dose-response,False
BRD-K56343971-001-14-8,vemurafenib,RAF inhibitor,"BRAF, RAF1",431,"vemurafenib | raf inhibitor | braf, raf1 | oncology | melanoma",other,False,False,False,PRISM Secondary dose-response,False
BRD-K72093121-001-16-3,vidarabine,antiviral,ADA,436,"vidarabine | antiviral | ada | infectious disease | virus herpes simplex (hsv), varicella-zoster virus (vzv)",other,False,False,False,PRISM Secondary dose-response,False
BRD-K89704198-001-12-3,vincamine,adrenergic receptor antagonist,"CHRM1, CHRM2, CHRM3, CHRM4",454,"vincamine | adrenergic receptor antagonist | chrm1, chrm2, chrm3, chrm4 |  | ",other,False,False,False,PRISM Secondary dose-response,False
BRD-K44827188-001-06-0,vismodegib,"hedgehog pathway inhibitor, smoothened receptor antagonist",SMO,467,"vismodegib | hedgehog pathway inhibitor, smoothened receptor antagonist | smo | oncology | basal cell carcinoma (bcc)",other,False,False,False,PRISM Secondary dose-response,False
BRD-K69776681-001-03-8,volasertib,PLK inhibitor,PLK1,477,volasertib | plk inhibitor | plk1 |  | ,other,False,False,False,PRISM Secondary dose-response,False
BRD-K81418486-001-44-2,vorinostat,HDAC inhibitor,"HDAC1, HDAC10, HDAC11, HDAC2, HDAC3, HDAC5, HDAC6, HDAC8, HDAC9",434,"vorinostat | hdac inhibitor | hdac1, hdac10, hdac11, hdac2, hdac3, hdac5, hdac6, hdac8, hdac9 | hematologic malignancy | cutaneous t-cell lymphoma (ctcl)",other,False,False,False,PRISM Secondary dose-response,False
BRD-K81418486-001-47-5,vorinostat,HDAC inhibitor,"HDAC1, HDAC10, HDAC11, HDAC2, HDAC3, HDAC5, HDAC6, HDAC8, HDAC9",457,"vorinostat | hdac inhibitor | hdac1, hdac10, hdac11, hdac2, hdac3, hdac5, hdac6, hdac8, hdac9 | hematologic malignancy | cutaneous t-cell lymphoma (ctcl)",other,False,False,False,PRISM Secondary dose-response,False
BRD-K56291712-001-01-0,voxtalisib,"mTOR inhibitor, PI3K inhibitor","MTOR, PIK3CA",466,"voxtalisib | mtor inhibitor, pi3k inhibitor | mtor, pik3ca |  | ",other,False,False,False,PRISM Secondary dose-response,False
BRD-A24514565-001-09-7,warfarin,vitamin K antagonist,VKORC1,425,"warfarin | vitamin k antagonist | vkorc1 | hematology, cardiology | deep vein thrombosis (dvt), pulmonary embolism (pe), atrial fibrillation (af), myocardial infarction",other,False,False,False,PRISM Secondary dose-response,False
BRD-K72815923-034-01-2,xanomeline,acetylcholine receptor agonist,"CHRM1, CHRM2, CHRM3, CHRM4, CHRM5, HTR1A, HTR1B, HTR1D, HTR1E, HTR1F, HTR2A, HTR2B, HTR2C, HTR6, HTR7",468,"xanomeline | acetylcholine receptor agonist | chrm1, chrm2, chrm3, chrm4, chrm5, htr1a, htr1b, htr1d, htr1e, htr1f, htr2a, htr2b, htr2c, htr6, htr7 |  | ",other,False,False,False,PRISM Secondary dose-response,False
BRD-K79633074-001-01-8,xilobam,,,436,xilobam |  |  |  | ,other,False,False,False,PRISM Secondary dose-response,False
BRD-K21565985-001-22-5,xylazine,adrenergic receptor agonist,"ADRA2A, ADRA2B, ADRA2C",425,"xylazine | adrenergic receptor agonist | adra2a, adra2b, adra2c | neurology/psychiatry | anesthetic",other,False,False,False,PRISM Secondary dose-response,False
BRD-A26032986-050-02-1,zaldaride,calmodulin antagonist,CALM1,455,zaldaride | calmodulin antagonist | calm1 |  | ,other,False,False,False,PRISM Secondary dose-response,False
BRD-K92657060-001-05-7,zaleplon,benzodiazepine receptor agonist,"GABRA1, GABRB1, GABRG2, TSPO",453,"zaleplon | benzodiazepine receptor agonist | gabra1, gabrb1, gabrg2, tspo | neurology/psychiatry | insomnia",other,False,False,False,PRISM Secondary dose-response,False
BRD-K37561857-001-15-5,zardaverine,phosphodiesterase inhibitor,PDE4D,464,zardaverine | phosphodiesterase inhibitor | pde4d |  | ,other,False,False,False,PRISM Secondary dose-response,False
BRD-K29582115-066-01-2,ziprasidone,"dopamine receptor antagonist, serotonin receptor antagonist","ADRA1A, ADRA1B, ADRA2A, ADRA2B, ADRA2C, CHRM1, CHRM2, CHRM3, CHRM4, CHRM5, DRD1, DRD2, DRD3, DRD4, DRD5, HRH1, HTR1A, HTR1B, HTR1D, HTR1E, HTR2A, HTR2C, HTR3A, HTR6, HTR7, SLC6A4",451,"ziprasidone | dopamine receptor antagonist, serotonin receptor antagonist | adra1a, adra1b, adra2a, adra2b, adra2c, chrm1, chrm2, chrm3, chrm4, chrm5, drd1, drd2, drd3, drd4, drd5, hrh1, htr1a, htr1b, htr1d, htr1e, htr2a, htr2c, htr3a, htr6, htr7, slc6a4 | neurology/psychiatry | schizophrenia, bipolar disorder",other,False,False,False,PRISM Secondary dose-response,False
BRD-K08996725-332-01-7,zolantidine,histamine receptor antagonist,,247,zolantidine | histamine receptor antagonist |  |  | ,other,False,False,False,PRISM Secondary dose-response,False
BRD-K54314721-001-10-2,zolmitriptan,serotonin receptor agonist,"HTR1A, HTR1B, HTR1D, HTR1E, HTR1F",443,"zolmitriptan | serotonin receptor agonist | htr1a, htr1b, htr1d, htr1e, htr1f | neurology/psychiatry | migraine headache",other,False,False,False,PRISM Secondary dose-response,False
BRD-K07359318-001-03-9,benfotiamine,antioxidant,AGER,396,benfotiamine | antioxidant | ager | rheumatology | lumbago,strict repair/protective,True,True,False,PRISM Secondary dose-response,True
BRD-K47114202-001-14-6,chlorogenic-acid,antioxidant,SLC37A4,462,"chlorogenic-acid | antioxidant | slc37a4 | neurology/psychiatry, pulmonary, allergy | headache, chest congestion, allergic rhinitis",strict repair/protective,True,True,False,PRISM Secondary dose-response,True
BRD-K49954789-001-02-9,mesna,antioxidant,,445,mesna | antioxidant |  | urology | hemorrhagic cystitis,strict repair/protective,True,True,False,PRISM Secondary dose-response,True
BRD-K20482099-001-09-4,rutin,"antioxidant, capillary stabilizing agent, nitric oxide scavenger",AKR1C3,466,"rutin | antioxidant, capillary stabilizing agent, nitric oxide scavenger | akr1c3 | rheumatology, otolaryngology, gastroenterology, neurology/psychiatry, allergy | joint pain, nasal congestion, constipation, irritability, allergic rhinitis",strict repair/protective,True,True,False,PRISM Secondary dose-response,True
BRD-K51474575-001-10-4,taurine,antioxidant,,385,"taurine | antioxidant |  | neurology/psychiatry | anxiety, irritability, sleeplessness",strict repair/protective,True,True,False,PRISM Secondary dose-response,True
BRD-A17846016-001-13-9,trolox,antioxidant,,391,trolox | antioxidant |  |  | ,strict repair/protective,True,True,False,PRISM Secondary dose-response,True
